0 verbose cli /opt/homebrew/Cellar/node@20/20.19.0_1/bin/node /opt/homebrew/opt/node@20/bin/npm
1 info using npm@10.8.2
2 info using node@v20.19.0
3 silly config load:file:/opt/homebrew/Cellar/node@20/20.19.0_1/lib/node_modules/npm/npmrc
4 silly config load:file:/Users/k1zzle/Desktop/velou-shopping-assistant/.npmrc
5 silly config load:file:/Users/k1zzle/.npmrc
6 silly config load:file:/opt/homebrew/etc/npmrc
7 verbose title npm install
8 verbose argv "install"
9 verbose logfile logs-max:10 dir:/Users/k1zzle/Desktop/velou-shopping-assistant/.npm-cache/_logs/2025-11-19T16_49_19_199Z-
10 verbose logfile /Users/k1zzle/Desktop/velou-shopping-assistant/.npm-cache/_logs/2025-11-19T16_49_19_199Z-debug-0.log
11 silly packumentCache heap:4345298944 maxSize:1086324736 maxEntrySize:543162368
12 silly logfile done cleaning log files
13 silly idealTree buildDeps
14 silly fetch manifest @prisma/client@^5.19.1
15 silly packumentCache full:https://registry.npmjs.org/@prisma%2fclient cache-miss
16 verbose shrinkwrap failed to load node_modules/.package-lock.json out of date, updated: node_modules
17 http fetch GET 200 https://registry.npmjs.org/@prisma%2fclient 188ms (cache revalidated)
18 silly packumentCache full:https://registry.npmjs.org/@prisma%2fclient set size:65135455 disposed:false
19 silly fetch manifest prisma@^5.19.1
20 silly packumentCache full:https://registry.npmjs.org/prisma cache-miss
21 http fetch GET 200 https://registry.npmjs.org/prisma 64ms (cache revalidated)
22 silly packumentCache full:https://registry.npmjs.org/prisma set size:41458536 disposed:false
23 silly fetch manifest tsx@^4.19.1
24 silly packumentCache full:https://registry.npmjs.org/tsx cache-miss
25 http fetch GET 200 https://registry.npmjs.org/tsx 33ms (cache revalidated)
26 silly packumentCache full:https://registry.npmjs.org/tsx set size:287318 disposed:false
27 silly placeDep ROOT @prisma/client@5.22.0 REPLACE for: velou-shopping-assistant@0.1.0 want: ^5.19.1
28 silly placeDep ROOT tsx@4.20.6 OK for: velou-shopping-assistant@0.1.0 want: ^4.19.1
29 silly fetch manifest esbuild@~0.25.0
30 silly packumentCache full:https://registry.npmjs.org/esbuild cache-miss
31 http fetch GET 200 https://registry.npmjs.org/esbuild 34ms (cache revalidated)
32 silly packumentCache full:https://registry.npmjs.org/esbuild set size:1234639 disposed:false
33 silly placeDep ROOT esbuild@0.25.12 OK for: tsx@4.20.6 want: ~0.25.0
34 silly fetch manifest @esbuild/aix-ppc64@0.25.12
35 silly packumentCache full:https://registry.npmjs.org/@esbuild%2faix-ppc64 cache-miss
36 silly fetch manifest @esbuild/linux-arm@0.25.12
37 silly packumentCache full:https://registry.npmjs.org/@esbuild%2flinux-arm cache-miss
38 silly fetch manifest @esbuild/linux-x64@0.25.12
39 silly packumentCache full:https://registry.npmjs.org/@esbuild%2flinux-x64 cache-miss
40 silly fetch manifest @esbuild/sunos-x64@0.25.12
41 silly packumentCache full:https://registry.npmjs.org/@esbuild%2fsunos-x64 cache-miss
42 silly fetch manifest @esbuild/win32-x64@0.25.12
43 silly packumentCache full:https://registry.npmjs.org/@esbuild%2fwin32-x64 cache-miss
44 silly fetch manifest @esbuild/darwin-x64@0.25.12
45 silly packumentCache full:https://registry.npmjs.org/@esbuild%2fdarwin-x64 cache-miss
46 silly fetch manifest @esbuild/linux-ia32@0.25.12
47 silly packumentCache full:https://registry.npmjs.org/@esbuild%2flinux-ia32 cache-miss
48 http fetch GET 200 https://registry.npmjs.org/@esbuild%2faix-ppc64 51ms (cache revalidated)
49 silly packumentCache full:https://registry.npmjs.org/@esbuild%2faix-ppc64 set size:51056 disposed:false
50 silly fetch manifest @esbuild/netbsd-x64@0.25.12
51 silly packumentCache full:https://registry.npmjs.org/@esbuild%2fnetbsd-x64 cache-miss
52 http fetch GET 200 https://registry.npmjs.org/@esbuild%2fsunos-x64 75ms (cache revalidated)
53 silly packumentCache full:https://registry.npmjs.org/@esbuild%2fsunos-x64 set size:182527 disposed:false
54 silly fetch manifest @esbuild/win32-ia32@0.25.12
55 silly packumentCache full:https://registry.npmjs.org/@esbuild%2fwin32-ia32 cache-miss
56 http fetch GET 200 https://registry.npmjs.org/@esbuild%2flinux-x64 79ms (cache revalidated)
57 silly packumentCache full:https://registry.npmjs.org/@esbuild%2flinux-x64 set size:182307 disposed:false
58 silly fetch manifest @esbuild/android-arm@0.25.12
59 silly packumentCache full:https://registry.npmjs.org/@esbuild%2fandroid-arm cache-miss
60 http fetch GET 200 https://registry.npmjs.org/@esbuild%2flinux-arm 83ms (cache revalidated)
61 silly packumentCache full:https://registry.npmjs.org/@esbuild%2flinux-arm set size:181984 disposed:false
62 silly fetch manifest @esbuild/android-x64@0.25.12
63 silly packumentCache full:https://registry.npmjs.org/@esbuild%2fandroid-x64 cache-miss
64 http fetch GET 200 https://registry.npmjs.org/@esbuild%2fdarwin-x64 83ms (cache revalidated)
65 silly packumentCache full:https://registry.npmjs.org/@esbuild%2fdarwin-x64 set size:182962 disposed:false
66 silly fetch manifest @esbuild/freebsd-x64@0.25.12
67 silly packumentCache full:https://registry.npmjs.org/@esbuild%2ffreebsd-x64 cache-miss
68 http fetch GET 200 https://registry.npmjs.org/@esbuild%2flinux-ia32 84ms (cache revalidated)
69 silly packumentCache full:https://registry.npmjs.org/@esbuild%2flinux-ia32 set size:182913 disposed:false
70 silly fetch manifest @esbuild/linux-arm64@0.25.12
71 silly packumentCache full:https://registry.npmjs.org/@esbuild%2flinux-arm64 cache-miss
72 http fetch GET 200 https://registry.npmjs.org/@esbuild%2fwin32-x64 86ms (cache revalidated)
73 silly packumentCache full:https://registry.npmjs.org/@esbuild%2fwin32-x64 set size:182530 disposed:false
74 silly fetch manifest @esbuild/linux-ppc64@0.25.12
75 silly packumentCache full:https://registry.npmjs.org/@esbuild%2flinux-ppc64 cache-miss
76 http fetch GET 200 https://registry.npmjs.org/@esbuild%2fnetbsd-x64 42ms (cache revalidated)
77 silly packumentCache full:https://registry.npmjs.org/@esbuild%2fnetbsd-x64 set size:180836 disposed:false
78 silly fetch manifest @esbuild/linux-s390x@0.25.12
79 silly packumentCache full:https://registry.npmjs.org/@esbuild%2flinux-s390x cache-miss
80 http fetch GET 200 https://registry.npmjs.org/@esbuild%2fwin32-ia32 53ms (cache revalidated)
81 silly packumentCache full:https://registry.npmjs.org/@esbuild%2fwin32-ia32 set size:183125 disposed:false
82 silly fetch manifest @esbuild/openbsd-x64@0.25.12
83 silly packumentCache full:https://registry.npmjs.org/@esbuild%2fopenbsd-x64 cache-miss
84 http fetch GET 200 https://registry.npmjs.org/@esbuild%2fandroid-arm 54ms (cache revalidated)
85 silly packumentCache full:https://registry.npmjs.org/@esbuild%2fandroid-arm set size:208555 disposed:false
86 silly fetch manifest @esbuild/win32-arm64@0.25.12
87 silly packumentCache full:https://registry.npmjs.org/@esbuild%2fwin32-arm64 cache-miss
88 http fetch GET 200 https://registry.npmjs.org/@esbuild%2flinux-arm64 50ms (cache revalidated)
89 silly packumentCache full:https://registry.npmjs.org/@esbuild%2flinux-arm64 set size:183952 disposed:false
90 silly fetch manifest @esbuild/darwin-arm64@0.25.12
91 silly packumentCache full:https://registry.npmjs.org/@esbuild%2fdarwin-arm64 cache-miss
92 http fetch GET 200 https://registry.npmjs.org/@esbuild%2fandroid-x64 53ms (cache revalidated)
93 silly packumentCache full:https://registry.npmjs.org/@esbuild%2fandroid-x64 set size:182358 disposed:false
94 silly fetch manifest @esbuild/netbsd-arm64@0.25.12
95 silly packumentCache full:https://registry.npmjs.org/@esbuild%2fnetbsd-arm64 cache-miss
96 http fetch GET 200 https://registry.npmjs.org/@esbuild%2flinux-ppc64 52ms (cache revalidated)
97 silly packumentCache full:https://registry.npmjs.org/@esbuild%2flinux-ppc64 set size:185846 disposed:false
98 silly fetch manifest @esbuild/android-arm64@0.25.12
99 silly packumentCache full:https://registry.npmjs.org/@esbuild%2fandroid-arm64 cache-miss
100 http fetch GET 200 https://registry.npmjs.org/@esbuild%2flinux-s390x 46ms (cache revalidated)
101 silly packumentCache full:https://registry.npmjs.org/@esbuild%2flinux-s390x set size:185358 disposed:false
102 silly fetch manifest @esbuild/freebsd-arm64@0.25.12
103 silly packumentCache full:https://registry.npmjs.org/@esbuild%2ffreebsd-arm64 cache-miss
104 http fetch GET 200 https://registry.npmjs.org/@esbuild%2ffreebsd-x64 61ms (cache revalidated)
105 silly packumentCache full:https://registry.npmjs.org/@esbuild%2ffreebsd-x64 set size:183768 disposed:false
106 silly fetch manifest @esbuild/linux-loong64@0.25.12
107 silly packumentCache full:https://registry.npmjs.org/@esbuild%2flinux-loong64 cache-miss
108 http fetch GET 200 https://registry.npmjs.org/@esbuild%2fnetbsd-arm64 42ms (cache revalidated)
109 silly packumentCache full:https://registry.npmjs.org/@esbuild%2fnetbsd-arm64 set size:27408 disposed:false
110 silly fetch manifest @esbuild/linux-riscv64@0.25.12
111 silly packumentCache full:https://registry.npmjs.org/@esbuild%2flinux-riscv64 cache-miss
112 http fetch GET 200 https://registry.npmjs.org/@esbuild%2fopenbsd-x64 52ms (cache revalidated)
113 silly packumentCache full:https://registry.npmjs.org/@esbuild%2fopenbsd-x64 set size:183771 disposed:false
114 silly fetch manifest @esbuild/openbsd-arm64@0.25.12
115 silly packumentCache full:https://registry.npmjs.org/@esbuild%2fopenbsd-arm64 cache-miss
116 http fetch GET 200 https://registry.npmjs.org/@esbuild%2fandroid-arm64 52ms (cache revalidated)
117 silly packumentCache full:https://registry.npmjs.org/@esbuild%2fandroid-arm64 set size:187235 disposed:false
118 silly fetch manifest @esbuild/linux-mips64el@0.25.12
119 silly packumentCache full:https://registry.npmjs.org/@esbuild%2flinux-mips64el cache-miss
120 http fetch GET 200 https://registry.npmjs.org/@esbuild%2fwin32-arm64 60ms (cache revalidated)
121 silly packumentCache full:https://registry.npmjs.org/@esbuild%2fwin32-arm64 set size:184167 disposed:false
122 silly fetch manifest @esbuild/openharmony-arm64@0.25.12
123 silly packumentCache full:https://registry.npmjs.org/@esbuild%2fopenharmony-arm64 cache-miss
124 http fetch GET 200 https://registry.npmjs.org/@esbuild%2flinux-loong64 49ms (cache revalidated)
125 silly packumentCache full:https://registry.npmjs.org/@esbuild%2flinux-loong64 set size:238725 disposed:false
126 http fetch GET 200 https://registry.npmjs.org/@esbuild%2ffreebsd-arm64 58ms (cache revalidated)
127 silly packumentCache full:https://registry.npmjs.org/@esbuild%2ffreebsd-arm64 set size:185403 disposed:false
128 http fetch GET 200 https://registry.npmjs.org/@esbuild%2fdarwin-arm64 65ms (cache revalidated)
129 silly packumentCache full:https://registry.npmjs.org/@esbuild%2fdarwin-arm64 set size:184580 disposed:false
130 http fetch GET 200 https://registry.npmjs.org/@esbuild%2flinux-riscv64 36ms (cache revalidated)
131 silly packumentCache full:https://registry.npmjs.org/@esbuild%2flinux-riscv64 set size:185523 disposed:false
132 http fetch GET 200 https://registry.npmjs.org/@esbuild%2flinux-mips64el 42ms (cache revalidated)
133 silly packumentCache full:https://registry.npmjs.org/@esbuild%2flinux-mips64el set size:187453 disposed:false
134 http fetch GET 200 https://registry.npmjs.org/@esbuild%2fopenbsd-arm64 55ms (cache revalidated)
135 silly packumentCache full:https://registry.npmjs.org/@esbuild%2fopenbsd-arm64 set size:32662 disposed:false
136 http fetch GET 200 https://registry.npmjs.org/@esbuild%2fopenharmony-arm64 51ms (cache revalidated)
137 silly packumentCache full:https://registry.npmjs.org/@esbuild%2fopenharmony-arm64 set size:15916 disposed:false
138 silly placeDep ROOT @esbuild/aix-ppc64@0.25.12 OK for: esbuild@0.25.12 want: 0.25.12
139 silly placeDep ROOT @esbuild/android-arm@0.25.12 OK for: esbuild@0.25.12 want: 0.25.12
140 silly placeDep ROOT @esbuild/android-arm64@0.25.12 OK for: esbuild@0.25.12 want: 0.25.12
141 silly placeDep ROOT @esbuild/android-x64@0.25.12 OK for: esbuild@0.25.12 want: 0.25.12
142 silly placeDep ROOT @esbuild/darwin-arm64@0.25.12 OK for: esbuild@0.25.12 want: 0.25.12
143 silly placeDep ROOT @esbuild/darwin-x64@0.25.12 OK for: esbuild@0.25.12 want: 0.25.12
144 silly placeDep ROOT @esbuild/freebsd-arm64@0.25.12 OK for: esbuild@0.25.12 want: 0.25.12
145 silly placeDep ROOT @esbuild/freebsd-x64@0.25.12 OK for: esbuild@0.25.12 want: 0.25.12
146 silly placeDep ROOT @esbuild/linux-arm@0.25.12 OK for: esbuild@0.25.12 want: 0.25.12
147 silly placeDep ROOT @esbuild/linux-arm64@0.25.12 OK for: esbuild@0.25.12 want: 0.25.12
148 silly placeDep ROOT @esbuild/linux-ia32@0.25.12 OK for: esbuild@0.25.12 want: 0.25.12
149 silly placeDep ROOT @esbuild/linux-loong64@0.25.12 OK for: esbuild@0.25.12 want: 0.25.12
150 silly placeDep ROOT @esbuild/linux-mips64el@0.25.12 OK for: esbuild@0.25.12 want: 0.25.12
151 silly placeDep ROOT @esbuild/linux-ppc64@0.25.12 OK for: esbuild@0.25.12 want: 0.25.12
152 silly placeDep ROOT @esbuild/linux-riscv64@0.25.12 OK for: esbuild@0.25.12 want: 0.25.12
153 silly placeDep ROOT @esbuild/linux-s390x@0.25.12 OK for: esbuild@0.25.12 want: 0.25.12
154 silly placeDep ROOT @esbuild/linux-x64@0.25.12 OK for: esbuild@0.25.12 want: 0.25.12
155 silly placeDep ROOT @esbuild/netbsd-arm64@0.25.12 OK for: esbuild@0.25.12 want: 0.25.12
156 silly placeDep ROOT @esbuild/netbsd-x64@0.25.12 OK for: esbuild@0.25.12 want: 0.25.12
157 silly placeDep ROOT @esbuild/openbsd-arm64@0.25.12 OK for: esbuild@0.25.12 want: 0.25.12
158 silly placeDep ROOT @esbuild/openbsd-x64@0.25.12 OK for: esbuild@0.25.12 want: 0.25.12
159 silly placeDep ROOT @esbuild/openharmony-arm64@0.25.12 OK for: esbuild@0.25.12 want: 0.25.12
160 silly placeDep ROOT @esbuild/sunos-x64@0.25.12 OK for: esbuild@0.25.12 want: 0.25.12
161 silly placeDep ROOT @esbuild/win32-arm64@0.25.12 OK for: esbuild@0.25.12 want: 0.25.12
162 silly placeDep ROOT @esbuild/win32-ia32@0.25.12 OK for: esbuild@0.25.12 want: 0.25.12
163 silly placeDep ROOT @esbuild/win32-x64@0.25.12 OK for: esbuild@0.25.12 want: 0.25.12
164 silly reify mark retired [
164 silly reify   '/Users/k1zzle/Desktop/velou-shopping-assistant/node_modules/lightningcss-darwin-x64'
164 silly reify ]
165 silly reify mark retired [
165 silly reify   '/Users/k1zzle/Desktop/velou-shopping-assistant/node_modules/lightningcss-android-arm64'
165 silly reify ]
166 silly reify mark retired [
166 silly reify   '/Users/k1zzle/Desktop/velou-shopping-assistant/node_modules/lightningcss-freebsd-x64'
166 silly reify ]
167 silly reify mark retired [
167 silly reify   '/Users/k1zzle/Desktop/velou-shopping-assistant/node_modules/lightningcss-linux-arm64-gnu'
167 silly reify ]
168 silly reify mark retired [
168 silly reify   '/Users/k1zzle/Desktop/velou-shopping-assistant/node_modules/lightningcss-linux-arm-gnueabihf'
168 silly reify ]
169 silly reify mark retired [
169 silly reify   '/Users/k1zzle/Desktop/velou-shopping-assistant/node_modules/lightningcss-linux-arm64-musl'
169 silly reify ]
170 silly reify mark retired [
170 silly reify   '/Users/k1zzle/Desktop/velou-shopping-assistant/node_modules/lightningcss-linux-x64-gnu'
170 silly reify ]
171 silly reify mark retired [
171 silly reify   '/Users/k1zzle/Desktop/velou-shopping-assistant/node_modules/lightningcss-linux-x64-musl'
171 silly reify ]
172 silly reify mark retired [
172 silly reify   '/Users/k1zzle/Desktop/velou-shopping-assistant/node_modules/lightningcss-win32-x64-msvc'
172 silly reify ]
173 silly reify mark retired [
173 silly reify   '/Users/k1zzle/Desktop/velou-shopping-assistant/node_modules/lightningcss-win32-arm64-msvc'
173 silly reify ]
174 silly reify mark retired [
174 silly reify   '/Users/k1zzle/Desktop/velou-shopping-assistant/node_modules/@esbuild/android-arm64'
174 silly reify ]
175 silly reify mark retired [
175 silly reify   '/Users/k1zzle/Desktop/velou-shopping-assistant/node_modules/@esbuild/android-x64'
175 silly reify ]
176 silly reify mark retired [
176 silly reify   '/Users/k1zzle/Desktop/velou-shopping-assistant/node_modules/@esbuild/darwin-x64'
176 silly reify ]
177 silly reify mark retired [
177 silly reify   '/Users/k1zzle/Desktop/velou-shopping-assistant/node_modules/@esbuild/freebsd-arm64'
177 silly reify ]
178 silly reify mark retired [
178 silly reify   '/Users/k1zzle/Desktop/velou-shopping-assistant/node_modules/@esbuild/freebsd-x64'
178 silly reify ]
179 silly reify mark retired [
179 silly reify   '/Users/k1zzle/Desktop/velou-shopping-assistant/node_modules/@esbuild/aix-ppc64'
179 silly reify ]
180 silly reify mark retired [
180 silly reify   '/Users/k1zzle/Desktop/velou-shopping-assistant/node_modules/@esbuild/linux-ia32'
180 silly reify ]
181 silly reify mark retired [
181 silly reify   '/Users/k1zzle/Desktop/velou-shopping-assistant/node_modules/@esbuild/linux-arm'
181 silly reify ]
182 silly reify mark retired [
182 silly reify   '/Users/k1zzle/Desktop/velou-shopping-assistant/node_modules/@esbuild/linux-loong64'
182 silly reify ]
183 silly reify mark retired [
183 silly reify   '/Users/k1zzle/Desktop/velou-shopping-assistant/node_modules/@esbuild/linux-arm64'
183 silly reify ]
184 silly reify mark retired [
184 silly reify   '/Users/k1zzle/Desktop/velou-shopping-assistant/node_modules/@esbuild/linux-mips64el'
184 silly reify ]
185 silly reify mark retired [
185 silly reify   '/Users/k1zzle/Desktop/velou-shopping-assistant/node_modules/@esbuild/linux-ppc64'
185 silly reify ]
186 silly reify mark retired [
186 silly reify   '/Users/k1zzle/Desktop/velou-shopping-assistant/node_modules/@esbuild/linux-s390x'
186 silly reify ]
187 silly reify mark retired [
187 silly reify   '/Users/k1zzle/Desktop/velou-shopping-assistant/node_modules/@esbuild/linux-x64'
187 silly reify ]
188 silly reify mark retired [
188 silly reify   '/Users/k1zzle/Desktop/velou-shopping-assistant/node_modules/@esbuild/linux-riscv64'
188 silly reify ]
189 silly reify mark retired [
189 silly reify   '/Users/k1zzle/Desktop/velou-shopping-assistant/node_modules/@esbuild/netbsd-arm64'
189 silly reify ]
190 silly reify mark retired [
190 silly reify   '/Users/k1zzle/Desktop/velou-shopping-assistant/node_modules/@esbuild/netbsd-x64'
190 silly reify ]
191 silly reify mark retired [
191 silly reify   '/Users/k1zzle/Desktop/velou-shopping-assistant/node_modules/@esbuild/openbsd-x64'
191 silly reify ]
192 silly reify mark retired [
192 silly reify   '/Users/k1zzle/Desktop/velou-shopping-assistant/node_modules/@esbuild/openbsd-arm64'
192 silly reify ]
193 silly reify mark retired [
193 silly reify   '/Users/k1zzle/Desktop/velou-shopping-assistant/node_modules/@esbuild/openharmony-arm64'
193 silly reify ]
194 silly reify mark retired [
194 silly reify   '/Users/k1zzle/Desktop/velou-shopping-assistant/node_modules/@esbuild/sunos-x64'
194 silly reify ]
195 silly reify mark retired [
195 silly reify   '/Users/k1zzle/Desktop/velou-shopping-assistant/node_modules/@esbuild/win32-arm64'
195 silly reify ]
196 silly reify mark retired [
196 silly reify   '/Users/k1zzle/Desktop/velou-shopping-assistant/node_modules/@esbuild/win32-ia32'
196 silly reify ]
197 silly reify mark retired [
197 silly reify   '/Users/k1zzle/Desktop/velou-shopping-assistant/node_modules/@esbuild/android-arm'
197 silly reify ]
198 silly reify mark retired [
198 silly reify   '/Users/k1zzle/Desktop/velou-shopping-assistant/node_modules/@esbuild/win32-x64'
198 silly reify ]
199 silly reify mark retired [
199 silly reify   '/Users/k1zzle/Desktop/velou-shopping-assistant/node_modules/@img/sharp-darwin-x64'
199 silly reify ]
200 silly reify mark retired [
200 silly reify   '/Users/k1zzle/Desktop/velou-shopping-assistant/node_modules/@img/sharp-libvips-darwin-x64'
200 silly reify ]
201 silly reify mark retired [
201 silly reify   '/Users/k1zzle/Desktop/velou-shopping-assistant/node_modules/@img/sharp-libvips-linux-arm'
201 silly reify ]
202 silly reify mark retired [
202 silly reify   '/Users/k1zzle/Desktop/velou-shopping-assistant/node_modules/@img/sharp-libvips-linux-arm64'
202 silly reify ]
203 silly reify mark retired [
203 silly reify   '/Users/k1zzle/Desktop/velou-shopping-assistant/node_modules/@img/sharp-libvips-linux-ppc64'
203 silly reify ]
204 silly reify mark retired [
204 silly reify   '/Users/k1zzle/Desktop/velou-shopping-assistant/node_modules/@img/sharp-libvips-linux-riscv64'
204 silly reify ]
205 silly reify mark retired [
205 silly reify   '/Users/k1zzle/Desktop/velou-shopping-assistant/node_modules/@img/sharp-libvips-linux-x64'
205 silly reify ]
206 silly reify mark retired [
206 silly reify   '/Users/k1zzle/Desktop/velou-shopping-assistant/node_modules/@img/sharp-libvips-linuxmusl-arm64'
206 silly reify ]
207 silly reify mark retired [
207 silly reify   '/Users/k1zzle/Desktop/velou-shopping-assistant/node_modules/@img/sharp-libvips-linux-s390x'
207 silly reify ]
208 silly reify mark retired [
208 silly reify   '/Users/k1zzle/Desktop/velou-shopping-assistant/node_modules/@img/sharp-linux-arm64'
208 silly reify ]
209 silly reify mark retired [
209 silly reify   '/Users/k1zzle/Desktop/velou-shopping-assistant/node_modules/@img/sharp-libvips-linuxmusl-x64'
209 silly reify ]
210 silly reify mark retired [
210 silly reify   '/Users/k1zzle/Desktop/velou-shopping-assistant/node_modules/@img/sharp-linux-ppc64'
210 silly reify ]
211 silly reify mark retired [
211 silly reify   '/Users/k1zzle/Desktop/velou-shopping-assistant/node_modules/@img/sharp-linux-riscv64'
211 silly reify ]
212 silly reify mark retired [
212 silly reify   '/Users/k1zzle/Desktop/velou-shopping-assistant/node_modules/@img/sharp-linux-s390x'
212 silly reify ]
213 silly reify mark retired [
213 silly reify   '/Users/k1zzle/Desktop/velou-shopping-assistant/node_modules/@img/sharp-linux-x64'
213 silly reify ]
214 silly reify mark retired [
214 silly reify   '/Users/k1zzle/Desktop/velou-shopping-assistant/node_modules/@img/sharp-linuxmusl-arm64'
214 silly reify ]
215 silly reify mark retired [
215 silly reify   '/Users/k1zzle/Desktop/velou-shopping-assistant/node_modules/@img/sharp-linuxmusl-x64'
215 silly reify ]
216 silly reify mark retired [
216 silly reify   '/Users/k1zzle/Desktop/velou-shopping-assistant/node_modules/@img/sharp-wasm32'
216 silly reify ]
217 silly reify mark retired [
217 silly reify   '/Users/k1zzle/Desktop/velou-shopping-assistant/node_modules/@img/sharp-win32-arm64'
217 silly reify ]
218 silly reify mark retired [
218 silly reify   '/Users/k1zzle/Desktop/velou-shopping-assistant/node_modules/@img/sharp-win32-ia32'
218 silly reify ]
219 silly reify mark retired [
219 silly reify   '/Users/k1zzle/Desktop/velou-shopping-assistant/node_modules/@img/sharp-win32-x64'
219 silly reify ]
220 silly reify mark retired [
220 silly reify   '/Users/k1zzle/Desktop/velou-shopping-assistant/node_modules/@next/swc-darwin-x64'
220 silly reify ]
221 silly reify mark retired [
221 silly reify   '/Users/k1zzle/Desktop/velou-shopping-assistant/node_modules/@next/swc-linux-arm64-gnu'
221 silly reify ]
222 silly reify mark retired [
222 silly reify   '/Users/k1zzle/Desktop/velou-shopping-assistant/node_modules/@img/sharp-linux-arm'
222 silly reify ]
223 silly reify mark retired [
223 silly reify   '/Users/k1zzle/Desktop/velou-shopping-assistant/node_modules/@next/swc-linux-arm64-musl'
223 silly reify ]
224 silly reify mark retired [
224 silly reify   '/Users/k1zzle/Desktop/velou-shopping-assistant/node_modules/@next/swc-linux-x64-gnu'
224 silly reify ]
225 silly reify mark retired [
225 silly reify   '/Users/k1zzle/Desktop/velou-shopping-assistant/node_modules/@next/swc-linux-x64-musl'
225 silly reify ]
226 silly reify mark retired [
226 silly reify   '/Users/k1zzle/Desktop/velou-shopping-assistant/node_modules/@next/swc-win32-arm64-msvc'
226 silly reify ]
227 silly reify mark retired [
227 silly reify   '/Users/k1zzle/Desktop/velou-shopping-assistant/node_modules/@next/swc-win32-x64-msvc'
227 silly reify ]
228 silly reify mark retired [
228 silly reify   '/Users/k1zzle/Desktop/velou-shopping-assistant/node_modules/@tailwindcss/oxide-android-arm64'
228 silly reify ]
229 silly reify mark retired [
229 silly reify   '/Users/k1zzle/Desktop/velou-shopping-assistant/node_modules/@tailwindcss/oxide-freebsd-x64'
229 silly reify ]
230 silly reify mark retired [
230 silly reify   '/Users/k1zzle/Desktop/velou-shopping-assistant/node_modules/@tailwindcss/oxide-linux-arm64-gnu'
230 silly reify ]
231 silly reify mark retired [
231 silly reify   '/Users/k1zzle/Desktop/velou-shopping-assistant/node_modules/@tailwindcss/oxide-darwin-x64'
231 silly reify ]
232 silly reify mark retired [
232 silly reify   '/Users/k1zzle/Desktop/velou-shopping-assistant/node_modules/@tailwindcss/oxide-linux-arm-gnueabihf'
232 silly reify ]
233 silly reify mark retired [
233 silly reify   '/Users/k1zzle/Desktop/velou-shopping-assistant/node_modules/@tailwindcss/oxide-linux-arm64-musl'
233 silly reify ]
234 silly reify mark retired [
234 silly reify   '/Users/k1zzle/Desktop/velou-shopping-assistant/node_modules/@tailwindcss/oxide-linux-x64-gnu'
234 silly reify ]
235 silly reify mark retired [
235 silly reify   '/Users/k1zzle/Desktop/velou-shopping-assistant/node_modules/@tailwindcss/oxide-linux-x64-musl'
235 silly reify ]
236 silly reify mark retired [
236 silly reify   '/Users/k1zzle/Desktop/velou-shopping-assistant/node_modules/@tailwindcss/oxide-wasm32-wasi'
236 silly reify ]
237 silly reify mark retired [
237 silly reify   '/Users/k1zzle/Desktop/velou-shopping-assistant/node_modules/@tailwindcss/oxide-win32-arm64-msvc'
237 silly reify ]
238 silly reify mark retired [
238 silly reify   '/Users/k1zzle/Desktop/velou-shopping-assistant/node_modules/@tailwindcss/oxide-win32-x64-msvc'
238 silly reify ]
239 silly reify mark retired [
239 silly reify   '/Users/k1zzle/Desktop/velou-shopping-assistant/node_modules/@unrs/resolver-binding-android-arm-eabi'
239 silly reify ]
240 silly reify mark retired [
240 silly reify   '/Users/k1zzle/Desktop/velou-shopping-assistant/node_modules/@unrs/resolver-binding-android-arm64'
240 silly reify ]
241 silly reify mark retired [
241 silly reify   '/Users/k1zzle/Desktop/velou-shopping-assistant/node_modules/@unrs/resolver-binding-darwin-x64'
241 silly reify ]
242 silly reify mark retired [
242 silly reify   '/Users/k1zzle/Desktop/velou-shopping-assistant/node_modules/@unrs/resolver-binding-freebsd-x64'
242 silly reify ]
243 silly reify mark retired [
243 silly reify   '/Users/k1zzle/Desktop/velou-shopping-assistant/node_modules/@unrs/resolver-binding-linux-arm-gnueabihf'
243 silly reify ]
244 silly reify mark retired [
244 silly reify   '/Users/k1zzle/Desktop/velou-shopping-assistant/node_modules/@unrs/resolver-binding-linux-arm-musleabihf'
244 silly reify ]
245 silly reify mark retired [
245 silly reify   '/Users/k1zzle/Desktop/velou-shopping-assistant/node_modules/@unrs/resolver-binding-linux-arm64-gnu'
245 silly reify ]
246 silly reify mark retired [
246 silly reify   '/Users/k1zzle/Desktop/velou-shopping-assistant/node_modules/@unrs/resolver-binding-linux-arm64-musl'
246 silly reify ]
247 silly reify mark retired [
247 silly reify   '/Users/k1zzle/Desktop/velou-shopping-assistant/node_modules/@unrs/resolver-binding-linux-ppc64-gnu'
247 silly reify ]
248 silly reify mark retired [
248 silly reify   '/Users/k1zzle/Desktop/velou-shopping-assistant/node_modules/@unrs/resolver-binding-linux-riscv64-gnu'
248 silly reify ]
249 silly reify mark retired [
249 silly reify   '/Users/k1zzle/Desktop/velou-shopping-assistant/node_modules/@unrs/resolver-binding-linux-riscv64-musl'
249 silly reify ]
250 silly reify mark retired [
250 silly reify   '/Users/k1zzle/Desktop/velou-shopping-assistant/node_modules/@unrs/resolver-binding-linux-s390x-gnu'
250 silly reify ]
251 silly reify mark retired [
251 silly reify   '/Users/k1zzle/Desktop/velou-shopping-assistant/node_modules/@unrs/resolver-binding-linux-x64-gnu'
251 silly reify ]
252 silly reify mark retired [
252 silly reify   '/Users/k1zzle/Desktop/velou-shopping-assistant/node_modules/@unrs/resolver-binding-linux-x64-musl'
252 silly reify ]
253 silly reify mark retired [
253 silly reify   '/Users/k1zzle/Desktop/velou-shopping-assistant/node_modules/@unrs/resolver-binding-wasm32-wasi'
253 silly reify ]
254 silly reify mark retired [
254 silly reify   '/Users/k1zzle/Desktop/velou-shopping-assistant/node_modules/@unrs/resolver-binding-win32-arm64-msvc'
254 silly reify ]
255 silly reify mark retired [
255 silly reify   '/Users/k1zzle/Desktop/velou-shopping-assistant/node_modules/@unrs/resolver-binding-win32-ia32-msvc'
255 silly reify ]
256 silly reify mark retired [
256 silly reify   '/Users/k1zzle/Desktop/velou-shopping-assistant/node_modules/@unrs/resolver-binding-win32-x64-msvc'
256 silly reify ]
257 silly reify mark retired [
257 silly reify   '/Users/k1zzle/Desktop/velou-shopping-assistant/node_modules/esbuild',
257 silly reify   '/Users/k1zzle/Desktop/velou-shopping-assistant/node_modules/.bin/esbuild'
257 silly reify ]
258 silly reify mark retired [
258 silly reify   '/Users/k1zzle/Desktop/velou-shopping-assistant/node_modules/tsx',
258 silly reify   '/Users/k1zzle/Desktop/velou-shopping-assistant/node_modules/.bin/tsx'
258 silly reify ]
259 silly reify mark retired [
259 silly reify   '/Users/k1zzle/Desktop/velou-shopping-assistant/node_modules/@esbuild/darwin-arm64'
259 silly reify ]
260 silly reify mark retired [
260 silly reify   '/Users/k1zzle/Desktop/velou-shopping-assistant/node_modules/@prisma/client'
260 silly reify ]
261 silly reify moves {
261 silly reify   '/Users/k1zzle/Desktop/velou-shopping-assistant/node_modules/lightningcss-darwin-x64': '/Users/k1zzle/Desktop/velou-shopping-assistant/node_modules/.lightningcss-darwin-x64-8sXJ96jz',
261 silly reify   '/Users/k1zzle/Desktop/velou-shopping-assistant/node_modules/lightningcss-android-arm64': '/Users/k1zzle/Desktop/velou-shopping-assistant/node_modules/.lightningcss-android-arm64-knCZ36mQ',
261 silly reify   '/Users/k1zzle/Desktop/velou-shopping-assistant/node_modules/lightningcss-freebsd-x64': '/Users/k1zzle/Desktop/velou-shopping-assistant/node_modules/.lightningcss-freebsd-x64-OjEQ5KCT',
261 silly reify   '/Users/k1zzle/Desktop/velou-shopping-assistant/node_modules/lightningcss-linux-arm64-gnu': '/Users/k1zzle/Desktop/velou-shopping-assistant/node_modules/.lightningcss-linux-arm64-gnu-phbjNHOz',
261 silly reify   '/Users/k1zzle/Desktop/velou-shopping-assistant/node_modules/lightningcss-linux-arm-gnueabihf': '/Users/k1zzle/Desktop/velou-shopping-assistant/node_modules/.lightningcss-linux-arm-gnueabihf-rBHd02Hy',
261 silly reify   '/Users/k1zzle/Desktop/velou-shopping-assistant/node_modules/lightningcss-linux-arm64-musl': '/Users/k1zzle/Desktop/velou-shopping-assistant/node_modules/.lightningcss-linux-arm64-musl-WawF0SVn',
261 silly reify   '/Users/k1zzle/Desktop/velou-shopping-assistant/node_modules/lightningcss-linux-x64-gnu': '/Users/k1zzle/Desktop/velou-shopping-assistant/node_modules/.lightningcss-linux-x64-gnu-VblUh7mM',
261 silly reify   '/Users/k1zzle/Desktop/velou-shopping-assistant/node_modules/lightningcss-linux-x64-musl': '/Users/k1zzle/Desktop/velou-shopping-assistant/node_modules/.lightningcss-linux-x64-musl-zOPgxAVc',
261 silly reify   '/Users/k1zzle/Desktop/velou-shopping-assistant/node_modules/lightningcss-win32-x64-msvc': '/Users/k1zzle/Desktop/velou-shopping-assistant/node_modules/.lightningcss-win32-x64-msvc-DGXskQgR',
261 silly reify   '/Users/k1zzle/Desktop/velou-shopping-assistant/node_modules/lightningcss-win32-arm64-msvc': '/Users/k1zzle/Desktop/velou-shopping-assistant/node_modules/.lightningcss-win32-arm64-msvc-0kfJXgG7',
261 silly reify   '/Users/k1zzle/Desktop/velou-shopping-assistant/node_modules/@esbuild/android-arm64': '/Users/k1zzle/Desktop/velou-shopping-assistant/node_modules/@esbuild/.android-arm64-KifrgpaD',
261 silly reify   '/Users/k1zzle/Desktop/velou-shopping-assistant/node_modules/@esbuild/android-x64': '/Users/k1zzle/Desktop/velou-shopping-assistant/node_modules/@esbuild/.android-x64-gCuBxiz1',
261 silly reify   '/Users/k1zzle/Desktop/velou-shopping-assistant/node_modules/@esbuild/darwin-x64': '/Users/k1zzle/Desktop/velou-shopping-assistant/node_modules/@esbuild/.darwin-x64-O0RaErla',
261 silly reify   '/Users/k1zzle/Desktop/velou-shopping-assistant/node_modules/@esbuild/freebsd-arm64': '/Users/k1zzle/Desktop/velou-shopping-assistant/node_modules/@esbuild/.freebsd-arm64-l6x7b6JO',
261 silly reify   '/Users/k1zzle/Desktop/velou-shopping-assistant/node_modules/@esbuild/freebsd-x64': '/Users/k1zzle/Desktop/velou-shopping-assistant/node_modules/@esbuild/.freebsd-x64-pHjhbTWZ',
261 silly reify   '/Users/k1zzle/Desktop/velou-shopping-assistant/node_modules/@esbuild/aix-ppc64': '/Users/k1zzle/Desktop/velou-shopping-assistant/node_modules/@esbuild/.aix-ppc64-C9PzGNxN',
261 silly reify   '/Users/k1zzle/Desktop/velou-shopping-assistant/node_modules/@esbuild/linux-ia32': '/Users/k1zzle/Desktop/velou-shopping-assistant/node_modules/@esbuild/.linux-ia32-VWb0oe54',
261 silly reify   '/Users/k1zzle/Desktop/velou-shopping-assistant/node_modules/@esbuild/linux-arm': '/Users/k1zzle/Desktop/velou-shopping-assistant/node_modules/@esbuild/.linux-arm-Vf6lAukN',
261 silly reify   '/Users/k1zzle/Desktop/velou-shopping-assistant/node_modules/@esbuild/linux-loong64': '/Users/k1zzle/Desktop/velou-shopping-assistant/node_modules/@esbuild/.linux-loong64-GLsAZToI',
261 silly reify   '/Users/k1zzle/Desktop/velou-shopping-assistant/node_modules/@esbuild/linux-arm64': '/Users/k1zzle/Desktop/velou-shopping-assistant/node_modules/@esbuild/.linux-arm64-9vsm4EaT',
261 silly reify   '/Users/k1zzle/Desktop/velou-shopping-assistant/node_modules/@esbuild/linux-mips64el': '/Users/k1zzle/Desktop/velou-shopping-assistant/node_modules/@esbuild/.linux-mips64el-iLEyZIjb',
261 silly reify   '/Users/k1zzle/Desktop/velou-shopping-assistant/node_modules/@esbuild/linux-ppc64': '/Users/k1zzle/Desktop/velou-shopping-assistant/node_modules/@esbuild/.linux-ppc64-SeMcqRVi',
261 silly reify   '/Users/k1zzle/Desktop/velou-shopping-assistant/node_modules/@esbuild/linux-s390x': '/Users/k1zzle/Desktop/velou-shopping-assistant/node_modules/@esbuild/.linux-s390x-vD41OkVH',
261 silly reify   '/Users/k1zzle/Desktop/velou-shopping-assistant/node_modules/@esbuild/linux-x64': '/Users/k1zzle/Desktop/velou-shopping-assistant/node_modules/@esbuild/.linux-x64-OEIPIX6m',
261 silly reify   '/Users/k1zzle/Desktop/velou-shopping-assistant/node_modules/@esbuild/linux-riscv64': '/Users/k1zzle/Desktop/velou-shopping-assistant/node_modules/@esbuild/.linux-riscv64-lq3bvQS5',
261 silly reify   '/Users/k1zzle/Desktop/velou-shopping-assistant/node_modules/@esbuild/netbsd-arm64': '/Users/k1zzle/Desktop/velou-shopping-assistant/node_modules/@esbuild/.netbsd-arm64-RZ7V68Ld',
261 silly reify   '/Users/k1zzle/Desktop/velou-shopping-assistant/node_modules/@esbuild/netbsd-x64': '/Users/k1zzle/Desktop/velou-shopping-assistant/node_modules/@esbuild/.netbsd-x64-Ha3jmox4',
261 silly reify   '/Users/k1zzle/Desktop/velou-shopping-assistant/node_modules/@esbuild/openbsd-x64': '/Users/k1zzle/Desktop/velou-shopping-assistant/node_modules/@esbuild/.openbsd-x64-ESv5DqpD',
261 silly reify   '/Users/k1zzle/Desktop/velou-shopping-assistant/node_modules/@esbuild/openbsd-arm64': '/Users/k1zzle/Desktop/velou-shopping-assistant/node_modules/@esbuild/.openbsd-arm64-7gW82IMc',
261 silly reify   '/Users/k1zzle/Desktop/velou-shopping-assistant/node_modules/@esbuild/openharmony-arm64': '/Users/k1zzle/Desktop/velou-shopping-assistant/node_modules/@esbuild/.openharmony-arm64-BJQbVxxh',
261 silly reify   '/Users/k1zzle/Desktop/velou-shopping-assistant/node_modules/@esbuild/sunos-x64': '/Users/k1zzle/Desktop/velou-shopping-assistant/node_modules/@esbuild/.sunos-x64-ASEkx42z',
261 silly reify   '/Users/k1zzle/Desktop/velou-shopping-assistant/node_modules/@esbuild/win32-arm64': '/Users/k1zzle/Desktop/velou-shopping-assistant/node_modules/@esbuild/.win32-arm64-sPvIcFjz',
261 silly reify   '/Users/k1zzle/Desktop/velou-shopping-assistant/node_modules/@esbuild/win32-ia32': '/Users/k1zzle/Desktop/velou-shopping-assistant/node_modules/@esbuild/.win32-ia32-1iq0UBcB',
261 silly reify   '/Users/k1zzle/Desktop/velou-shopping-assistant/node_modules/@esbuild/android-arm': '/Users/k1zzle/Desktop/velou-shopping-assistant/node_modules/@esbuild/.android-arm-20WVvD1B',
261 silly reify   '/Users/k1zzle/Desktop/velou-shopping-assistant/node_modules/@esbuild/win32-x64': '/Users/k1zzle/Desktop/velou-shopping-assistant/node_modules/@esbuild/.win32-x64-Zx3l6ljQ',
261 silly reify   '/Users/k1zzle/Desktop/velou-shopping-assistant/node_modules/@img/sharp-darwin-x64': '/Users/k1zzle/Desktop/velou-shopping-assistant/node_modules/@img/.sharp-darwin-x64-0pBBZwZd',
261 silly reify   '/Users/k1zzle/Desktop/velou-shopping-assistant/node_modules/@img/sharp-libvips-darwin-x64': '/Users/k1zzle/Desktop/velou-shopping-assistant/node_modules/@img/.sharp-libvips-darwin-x64-oA77Ltk4',
261 silly reify   '/Users/k1zzle/Desktop/velou-shopping-assistant/node_modules/@img/sharp-libvips-linux-arm': '/Users/k1zzle/Desktop/velou-shopping-assistant/node_modules/@img/.sharp-libvips-linux-arm-LIDynIxL',
261 silly reify   '/Users/k1zzle/Desktop/velou-shopping-assistant/node_modules/@img/sharp-libvips-linux-arm64': '/Users/k1zzle/Desktop/velou-shopping-assistant/node_modules/@img/.sharp-libvips-linux-arm64-5zGu5XUW',
261 silly reify   '/Users/k1zzle/Desktop/velou-shopping-assistant/node_modules/@img/sharp-libvips-linux-ppc64': '/Users/k1zzle/Desktop/velou-shopping-assistant/node_modules/@img/.sharp-libvips-linux-ppc64-WeHQnavU',
261 silly reify   '/Users/k1zzle/Desktop/velou-shopping-assistant/node_modules/@img/sharp-libvips-linux-riscv64': '/Users/k1zzle/Desktop/velou-shopping-assistant/node_modules/@img/.sharp-libvips-linux-riscv64-LI3Pumz1',
261 silly reify   '/Users/k1zzle/Desktop/velou-shopping-assistant/node_modules/@img/sharp-libvips-linux-x64': '/Users/k1zzle/Desktop/velou-shopping-assistant/node_modules/@img/.sharp-libvips-linux-x64-F4s9YXYk',
261 silly reify   '/Users/k1zzle/Desktop/velou-shopping-assistant/node_modules/@img/sharp-libvips-linuxmusl-arm64': '/Users/k1zzle/Desktop/velou-shopping-assistant/node_modules/@img/.sharp-libvips-linuxmusl-arm64-FtVppeRU',
261 silly reify   '/Users/k1zzle/Desktop/velou-shopping-assistant/node_modules/@img/sharp-libvips-linux-s390x': '/Users/k1zzle/Desktop/velou-shopping-assistant/node_modules/@img/.sharp-libvips-linux-s390x-TO9sThzV',
261 silly reify   '/Users/k1zzle/Desktop/velou-shopping-assistant/node_modules/@img/sharp-linux-arm64': '/Users/k1zzle/Desktop/velou-shopping-assistant/node_modules/@img/.sharp-linux-arm64-sazczwhl',
261 silly reify   '/Users/k1zzle/Desktop/velou-shopping-assistant/node_modules/@img/sharp-libvips-linuxmusl-x64': '/Users/k1zzle/Desktop/velou-shopping-assistant/node_modules/@img/.sharp-libvips-linuxmusl-x64-B1F9PAki',
261 silly reify   '/Users/k1zzle/Desktop/velou-shopping-assistant/node_modules/@img/sharp-linux-ppc64': '/Users/k1zzle/Desktop/velou-shopping-assistant/node_modules/@img/.sharp-linux-ppc64-9TZ1kwnz',
261 silly reify   '/Users/k1zzle/Desktop/velou-shopping-assistant/node_modules/@img/sharp-linux-riscv64': '/Users/k1zzle/Desktop/velou-shopping-assistant/node_modules/@img/.sharp-linux-riscv64-cAMbYCHp',
261 silly reify   '/Users/k1zzle/Desktop/velou-shopping-assistant/node_modules/@img/sharp-linux-s390x': '/Users/k1zzle/Desktop/velou-shopping-assistant/node_modules/@img/.sharp-linux-s390x-JbGSkPRC',
261 silly reify   '/Users/k1zzle/Desktop/velou-shopping-assistant/node_modules/@img/sharp-linux-x64': '/Users/k1zzle/Desktop/velou-shopping-assistant/node_modules/@img/.sharp-linux-x64-ffBoLRhU',
261 silly reify   '/Users/k1zzle/Desktop/velou-shopping-assistant/node_modules/@img/sharp-linuxmusl-arm64': '/Users/k1zzle/Desktop/velou-shopping-assistant/node_modules/@img/.sharp-linuxmusl-arm64-8vcRr1LA',
261 silly reify   '/Users/k1zzle/Desktop/velou-shopping-assistant/node_modules/@img/sharp-linuxmusl-x64': '/Users/k1zzle/Desktop/velou-shopping-assistant/node_modules/@img/.sharp-linuxmusl-x64-EMDyLYZ9',
261 silly reify   '/Users/k1zzle/Desktop/velou-shopping-assistant/node_modules/@img/sharp-wasm32': '/Users/k1zzle/Desktop/velou-shopping-assistant/node_modules/@img/.sharp-wasm32-FxrWANcy',
261 silly reify   '/Users/k1zzle/Desktop/velou-shopping-assistant/node_modules/@img/sharp-win32-arm64': '/Users/k1zzle/Desktop/velou-shopping-assistant/node_modules/@img/.sharp-win32-arm64-PQJorTEw',
261 silly reify   '/Users/k1zzle/Desktop/velou-shopping-assistant/node_modules/@img/sharp-win32-ia32': '/Users/k1zzle/Desktop/velou-shopping-assistant/node_modules/@img/.sharp-win32-ia32-AvvHWAqE',
261 silly reify   '/Users/k1zzle/Desktop/velou-shopping-assistant/node_modules/@img/sharp-win32-x64': '/Users/k1zzle/Desktop/velou-shopping-assistant/node_modules/@img/.sharp-win32-x64-pR5UkJLz',
261 silly reify   '/Users/k1zzle/Desktop/velou-shopping-assistant/node_modules/@next/swc-darwin-x64': '/Users/k1zzle/Desktop/velou-shopping-assistant/node_modules/@next/.swc-darwin-x64-Jm3KVJqz',
261 silly reify   '/Users/k1zzle/Desktop/velou-shopping-assistant/node_modules/@next/swc-linux-arm64-gnu': '/Users/k1zzle/Desktop/velou-shopping-assistant/node_modules/@next/.swc-linux-arm64-gnu-WO0N1qCl',
261 silly reify   '/Users/k1zzle/Desktop/velou-shopping-assistant/node_modules/@img/sharp-linux-arm': '/Users/k1zzle/Desktop/velou-shopping-assistant/node_modules/@img/.sharp-linux-arm-Wlqt2yZZ',
261 silly reify   '/Users/k1zzle/Desktop/velou-shopping-assistant/node_modules/@next/swc-linux-arm64-musl': '/Users/k1zzle/Desktop/velou-shopping-assistant/node_modules/@next/.swc-linux-arm64-musl-BJYC5gZk',
261 silly reify   '/Users/k1zzle/Desktop/velou-shopping-assistant/node_modules/@next/swc-linux-x64-gnu': '/Users/k1zzle/Desktop/velou-shopping-assistant/node_modules/@next/.swc-linux-x64-gnu-sJPyyAxg',
261 silly reify   '/Users/k1zzle/Desktop/velou-shopping-assistant/node_modules/@next/swc-linux-x64-musl': '/Users/k1zzle/Desktop/velou-shopping-assistant/node_modules/@next/.swc-linux-x64-musl-GYDX20S8',
261 silly reify   '/Users/k1zzle/Desktop/velou-shopping-assistant/node_modules/@next/swc-win32-arm64-msvc': '/Users/k1zzle/Desktop/velou-shopping-assistant/node_modules/@next/.swc-win32-arm64-msvc-mDkTGiw1',
261 silly reify   '/Users/k1zzle/Desktop/velou-shopping-assistant/node_modules/@next/swc-win32-x64-msvc': '/Users/k1zzle/Desktop/velou-shopping-assistant/node_modules/@next/.swc-win32-x64-msvc-imQCtceT',
261 silly reify   '/Users/k1zzle/Desktop/velou-shopping-assistant/node_modules/@tailwindcss/oxide-android-arm64': '/Users/k1zzle/Desktop/velou-shopping-assistant/node_modules/@tailwindcss/.oxide-android-arm64-3RPI9Ze1',
261 silly reify   '/Users/k1zzle/Desktop/velou-shopping-assistant/node_modules/@tailwindcss/oxide-freebsd-x64': '/Users/k1zzle/Desktop/velou-shopping-assistant/node_modules/@tailwindcss/.oxide-freebsd-x64-S9HcCcfr',
261 silly reify   '/Users/k1zzle/Desktop/velou-shopping-assistant/node_modules/@tailwindcss/oxide-linux-arm64-gnu': '/Users/k1zzle/Desktop/velou-shopping-assistant/node_modules/@tailwindcss/.oxide-linux-arm64-gnu-gc5WJeFC',
261 silly reify   '/Users/k1zzle/Desktop/velou-shopping-assistant/node_modules/@tailwindcss/oxide-darwin-x64': '/Users/k1zzle/Desktop/velou-shopping-assistant/node_modules/@tailwindcss/.oxide-darwin-x64-eAnO52Q8',
261 silly reify   '/Users/k1zzle/Desktop/velou-shopping-assistant/node_modules/@tailwindcss/oxide-linux-arm-gnueabihf': '/Users/k1zzle/Desktop/velou-shopping-assistant/node_modules/@tailwindcss/.oxide-linux-arm-gnueabihf-cvUWsRGh',
261 silly reify   '/Users/k1zzle/Desktop/velou-shopping-assistant/node_modules/@tailwindcss/oxide-linux-arm64-musl': '/Users/k1zzle/Desktop/velou-shopping-assistant/node_modules/@tailwindcss/.oxide-linux-arm64-musl-JrCtuFvD',
261 silly reify   '/Users/k1zzle/Desktop/velou-shopping-assistant/node_modules/@tailwindcss/oxide-linux-x64-gnu': '/Users/k1zzle/Desktop/velou-shopping-assistant/node_modules/@tailwindcss/.oxide-linux-x64-gnu-MCO5Zi15',
261 silly reify   '/Users/k1zzle/Desktop/velou-shopping-assistant/node_modules/@tailwindcss/oxide-linux-x64-musl': '/Users/k1zzle/Desktop/velou-shopping-assistant/node_modules/@tailwindcss/.oxide-linux-x64-musl-vJSZOiQi',
261 silly reify   '/Users/k1zzle/Desktop/velou-shopping-assistant/node_modules/@tailwindcss/oxide-wasm32-wasi': '/Users/k1zzle/Desktop/velou-shopping-assistant/node_modules/@tailwindcss/.oxide-wasm32-wasi-nh7GmPZC',
261 silly reify   '/Users/k1zzle/Desktop/velou-shopping-assistant/node_modules/@tailwindcss/oxide-win32-arm64-msvc': '/Users/k1zzle/Desktop/velou-shopping-assistant/node_modules/@tailwindcss/.oxide-win32-arm64-msvc-d6mQIZwa',
261 silly reify   '/Users/k1zzle/Desktop/velou-shopping-assistant/node_modules/@tailwindcss/oxide-win32-x64-msvc': '/Users/k1zzle/Desktop/velou-shopping-assistant/node_modules/@tailwindcss/.oxide-win32-x64-msvc-Q79xxqVT',
261 silly reify   '/Users/k1zzle/Desktop/velou-shopping-assistant/node_modules/@unrs/resolver-binding-android-arm-eabi': '/Users/k1zzle/Desktop/velou-shopping-assistant/node_modules/@unrs/.resolver-binding-android-arm-eabi-IlpUY6FW',
261 silly reify   '/Users/k1zzle/Desktop/velou-shopping-assistant/node_modules/@unrs/resolver-binding-android-arm64': '/Users/k1zzle/Desktop/velou-shopping-assistant/node_modules/@unrs/.resolver-binding-android-arm64-GGuSBFyo',
261 silly reify   '/Users/k1zzle/Desktop/velou-shopping-assistant/node_modules/@unrs/resolver-binding-darwin-x64': '/Users/k1zzle/Desktop/velou-shopping-assistant/node_modules/@unrs/.resolver-binding-darwin-x64-53lmbOVe',
261 silly reify   '/Users/k1zzle/Desktop/velou-shopping-assistant/node_modules/@unrs/resolver-binding-freebsd-x64': '/Users/k1zzle/Desktop/velou-shopping-assistant/node_modules/@unrs/.resolver-binding-freebsd-x64-lNMqZ1vC',
261 silly reify   '/Users/k1zzle/Desktop/velou-shopping-assistant/node_modules/@unrs/resolver-binding-linux-arm-gnueabihf': '/Users/k1zzle/Desktop/velou-shopping-assistant/node_modules/@unrs/.resolver-binding-linux-arm-gnueabihf-3VLxdQxV',
261 silly reify   '/Users/k1zzle/Desktop/velou-shopping-assistant/node_modules/@unrs/resolver-binding-linux-arm-musleabihf': '/Users/k1zzle/Desktop/velou-shopping-assistant/node_modules/@unrs/.resolver-binding-linux-arm-musleabihf-IunGMhIX',
261 silly reify   '/Users/k1zzle/Desktop/velou-shopping-assistant/node_modules/@unrs/resolver-binding-linux-arm64-gnu': '/Users/k1zzle/Desktop/velou-shopping-assistant/node_modules/@unrs/.resolver-binding-linux-arm64-gnu-QzalZouX',
261 silly reify   '/Users/k1zzle/Desktop/velou-shopping-assistant/node_modules/@unrs/resolver-binding-linux-arm64-musl': '/Users/k1zzle/Desktop/velou-shopping-assistant/node_modules/@unrs/.resolver-binding-linux-arm64-musl-Gntmmb6h',
261 silly reify   '/Users/k1zzle/Desktop/velou-shopping-assistant/node_modules/@unrs/resolver-binding-linux-ppc64-gnu': '/Users/k1zzle/Desktop/velou-shopping-assistant/node_modules/@unrs/.resolver-binding-linux-ppc64-gnu-Q3y9MsZr',
261 silly reify   '/Users/k1zzle/Desktop/velou-shopping-assistant/node_modules/@unrs/resolver-binding-linux-riscv64-gnu': '/Users/k1zzle/Desktop/velou-shopping-assistant/node_modules/@unrs/.resolver-binding-linux-riscv64-gnu-940tu2HF',
261 silly reify   '/Users/k1zzle/Desktop/velou-shopping-assistant/node_modules/@unrs/resolver-binding-linux-riscv64-musl': '/Users/k1zzle/Desktop/velou-shopping-assistant/node_modules/@unrs/.resolver-binding-linux-riscv64-musl-4atB9iEh',
261 silly reify   '/Users/k1zzle/Desktop/velou-shopping-assistant/node_modules/@unrs/resolver-binding-linux-s390x-gnu': '/Users/k1zzle/Desktop/velou-shopping-assistant/node_modules/@unrs/.resolver-binding-linux-s390x-gnu-zQjEdFFq',
261 silly reify   '/Users/k1zzle/Desktop/velou-shopping-assistant/node_modules/@unrs/resolver-binding-linux-x64-gnu': '/Users/k1zzle/Desktop/velou-shopping-assistant/node_modules/@unrs/.resolver-binding-linux-x64-gnu-xU11KC6i',
261 silly reify   '/Users/k1zzle/Desktop/velou-shopping-assistant/node_modules/@unrs/resolver-binding-linux-x64-musl': '/Users/k1zzle/Desktop/velou-shopping-assistant/node_modules/@unrs/.resolver-binding-linux-x64-musl-c3fItb9v',
261 silly reify   '/Users/k1zzle/Desktop/velou-shopping-assistant/node_modules/@unrs/resolver-binding-wasm32-wasi': '/Users/k1zzle/Desktop/velou-shopping-assistant/node_modules/@unrs/.resolver-binding-wasm32-wasi-w0gKH70X',
261 silly reify   '/Users/k1zzle/Desktop/velou-shopping-assistant/node_modules/@unrs/resolver-binding-win32-arm64-msvc': '/Users/k1zzle/Desktop/velou-shopping-assistant/node_modules/@unrs/.resolver-binding-win32-arm64-msvc-i4PvUndP',
261 silly reify   '/Users/k1zzle/Desktop/velou-shopping-assistant/node_modules/@unrs/resolver-binding-win32-ia32-msvc': '/Users/k1zzle/Desktop/velou-shopping-assistant/node_modules/@unrs/.resolver-binding-win32-ia32-msvc-1nmXjkmp',
261 silly reify   '/Users/k1zzle/Desktop/velou-shopping-assistant/node_modules/@unrs/resolver-binding-win32-x64-msvc': '/Users/k1zzle/Desktop/velou-shopping-assistant/node_modules/@unrs/.resolver-binding-win32-x64-msvc-vgqj9jae',
261 silly reify   '/Users/k1zzle/Desktop/velou-shopping-assistant/node_modules/esbuild': '/Users/k1zzle/Desktop/velou-shopping-assistant/node_modules/.esbuild-iJNfZ0Vn',
261 silly reify   '/Users/k1zzle/Desktop/velou-shopping-assistant/node_modules/.bin/esbuild': '/Users/k1zzle/Desktop/velou-shopping-assistant/node_modules/.bin/.esbuild-w7jXsDrV',
261 silly reify   '/Users/k1zzle/Desktop/velou-shopping-assistant/node_modules/tsx': '/Users/k1zzle/Desktop/velou-shopping-assistant/node_modules/.tsx-nw58Msay',
261 silly reify   '/Users/k1zzle/Desktop/velou-shopping-assistant/node_modules/.bin/tsx': '/Users/k1zzle/Desktop/velou-shopping-assistant/node_modules/.bin/.tsx-NShhvtQt',
261 silly reify   '/Users/k1zzle/Desktop/velou-shopping-assistant/node_modules/@esbuild/darwin-arm64': '/Users/k1zzle/Desktop/velou-shopping-assistant/node_modules/@esbuild/.darwin-arm64-PxpfDRnh',
261 silly reify   '/Users/k1zzle/Desktop/velou-shopping-assistant/node_modules/@prisma/client': '/Users/k1zzle/Desktop/velou-shopping-assistant/node_modules/@prisma/.client-W9sssZi1'
261 silly reify }
262 verbose reify failed optional dependency /Users/k1zzle/Desktop/velou-shopping-assistant/node_modules/@tailwindcss/oxide-wasm32-wasi
263 silly reify mark deleted [
263 silly reify   '/Users/k1zzle/Desktop/velou-shopping-assistant/node_modules/@tailwindcss/oxide-wasm32-wasi'
263 silly reify ]
264 silly audit bulk request {
264 silly audit   '@alloc/quick-lru': [ '5.2.0' ],
264 silly audit   '@babel/code-frame': [ '7.27.1' ],
264 silly audit   '@babel/compat-data': [ '7.28.5' ],
264 silly audit   '@babel/core': [ '7.28.5' ],
264 silly audit   '@babel/generator': [ '7.28.5' ],
264 silly audit   '@babel/helper-compilation-targets': [ '7.27.2' ],
264 silly audit   '@babel/helper-globals': [ '7.28.0' ],
264 silly audit   '@babel/helper-module-imports': [ '7.27.1' ],
264 silly audit   '@babel/helper-module-transforms': [ '7.28.3' ],
264 silly audit   '@babel/helper-string-parser': [ '7.27.1' ],
264 silly audit   '@babel/helper-validator-identifier': [ '7.28.5' ],
264 silly audit   '@babel/helper-validator-option': [ '7.27.1' ],
264 silly audit   '@babel/helpers': [ '7.28.4' ],
264 silly audit   '@babel/parser': [ '7.28.5' ],
264 silly audit   '@babel/template': [ '7.27.2' ],
264 silly audit   '@babel/traverse': [ '7.28.5' ],
264 silly audit   '@babel/types': [ '7.28.5' ],
264 silly audit   '@emnapi/core': [ '1.7.1' ],
264 silly audit   '@emnapi/runtime': [ '1.7.1' ],
264 silly audit   '@emnapi/wasi-threads': [ '1.1.0' ],
264 silly audit   '@eslint-community/eslint-utils': [ '4.9.0' ],
264 silly audit   'eslint-visitor-keys': [ '3.4.3', '4.2.1' ],
264 silly audit   '@eslint-community/regexpp': [ '4.12.2' ],
264 silly audit   '@eslint/config-array': [ '0.21.1' ],
264 silly audit   '@eslint/config-helpers': [ '0.4.2' ],
264 silly audit   '@eslint/core': [ '0.17.0' ],
264 silly audit   '@eslint/eslintrc': [ '3.3.1' ],
264 silly audit   '@eslint/js': [ '9.39.1' ],
264 silly audit   '@eslint/object-schema': [ '2.1.7' ],
264 silly audit   '@eslint/plugin-kit': [ '0.4.1' ],
264 silly audit   '@humanfs/core': [ '0.19.1' ],
264 silly audit   '@humanfs/node': [ '0.16.7' ],
264 silly audit   '@humanwhocodes/module-importer': [ '1.0.1' ],
264 silly audit   '@humanwhocodes/retry': [ '0.4.3' ],
264 silly audit   '@img/colour': [ '1.0.0' ],
264 silly audit   '@img/sharp-darwin-arm64': [ '0.34.5' ],
264 silly audit   '@img/sharp-darwin-x64': [ '0.34.5' ],
264 silly audit   '@img/sharp-libvips-darwin-arm64': [ '1.2.4' ],
264 silly audit   '@img/sharp-libvips-darwin-x64': [ '1.2.4' ],
264 silly audit   '@img/sharp-libvips-linux-arm': [ '1.2.4' ],
264 silly audit   '@img/sharp-libvips-linux-arm64': [ '1.2.4' ],
264 silly audit   '@img/sharp-libvips-linux-ppc64': [ '1.2.4' ],
264 silly audit   '@img/sharp-libvips-linux-riscv64': [ '1.2.4' ],
264 silly audit   '@img/sharp-libvips-linux-s390x': [ '1.2.4' ],
264 silly audit   '@img/sharp-libvips-linux-x64': [ '1.2.4' ],
264 silly audit   '@img/sharp-libvips-linuxmusl-arm64': [ '1.2.4' ],
264 silly audit   '@img/sharp-libvips-linuxmusl-x64': [ '1.2.4' ],
264 silly audit   '@img/sharp-linux-arm': [ '0.34.5' ],
264 silly audit   '@img/sharp-linux-arm64': [ '0.34.5' ],
264 silly audit   '@img/sharp-linux-ppc64': [ '0.34.5' ],
264 silly audit   '@img/sharp-linux-riscv64': [ '0.34.5' ],
264 silly audit   '@img/sharp-linux-s390x': [ '0.34.5' ],
264 silly audit   '@img/sharp-linux-x64': [ '0.34.5' ],
264 silly audit   '@img/sharp-linuxmusl-arm64': [ '0.34.5' ],
264 silly audit   '@img/sharp-linuxmusl-x64': [ '0.34.5' ],
264 silly audit   '@img/sharp-wasm32': [ '0.34.5' ],
264 silly audit   '@img/sharp-win32-arm64': [ '0.34.5' ],
264 silly audit   '@img/sharp-win32-ia32': [ '0.34.5' ],
264 silly audit   '@img/sharp-win32-x64': [ '0.34.5' ],
264 silly audit   '@jridgewell/gen-mapping': [ '0.3.13' ],
264 silly audit   '@jridgewell/remapping': [ '2.3.5' ],
264 silly audit   '@jridgewell/resolve-uri': [ '3.1.2' ],
264 silly audit   '@jridgewell/sourcemap-codec': [ '1.5.5' ],
264 silly audit   '@jridgewell/trace-mapping': [ '0.3.31' ],
264 silly audit   '@napi-rs/wasm-runtime': [ '0.2.12' ],
264 silly audit   '@next/env': [ '16.0.3' ],
264 silly audit   '@next/eslint-plugin-next': [ '16.0.3' ],
264 silly audit   '@next/swc-darwin-arm64': [ '16.0.3' ],
264 silly audit   '@next/swc-darwin-x64': [ '16.0.3' ],
264 silly audit   '@next/swc-linux-arm64-gnu': [ '16.0.3' ],
264 silly audit   '@next/swc-linux-arm64-musl': [ '16.0.3' ],
264 silly audit   '@next/swc-linux-x64-gnu': [ '16.0.3' ],
264 silly audit   '@next/swc-linux-x64-musl': [ '16.0.3' ],
264 silly audit   '@next/swc-win32-arm64-msvc': [ '16.0.3' ],
264 silly audit   '@next/swc-win32-x64-msvc': [ '16.0.3' ],
264 silly audit   '@nodelib/fs.scandir': [ '2.1.5' ],
264 silly audit   '@nodelib/fs.stat': [ '2.0.5' ],
264 silly audit   '@nodelib/fs.walk': [ '1.2.8' ],
264 silly audit   '@nolyfill/is-core-module': [ '1.0.39' ],
264 silly audit   '@prisma/debug': [ '5.19.1' ],
264 silly audit   '@prisma/engines': [ '5.19.1' ],
264 silly audit   '@prisma/engines-version': [ '5.19.1-2.69d742ee20b815d88e17e54db4a2a7a3b30324e3' ],
264 silly audit   '@prisma/fetch-engine': [ '5.19.1' ],
264 silly audit   '@prisma/get-platform': [ '5.19.1' ],
264 silly audit   '@rtsao/scc': [ '1.1.0' ],
264 silly audit   '@swc/helpers': [ '0.5.15' ],
264 silly audit   '@tailwindcss/node': [ '4.1.17' ],
264 silly audit   '@tailwindcss/oxide': [ '4.1.17' ],
264 silly audit   '@tailwindcss/oxide-android-arm64': [ '4.1.17' ],
264 silly audit   '@tailwindcss/oxide-darwin-arm64': [ '4.1.17' ],
264 silly audit   '@tailwindcss/oxide-darwin-x64': [ '4.1.17' ],
264 silly audit   '@tailwindcss/oxide-freebsd-x64': [ '4.1.17' ],
264 silly audit   '@tailwindcss/oxide-linux-arm-gnueabihf': [ '4.1.17' ],
264 silly audit   '@tailwindcss/oxide-linux-arm64-gnu': [ '4.1.17' ],
264 silly audit   '@tailwindcss/oxide-linux-arm64-musl': [ '4.1.17' ],
264 silly audit   '@tailwindcss/oxide-linux-x64-gnu': [ '4.1.17' ],
264 silly audit   '@tailwindcss/oxide-linux-x64-musl': [ '4.1.17' ],
264 silly audit   '@tailwindcss/oxide-win32-arm64-msvc': [ '4.1.17' ],
264 silly audit   '@tailwindcss/oxide-win32-x64-msvc': [ '4.1.17' ],
264 silly audit   '@tailwindcss/postcss': [ '4.1.17' ],
264 silly audit   '@tybys/wasm-util': [ '0.10.1' ],
264 silly audit   '@types/estree': [ '1.0.8' ],
264 silly audit   '@types/json-schema': [ '7.0.15' ],
264 silly audit   '@types/json5': [ '0.0.29' ],
264 silly audit   '@types/node': [ '20.19.25' ],
264 silly audit   '@types/react': [ '19.2.6' ],
264 silly audit   '@types/react-dom': [ '19.2.3' ],
264 silly audit   '@typescript-eslint/eslint-plugin': [ '8.47.0' ],
264 silly audit   ignore: [ '7.0.5', '5.3.2' ],
264 silly audit   '@typescript-eslint/parser': [ '8.47.0' ],
264 silly audit   '@typescript-eslint/project-service': [ '8.47.0' ],
264 silly audit   '@typescript-eslint/scope-manager': [ '8.47.0' ],
264 silly audit   '@typescript-eslint/tsconfig-utils': [ '8.47.0' ],
264 silly audit   '@typescript-eslint/type-utils': [ '8.47.0' ],
264 silly audit   '@typescript-eslint/types': [ '8.47.0' ],
264 silly audit   '@typescript-eslint/typescript-estree': [ '8.47.0' ],
264 silly audit   'brace-expansion': [ '2.0.2', '1.1.12' ],
264 silly audit   'fast-glob': [ '3.3.3', '3.3.1' ],
264 silly audit   'glob-parent': [ '5.1.2', '6.0.2' ],
264 silly audit   minimatch: [ '9.0.5', '3.1.2' ],
264 silly audit   semver: [ '7.7.3', '6.3.1' ],
264 silly audit   '@typescript-eslint/utils': [ '8.47.0' ],
264 silly audit   '@typescript-eslint/visitor-keys': [ '8.47.0' ],
264 silly audit   '@unrs/resolver-binding-android-arm-eabi': [ '1.11.1' ],
264 silly audit   '@unrs/resolver-binding-android-arm64': [ '1.11.1' ],
264 silly audit   '@unrs/resolver-binding-darwin-arm64': [ '1.11.1' ],
264 silly audit   '@unrs/resolver-binding-darwin-x64': [ '1.11.1' ],
264 silly audit   '@unrs/resolver-binding-freebsd-x64': [ '1.11.1' ],
264 silly audit   '@unrs/resolver-binding-linux-arm-gnueabihf': [ '1.11.1' ],
264 silly audit   '@unrs/resolver-binding-linux-arm-musleabihf': [ '1.11.1' ],
264 silly audit   '@unrs/resolver-binding-linux-arm64-gnu': [ '1.11.1' ],
264 silly audit   '@unrs/resolver-binding-linux-arm64-musl': [ '1.11.1' ],
264 silly audit   '@unrs/resolver-binding-linux-ppc64-gnu': [ '1.11.1' ],
264 silly audit   '@unrs/resolver-binding-linux-riscv64-gnu': [ '1.11.1' ],
264 silly audit   '@unrs/resolver-binding-linux-riscv64-musl': [ '1.11.1' ],
264 silly audit   '@unrs/resolver-binding-linux-s390x-gnu': [ '1.11.1' ],
264 silly audit   '@unrs/resolver-binding-linux-x64-gnu': [ '1.11.1' ],
264 silly audit   '@unrs/resolver-binding-linux-x64-musl': [ '1.11.1' ],
264 silly audit   '@unrs/resolver-binding-wasm32-wasi': [ '1.11.1' ],
264 silly audit   '@unrs/resolver-binding-win32-arm64-msvc': [ '1.11.1' ],
264 silly audit   '@unrs/resolver-binding-win32-ia32-msvc': [ '1.11.1' ],
264 silly audit   '@unrs/resolver-binding-win32-x64-msvc': [ '1.11.1' ],
264 silly audit   acorn: [ '8.15.0' ],
264 silly audit   'acorn-jsx': [ '5.3.2' ],
264 silly audit   ajv: [ '6.12.6' ],
264 silly audit   'ansi-styles': [ '4.3.0' ],
264 silly audit   argparse: [ '2.0.1' ],
264 silly audit   'aria-query': [ '5.3.2' ],
264 silly audit   'array-buffer-byte-length': [ '1.0.2' ],
264 silly audit   'array-includes': [ '3.1.9' ],
264 silly audit   'array.prototype.findlast': [ '1.2.5' ],
264 silly audit   'array.prototype.findlastindex': [ '1.2.6' ],
264 silly audit   'array.prototype.flat': [ '1.3.3' ],
264 silly audit   'array.prototype.flatmap': [ '1.3.3' ],
264 silly audit   'array.prototype.tosorted': [ '1.1.4' ],
264 silly audit   'arraybuffer.prototype.slice': [ '1.0.4' ],
264 silly audit   'ast-types-flow': [ '0.0.8' ],
264 silly audit   'async-function': [ '1.0.0' ],
264 silly audit   'available-typed-arrays': [ '1.0.7' ],
264 silly audit   'axe-core': [ '4.11.0' ],
264 silly audit   'axobject-query': [ '4.1.0' ],
264 silly audit   'balanced-match': [ '1.0.2' ],
264 silly audit   'baseline-browser-mapping': [ '2.8.29' ],
264 silly audit   braces: [ '3.0.3' ],
264 silly audit   browserslist: [ '4.28.0' ],
264 silly audit   'call-bind': [ '1.0.8' ],
264 silly audit   'call-bind-apply-helpers': [ '1.0.2' ],
264 silly audit   'call-bound': [ '1.0.4' ],
264 silly audit   callsites: [ '3.1.0' ],
264 silly audit   'caniuse-lite': [ '1.0.30001756' ],
264 silly audit   chalk: [ '4.1.2' ],
264 silly audit   'client-only': [ '0.0.1' ],
264 silly audit   'color-convert': [ '2.0.1' ],
264 silly audit   'color-name': [ '1.1.4' ],
264 silly audit   'concat-map': [ '0.0.1' ],
264 silly audit   'convert-source-map': [ '2.0.0' ],
264 silly audit   'cross-spawn': [ '7.0.6' ],
264 silly audit   csstype: [ '3.2.3' ],
264 silly audit   'damerau-levenshtein': [ '1.0.8' ],
264 silly audit   'data-view-buffer': [ '1.0.2' ],
264 silly audit   'data-view-byte-length': [ '1.0.2' ],
264 silly audit   'data-view-byte-offset': [ '1.0.1' ],
264 silly audit   debug: [ '4.4.3', '3.2.7' ],
264 silly audit   'deep-is': [ '0.1.4' ],
264 silly audit   'define-data-property': [ '1.1.4' ],
264 silly audit   'define-properties': [ '1.2.1' ],
264 silly audit   'detect-libc': [ '2.1.2' ],
264 silly audit   doctrine: [ '2.1.0' ],
264 silly audit   'dunder-proto': [ '1.0.1' ],
264 silly audit   'electron-to-chromium': [ '1.5.256' ],
264 silly audit   'emoji-regex': [ '9.2.2' ],
264 silly audit   'enhanced-resolve': [ '5.18.3' ],
264 silly audit   'es-abstract': [ '1.24.0' ],
264 silly audit   'es-define-property': [ '1.0.1' ],
264 silly audit   'es-errors': [ '1.3.0' ],
264 silly audit   'es-iterator-helpers': [ '1.2.1' ],
264 silly audit   'es-object-atoms': [ '1.1.1' ],
264 silly audit   'es-set-tostringtag': [ '2.1.0' ],
264 silly audit   'es-shim-unscopables': [ '1.1.0' ],
264 silly audit   'es-to-primitive': [ '1.3.0' ],
264 silly audit   escalade: [ '3.2.0' ],
264 silly audit   'escape-string-regexp': [ '4.0.0' ],
264 silly audit   eslint: [ '9.39.1' ],
264 silly audit   'eslint-config-next': [ '16.0.3' ],
264 silly audit   globals: [ '16.4.0', '14.0.0' ],
264 silly audit   'eslint-import-resolver-node': [ '0.3.9' ],
264 silly audit   'eslint-import-resolver-typescript': [ '3.10.1' ],
264 silly audit   'eslint-module-utils': [ '2.12.1' ],
264 silly audit   'eslint-plugin-import': [ '2.32.0' ],
264 silly audit   'eslint-plugin-jsx-a11y': [ '6.10.2' ],
264 silly audit   'eslint-plugin-react': [ '7.37.5' ],
264 silly audit   'eslint-plugin-react-hooks': [ '7.0.1' ],
264 silly audit   resolve: [ '2.0.0-next.5', '1.22.11' ],
264 silly audit   'eslint-scope': [ '8.4.0' ],
264 silly audit   espree: [ '10.4.0' ],
264 silly audit   esquery: [ '1.6.0' ],
264 silly audit   esrecurse: [ '4.3.0' ],
264 silly audit   estraverse: [ '5.3.0' ],
264 silly audit   esutils: [ '2.0.3' ],
264 silly audit   'fast-deep-equal': [ '3.1.3' ],
264 silly audit   'fast-json-stable-stringify': [ '2.1.0' ],
264 silly audit   'fast-levenshtein': [ '2.0.6' ],
264 silly audit   fastq: [ '1.19.1' ],
264 silly audit   'file-entry-cache': [ '8.0.0' ],
264 silly audit   'fill-range': [ '7.1.1' ],
264 silly audit   'find-up': [ '5.0.0' ],
264 silly audit   'flat-cache': [ '4.0.1' ],
264 silly audit   flatted: [ '3.3.3' ],
264 silly audit   'for-each': [ '0.3.5' ],
264 silly audit   fsevents: [ '2.3.3' ],
264 silly audit   'function-bind': [ '1.1.2' ],
264 silly audit   'function.prototype.name': [ '1.1.8' ],
264 silly audit   'functions-have-names': [ '1.2.3' ],
264 silly audit   'generator-function': [ '2.0.1' ],
264 silly audit   gensync: [ '1.0.0-beta.2' ],
264 silly audit   'get-intrinsic': [ '1.3.0' ],
264 silly audit   'get-proto': [ '1.0.1' ],
264 silly audit   'get-symbol-description': [ '1.1.0' ],
264 silly audit   'get-tsconfig': [ '4.13.0' ],
264 silly audit   globalthis: [ '1.0.4' ],
264 silly audit   gopd: [ '1.2.0' ],
264 silly audit   'graceful-fs': [ '4.2.11' ],
264 silly audit   graphemer: [ '1.4.0' ],
264 silly audit   'has-bigints': [ '1.1.0' ],
264 silly audit   'has-flag': [ '4.0.0' ],
264 silly audit   'has-property-descriptors': [ '1.0.2' ],
264 silly audit   'has-proto': [ '1.2.0' ],
264 silly audit   'has-symbols': [ '1.1.0' ],
264 silly audit   'has-tostringtag': [ '1.0.2' ],
264 silly audit   hasown: [ '2.0.2' ],
264 silly audit   'hermes-estree': [ '0.25.1' ],
264 silly audit   'hermes-parser': [ '0.25.1' ],
264 silly audit   'import-fresh': [ '3.3.1' ],
264 silly audit   imurmurhash: [ '0.1.4' ],
264 silly audit   'internal-slot': [ '1.1.0' ],
264 silly audit   'is-array-buffer': [ '3.0.5' ],
264 silly audit   'is-async-function': [ '2.1.1' ],
264 silly audit   'is-bigint': [ '1.1.0' ],
264 silly audit   'is-boolean-object': [ '1.2.2' ],
264 silly audit   'is-bun-module': [ '2.0.0' ],
264 silly audit   'is-callable': [ '1.2.7' ],
264 silly audit   'is-core-module': [ '2.16.1' ],
264 silly audit   'is-data-view': [ '1.0.2' ],
264 silly audit   'is-date-object': [ '1.1.0' ],
264 silly audit   'is-extglob': [ '2.1.1' ],
264 silly audit   'is-finalizationregistry': [ '1.1.1' ],
264 silly audit   'is-generator-function': [ '1.1.2' ],
264 silly audit   'is-glob': [ '4.0.3' ],
264 silly audit   'is-map': [ '2.0.3' ],
264 silly audit   'is-negative-zero': [ '2.0.3' ],
264 silly audit   'is-number': [ '7.0.0' ],
264 silly audit   'is-number-object': [ '1.1.1' ],
264 silly audit   'is-regex': [ '1.2.1' ],
264 silly audit   'is-set': [ '2.0.3' ],
264 silly audit   'is-shared-array-buffer': [ '1.0.4' ],
264 silly audit   'is-string': [ '1.1.1' ],
264 silly audit   'is-symbol': [ '1.1.1' ],
264 silly audit   'is-typed-array': [ '1.1.15' ],
264 silly audit   'is-weakmap': [ '2.0.2' ],
264 silly audit   'is-weakref': [ '1.1.1' ],
264 silly audit   'is-weakset': [ '2.0.4' ],
264 silly audit   isarray: [ '2.0.5' ],
264 silly audit   isexe: [ '2.0.0' ],
264 silly audit   'iterator.prototype': [ '1.1.5' ],
264 silly audit   jiti: [ '2.6.1' ],
264 silly audit   'js-tokens': [ '4.0.0' ],
264 silly audit   'js-yaml': [ '4.1.1' ],
264 silly audit   jsesc: [ '3.1.0' ],
264 silly audit   'json-buffer': [ '3.0.1' ],
264 silly audit   'json-schema-traverse': [ '0.4.1' ],
264 silly audit   'json-stable-stringify-without-jsonify': [ '1.0.1' ],
264 silly audit   json5: [ '2.2.3', '1.0.2' ],
264 silly audit   'jsx-ast-utils': [ '3.3.5' ],
264 silly audit   keyv: [ '4.5.4' ],
264 silly audit   'language-subtag-registry': [ '0.3.23' ],
264 silly audit   'language-tags': [ '1.0.9' ],
264 silly audit   levn: [ '0.4.1' ],
264 silly audit   lightningcss: [ '1.30.2' ],
264 silly audit   'lightningcss-android-arm64': [ '1.30.2' ],
264 silly audit   'lightningcss-darwin-arm64': [ '1.30.2' ],
264 silly audit   'lightningcss-darwin-x64': [ '1.30.2' ],
264 silly audit   'lightningcss-freebsd-x64': [ '1.30.2' ],
264 silly audit   'lightningcss-linux-arm-gnueabihf': [ '1.30.2' ],
264 silly audit   'lightningcss-linux-arm64-gnu': [ '1.30.2' ],
264 silly audit   'lightningcss-linux-arm64-musl': [ '1.30.2' ],
264 silly audit   'lightningcss-linux-x64-gnu': [ '1.30.2' ],
264 silly audit   'lightningcss-linux-x64-musl': [ '1.30.2' ],
264 silly audit   'lightningcss-win32-arm64-msvc': [ '1.30.2' ],
264 silly audit   'lightningcss-win32-x64-msvc': [ '1.30.2' ],
264 silly audit   'locate-path': [ '6.0.0' ],
264 silly audit   'lodash.merge': [ '4.6.2' ],
264 silly audit   'loose-envify': [ '1.4.0' ],
264 silly audit   'lru-cache': [ '5.1.1' ],
264 silly audit   'magic-string': [ '0.30.21' ],
264 silly audit   'math-intrinsics': [ '1.1.0' ],
264 silly audit   merge2: [ '1.4.1' ],
264 silly audit   micromatch: [ '4.0.8' ],
264 silly audit   minimist: [ '1.2.8' ],
264 silly audit   ms: [ '2.1.3' ],
264 silly audit   nanoid: [ '3.3.11' ],
264 silly audit   'napi-postinstall': [ '0.3.4' ],
264 silly audit   'natural-compare': [ '1.4.0' ],
264 silly audit   next: [ '16.0.3' ],
264 silly audit   postcss: [ '8.4.31', '8.5.6' ],
264 silly audit   'node-releases': [ '2.0.27' ],
264 silly audit   'object-assign': [ '4.1.1' ],
264 silly audit   'object-inspect': [ '1.13.4' ],
264 silly audit   'object-keys': [ '1.1.1' ],
264 silly audit   'object.assign': [ '4.1.7' ],
264 silly audit   'object.entries': [ '1.1.9' ],
264 silly audit   'object.fromentries': [ '2.0.8' ],
264 silly audit   'object.groupby': [ '1.0.3' ],
264 silly audit   'object.values': [ '1.2.1' ],
264 silly audit   optionator: [ '0.9.4' ],
264 silly audit   'own-keys': [ '1.0.1' ],
264 silly audit   'p-limit': [ '3.1.0' ],
264 silly audit   'p-locate': [ '5.0.0' ],
264 silly audit   'parent-module': [ '1.0.1' ],
264 silly audit   'path-exists': [ '4.0.0' ],
264 silly audit   'path-key': [ '3.1.1' ],
264 silly audit   'path-parse': [ '1.0.7' ],
264 silly audit   picocolors: [ '1.1.1' ],
264 silly audit   picomatch: [ '2.3.1', '4.0.3' ],
264 silly audit   'possible-typed-array-names': [ '1.1.0' ],
264 silly audit   'prelude-ls': [ '1.2.1' ],
264 silly audit   prisma: [ '5.19.1' ],
264 silly audit   'prop-types': [ '15.8.1' ],
264 silly audit   punycode: [ '2.3.1' ],
264 silly audit   'queue-microtask': [ '1.2.3' ],
264 silly audit   react: [ '19.2.0' ],
264 silly audit   'react-dom': [ '19.2.0' ],
264 silly audit   'react-is': [ '16.13.1' ],
264 silly audit   'reflect.getprototypeof': [ '1.0.10' ],
264 silly audit   'regexp.prototype.flags': [ '1.5.4' ],
264 silly audit   'resolve-from': [ '4.0.0' ],
264 silly audit   'resolve-pkg-maps': [ '1.0.0' ],
264 silly audit   reusify: [ '1.1.0' ],
264 silly audit   'run-parallel': [ '1.2.0' ],
264 silly audit   'safe-array-concat': [ '1.1.3' ],
264 silly audit   'safe-push-apply': [ '1.0.0' ],
264 silly audit   'safe-regex-test': [ '1.1.0' ],
264 silly audit   scheduler: [ '0.27.0' ],
264 silly audit   'set-function-length': [ '1.2.2' ],
264 silly audit   'set-function-name': [ '2.0.2' ],
264 silly audit   'set-proto': [ '1.0.0' ],
264 silly audit   sharp: [ '0.34.5' ],
264 silly audit   'shebang-command': [ '2.0.0' ],
264 silly audit   'shebang-regex': [ '3.0.0' ],
264 silly audit   'side-channel': [ '1.1.0' ],
264 silly audit   'side-channel-list': [ '1.0.0' ],
264 silly audit   'side-channel-map': [ '1.0.1' ],
264 silly audit   'side-channel-weakmap': [ '1.0.2' ],
264 silly audit   'source-map-js': [ '1.2.1' ],
264 silly audit   'stable-hash': [ '0.0.5' ],
264 silly audit   'stop-iteration-iterator': [ '1.1.0' ],
264 silly audit   'string.prototype.includes': [ '2.0.1' ],
264 silly audit   'string.prototype.matchall': [ '4.0.12' ],
264 silly audit   'string.prototype.repeat': [ '1.0.0' ],
264 silly audit   'string.prototype.trim': [ '1.2.10' ],
264 silly audit   'string.prototype.trimend': [ '1.0.9' ],
264 silly audit   'string.prototype.trimstart': [ '1.0.8' ],
264 silly audit   'strip-bom': [ '3.0.0' ],
264 silly audit   'strip-json-comments': [ '3.1.1' ],
264 silly audit   'styled-jsx': [ '5.1.6' ],
264 silly audit   'supports-color': [ '7.2.0' ],
264 silly audit   'supports-preserve-symlinks-flag': [ '1.0.0' ],
264 silly audit   tailwindcss: [ '4.1.17' ],
264 silly audit   tapable: [ '2.3.0' ],
264 silly audit   tinyglobby: [ '0.2.15' ],
264 silly audit   fdir: [ '6.5.0' ],
264 silly audit   'to-regex-range': [ '5.0.1' ],
264 silly audit   'ts-api-utils': [ '2.1.0' ],
264 silly audit   'tsconfig-paths': [ '3.15.0' ],
264 silly audit   tslib: [ '2.8.1' ],
264 silly audit   'type-check': [ '0.4.0' ],
264 silly audit   'typed-array-buffer': [ '1.0.3' ],
264 silly audit   'typed-array-byte-length': [ '1.0.3' ],
264 silly audit   'typed-array-byte-offset': [ '1.0.4' ],
264 silly audit   'typed-array-length': [ '1.0.7' ],
264 silly audit   typescript: [ '5.9.3' ],
264 silly audit   'typescript-eslint': [ '8.47.0' ],
264 silly audit   'unbox-primitive': [ '1.1.0' ],
264 silly audit   'undici-types': [ '6.21.0' ],
264 silly audit   'unrs-resolver': [ '1.11.1' ],
264 silly audit   'update-browserslist-db': [ '1.1.4' ],
264 silly audit   'uri-js': [ '4.4.1' ],
264 silly audit   which: [ '2.0.2' ],
264 silly audit   'which-boxed-primitive': [ '1.1.1' ],
264 silly audit   'which-builtin-type': [ '1.2.1' ],
264 silly audit   'which-collection': [ '1.0.2' ],
264 silly audit   'which-typed-array': [ '1.1.19' ],
264 silly audit   'word-wrap': [ '1.2.5' ],
264 silly audit   yallist: [ '3.1.1' ],
264 silly audit   'yocto-queue': [ '0.1.0' ],
264 silly audit   zod: [ '4.1.12' ],
264 silly audit   'zod-validation-error': [ '4.0.2' ],
264 silly audit   '@prisma/client': [ '5.22.0' ],
264 silly audit   tsx: [ '4.20.6' ],
264 silly audit   esbuild: [ '0.25.12' ],
264 silly audit   '@esbuild/aix-ppc64': [ '0.25.12' ],
264 silly audit   '@esbuild/android-arm': [ '0.25.12' ],
264 silly audit   '@esbuild/android-arm64': [ '0.25.12' ],
264 silly audit   '@esbuild/android-x64': [ '0.25.12' ],
264 silly audit   '@esbuild/darwin-arm64': [ '0.25.12' ],
264 silly audit   '@esbuild/darwin-x64': [ '0.25.12' ],
264 silly audit   '@esbuild/freebsd-arm64': [ '0.25.12' ],
264 silly audit   '@esbuild/freebsd-x64': [ '0.25.12' ],
264 silly audit   '@esbuild/linux-arm': [ '0.25.12' ],
264 silly audit   '@esbuild/linux-arm64': [ '0.25.12' ],
264 silly audit   '@esbuild/linux-ia32': [ '0.25.12' ],
264 silly audit   '@esbuild/linux-loong64': [ '0.25.12' ],
264 silly audit   '@esbuild/linux-mips64el': [ '0.25.12' ],
264 silly audit   '@esbuild/linux-ppc64': [ '0.25.12' ],
264 silly audit   '@esbuild/linux-riscv64': [ '0.25.12' ],
264 silly audit   '@esbuild/linux-s390x': [ '0.25.12' ],
264 silly audit   '@esbuild/linux-x64': [ '0.25.12' ],
264 silly audit   '@esbuild/netbsd-arm64': [ '0.25.12' ],
264 silly audit   '@esbuild/netbsd-x64': [ '0.25.12' ],
264 silly audit   '@esbuild/openbsd-arm64': [ '0.25.12' ],
264 silly audit   '@esbuild/openbsd-x64': [ '0.25.12' ],
264 silly audit   '@esbuild/openharmony-arm64': [ '0.25.12' ],
264 silly audit   '@esbuild/sunos-x64': [ '0.25.12' ],
264 silly audit   '@esbuild/win32-arm64': [ '0.25.12' ],
264 silly audit   '@esbuild/win32-ia32': [ '0.25.12' ],
264 silly audit   '@esbuild/win32-x64': [ '0.25.12' ],
264 silly audit   '@tailwindcss/oxide-wasm32-wasi': [ '4.1.17' ]
264 silly audit }
265 verbose reify failed optional dependency /Users/k1zzle/Desktop/velou-shopping-assistant/node_modules/@unrs/resolver-binding-win32-x64-msvc
266 silly reify mark deleted [
266 silly reify   '/Users/k1zzle/Desktop/velou-shopping-assistant/node_modules/@unrs/resolver-binding-win32-x64-msvc'
266 silly reify ]
267 verbose reify failed optional dependency /Users/k1zzle/Desktop/velou-shopping-assistant/node_modules/@unrs/resolver-binding-win32-ia32-msvc
268 silly reify mark deleted [
268 silly reify   '/Users/k1zzle/Desktop/velou-shopping-assistant/node_modules/@unrs/resolver-binding-win32-ia32-msvc'
268 silly reify ]
269 verbose reify failed optional dependency /Users/k1zzle/Desktop/velou-shopping-assistant/node_modules/@unrs/resolver-binding-win32-arm64-msvc
270 silly reify mark deleted [
270 silly reify   '/Users/k1zzle/Desktop/velou-shopping-assistant/node_modules/@unrs/resolver-binding-win32-arm64-msvc'
270 silly reify ]
271 verbose reify failed optional dependency /Users/k1zzle/Desktop/velou-shopping-assistant/node_modules/@unrs/resolver-binding-wasm32-wasi
272 silly reify mark deleted [
272 silly reify   '/Users/k1zzle/Desktop/velou-shopping-assistant/node_modules/@unrs/resolver-binding-wasm32-wasi'
272 silly reify ]
273 verbose reify failed optional dependency /Users/k1zzle/Desktop/velou-shopping-assistant/node_modules/@unrs/resolver-binding-linux-x64-musl
274 silly reify mark deleted [
274 silly reify   '/Users/k1zzle/Desktop/velou-shopping-assistant/node_modules/@unrs/resolver-binding-linux-x64-musl'
274 silly reify ]
275 verbose reify failed optional dependency /Users/k1zzle/Desktop/velou-shopping-assistant/node_modules/@unrs/resolver-binding-linux-x64-gnu
276 silly reify mark deleted [
276 silly reify   '/Users/k1zzle/Desktop/velou-shopping-assistant/node_modules/@unrs/resolver-binding-linux-x64-gnu'
276 silly reify ]
277 verbose reify failed optional dependency /Users/k1zzle/Desktop/velou-shopping-assistant/node_modules/@unrs/resolver-binding-linux-s390x-gnu
278 silly reify mark deleted [
278 silly reify   '/Users/k1zzle/Desktop/velou-shopping-assistant/node_modules/@unrs/resolver-binding-linux-s390x-gnu'
278 silly reify ]
279 verbose reify failed optional dependency /Users/k1zzle/Desktop/velou-shopping-assistant/node_modules/@unrs/resolver-binding-linux-riscv64-musl
280 silly reify mark deleted [
280 silly reify   '/Users/k1zzle/Desktop/velou-shopping-assistant/node_modules/@unrs/resolver-binding-linux-riscv64-musl'
280 silly reify ]
281 verbose reify failed optional dependency /Users/k1zzle/Desktop/velou-shopping-assistant/node_modules/@unrs/resolver-binding-linux-riscv64-gnu
282 silly reify mark deleted [
282 silly reify   '/Users/k1zzle/Desktop/velou-shopping-assistant/node_modules/@unrs/resolver-binding-linux-riscv64-gnu'
282 silly reify ]
283 verbose reify failed optional dependency /Users/k1zzle/Desktop/velou-shopping-assistant/node_modules/@unrs/resolver-binding-linux-ppc64-gnu
284 silly reify mark deleted [
284 silly reify   '/Users/k1zzle/Desktop/velou-shopping-assistant/node_modules/@unrs/resolver-binding-linux-ppc64-gnu'
284 silly reify ]
285 verbose reify failed optional dependency /Users/k1zzle/Desktop/velou-shopping-assistant/node_modules/@unrs/resolver-binding-linux-arm64-musl
286 silly reify mark deleted [
286 silly reify   '/Users/k1zzle/Desktop/velou-shopping-assistant/node_modules/@unrs/resolver-binding-linux-arm64-musl'
286 silly reify ]
287 verbose reify failed optional dependency /Users/k1zzle/Desktop/velou-shopping-assistant/node_modules/@unrs/resolver-binding-linux-arm64-gnu
288 silly reify mark deleted [
288 silly reify   '/Users/k1zzle/Desktop/velou-shopping-assistant/node_modules/@unrs/resolver-binding-linux-arm64-gnu'
288 silly reify ]
289 verbose reify failed optional dependency /Users/k1zzle/Desktop/velou-shopping-assistant/node_modules/@unrs/resolver-binding-linux-arm-musleabihf
290 silly reify mark deleted [
290 silly reify   '/Users/k1zzle/Desktop/velou-shopping-assistant/node_modules/@unrs/resolver-binding-linux-arm-musleabihf'
290 silly reify ]
291 verbose reify failed optional dependency /Users/k1zzle/Desktop/velou-shopping-assistant/node_modules/@unrs/resolver-binding-linux-arm-gnueabihf
292 silly reify mark deleted [
292 silly reify   '/Users/k1zzle/Desktop/velou-shopping-assistant/node_modules/@unrs/resolver-binding-linux-arm-gnueabihf'
292 silly reify ]
293 verbose reify failed optional dependency /Users/k1zzle/Desktop/velou-shopping-assistant/node_modules/@unrs/resolver-binding-freebsd-x64
294 silly reify mark deleted [
294 silly reify   '/Users/k1zzle/Desktop/velou-shopping-assistant/node_modules/@unrs/resolver-binding-freebsd-x64'
294 silly reify ]
295 verbose reify failed optional dependency /Users/k1zzle/Desktop/velou-shopping-assistant/node_modules/@unrs/resolver-binding-darwin-x64
296 silly reify mark deleted [
296 silly reify   '/Users/k1zzle/Desktop/velou-shopping-assistant/node_modules/@unrs/resolver-binding-darwin-x64'
296 silly reify ]
297 verbose reify failed optional dependency /Users/k1zzle/Desktop/velou-shopping-assistant/node_modules/@unrs/resolver-binding-android-arm64
298 silly reify mark deleted [
298 silly reify   '/Users/k1zzle/Desktop/velou-shopping-assistant/node_modules/@unrs/resolver-binding-android-arm64'
298 silly reify ]
299 verbose reify failed optional dependency /Users/k1zzle/Desktop/velou-shopping-assistant/node_modules/@unrs/resolver-binding-android-arm-eabi
300 silly reify mark deleted [
300 silly reify   '/Users/k1zzle/Desktop/velou-shopping-assistant/node_modules/@unrs/resolver-binding-android-arm-eabi'
300 silly reify ]
301 verbose reify failed optional dependency /Users/k1zzle/Desktop/velou-shopping-assistant/node_modules/@tailwindcss/oxide-win32-x64-msvc
302 silly reify mark deleted [
302 silly reify   '/Users/k1zzle/Desktop/velou-shopping-assistant/node_modules/@tailwindcss/oxide-win32-x64-msvc'
302 silly reify ]
303 verbose reify failed optional dependency /Users/k1zzle/Desktop/velou-shopping-assistant/node_modules/@tailwindcss/oxide-win32-arm64-msvc
304 silly reify mark deleted [
304 silly reify   '/Users/k1zzle/Desktop/velou-shopping-assistant/node_modules/@tailwindcss/oxide-win32-arm64-msvc'
304 silly reify ]
305 verbose reify failed optional dependency /Users/k1zzle/Desktop/velou-shopping-assistant/node_modules/@tailwindcss/oxide-linux-x64-musl
306 silly reify mark deleted [
306 silly reify   '/Users/k1zzle/Desktop/velou-shopping-assistant/node_modules/@tailwindcss/oxide-linux-x64-musl'
306 silly reify ]
307 verbose reify failed optional dependency /Users/k1zzle/Desktop/velou-shopping-assistant/node_modules/@tailwindcss/oxide-linux-x64-gnu
308 silly reify mark deleted [
308 silly reify   '/Users/k1zzle/Desktop/velou-shopping-assistant/node_modules/@tailwindcss/oxide-linux-x64-gnu'
308 silly reify ]
309 verbose reify failed optional dependency /Users/k1zzle/Desktop/velou-shopping-assistant/node_modules/@tailwindcss/oxide-linux-arm64-musl
310 silly reify mark deleted [
310 silly reify   '/Users/k1zzle/Desktop/velou-shopping-assistant/node_modules/@tailwindcss/oxide-linux-arm64-musl'
310 silly reify ]
311 verbose reify failed optional dependency /Users/k1zzle/Desktop/velou-shopping-assistant/node_modules/@tailwindcss/oxide-linux-arm-gnueabihf
312 silly reify mark deleted [
312 silly reify   '/Users/k1zzle/Desktop/velou-shopping-assistant/node_modules/@tailwindcss/oxide-linux-arm-gnueabihf'
312 silly reify ]
313 verbose reify failed optional dependency /Users/k1zzle/Desktop/velou-shopping-assistant/node_modules/@tailwindcss/oxide-darwin-x64
314 silly reify mark deleted [
314 silly reify   '/Users/k1zzle/Desktop/velou-shopping-assistant/node_modules/@tailwindcss/oxide-darwin-x64'
314 silly reify ]
315 verbose reify failed optional dependency /Users/k1zzle/Desktop/velou-shopping-assistant/node_modules/@tailwindcss/oxide-linux-arm64-gnu
316 silly reify mark deleted [
316 silly reify   '/Users/k1zzle/Desktop/velou-shopping-assistant/node_modules/@tailwindcss/oxide-linux-arm64-gnu'
316 silly reify ]
317 verbose reify failed optional dependency /Users/k1zzle/Desktop/velou-shopping-assistant/node_modules/@tailwindcss/oxide-freebsd-x64
318 silly reify mark deleted [
318 silly reify   '/Users/k1zzle/Desktop/velou-shopping-assistant/node_modules/@tailwindcss/oxide-freebsd-x64'
318 silly reify ]
319 verbose reify failed optional dependency /Users/k1zzle/Desktop/velou-shopping-assistant/node_modules/@tailwindcss/oxide-android-arm64
320 silly reify mark deleted [
320 silly reify   '/Users/k1zzle/Desktop/velou-shopping-assistant/node_modules/@tailwindcss/oxide-android-arm64'
320 silly reify ]
321 verbose reify failed optional dependency /Users/k1zzle/Desktop/velou-shopping-assistant/node_modules/@next/swc-win32-x64-msvc
322 silly reify mark deleted [
322 silly reify   '/Users/k1zzle/Desktop/velou-shopping-assistant/node_modules/@next/swc-win32-x64-msvc'
322 silly reify ]
323 verbose reify failed optional dependency /Users/k1zzle/Desktop/velou-shopping-assistant/node_modules/@next/swc-win32-arm64-msvc
324 silly reify mark deleted [
324 silly reify   '/Users/k1zzle/Desktop/velou-shopping-assistant/node_modules/@next/swc-win32-arm64-msvc'
324 silly reify ]
325 verbose reify failed optional dependency /Users/k1zzle/Desktop/velou-shopping-assistant/node_modules/@next/swc-linux-x64-musl
326 silly reify mark deleted [
326 silly reify   '/Users/k1zzle/Desktop/velou-shopping-assistant/node_modules/@next/swc-linux-x64-musl'
326 silly reify ]
327 verbose reify failed optional dependency /Users/k1zzle/Desktop/velou-shopping-assistant/node_modules/@next/swc-linux-x64-gnu
328 silly reify mark deleted [
328 silly reify   '/Users/k1zzle/Desktop/velou-shopping-assistant/node_modules/@next/swc-linux-x64-gnu'
328 silly reify ]
329 verbose reify failed optional dependency /Users/k1zzle/Desktop/velou-shopping-assistant/node_modules/@next/swc-linux-arm64-musl
330 silly reify mark deleted [
330 silly reify   '/Users/k1zzle/Desktop/velou-shopping-assistant/node_modules/@next/swc-linux-arm64-musl'
330 silly reify ]
331 verbose reify failed optional dependency /Users/k1zzle/Desktop/velou-shopping-assistant/node_modules/@img/sharp-linux-arm
332 silly reify mark deleted [
332 silly reify   '/Users/k1zzle/Desktop/velou-shopping-assistant/node_modules/@img/sharp-linux-arm'
332 silly reify ]
333 verbose reify failed optional dependency /Users/k1zzle/Desktop/velou-shopping-assistant/node_modules/@next/swc-linux-arm64-gnu
334 silly reify mark deleted [
334 silly reify   '/Users/k1zzle/Desktop/velou-shopping-assistant/node_modules/@next/swc-linux-arm64-gnu'
334 silly reify ]
335 verbose reify failed optional dependency /Users/k1zzle/Desktop/velou-shopping-assistant/node_modules/@next/swc-darwin-x64
336 silly reify mark deleted [
336 silly reify   '/Users/k1zzle/Desktop/velou-shopping-assistant/node_modules/@next/swc-darwin-x64'
336 silly reify ]
337 verbose reify failed optional dependency /Users/k1zzle/Desktop/velou-shopping-assistant/node_modules/@img/sharp-win32-x64
338 silly reify mark deleted [
338 silly reify   '/Users/k1zzle/Desktop/velou-shopping-assistant/node_modules/@img/sharp-win32-x64'
338 silly reify ]
339 verbose reify failed optional dependency /Users/k1zzle/Desktop/velou-shopping-assistant/node_modules/@img/sharp-win32-ia32
340 silly reify mark deleted [
340 silly reify   '/Users/k1zzle/Desktop/velou-shopping-assistant/node_modules/@img/sharp-win32-ia32'
340 silly reify ]
341 verbose reify failed optional dependency /Users/k1zzle/Desktop/velou-shopping-assistant/node_modules/@img/sharp-win32-arm64
342 silly reify mark deleted [
342 silly reify   '/Users/k1zzle/Desktop/velou-shopping-assistant/node_modules/@img/sharp-win32-arm64'
342 silly reify ]
343 verbose reify failed optional dependency /Users/k1zzle/Desktop/velou-shopping-assistant/node_modules/@img/sharp-wasm32
344 silly reify mark deleted [
344 silly reify   '/Users/k1zzle/Desktop/velou-shopping-assistant/node_modules/@img/sharp-wasm32'
344 silly reify ]
345 verbose reify failed optional dependency /Users/k1zzle/Desktop/velou-shopping-assistant/node_modules/@img/sharp-linuxmusl-x64
346 silly reify mark deleted [
346 silly reify   '/Users/k1zzle/Desktop/velou-shopping-assistant/node_modules/@img/sharp-linuxmusl-x64'
346 silly reify ]
347 verbose reify failed optional dependency /Users/k1zzle/Desktop/velou-shopping-assistant/node_modules/@img/sharp-linuxmusl-arm64
348 silly reify mark deleted [
348 silly reify   '/Users/k1zzle/Desktop/velou-shopping-assistant/node_modules/@img/sharp-linuxmusl-arm64'
348 silly reify ]
349 verbose reify failed optional dependency /Users/k1zzle/Desktop/velou-shopping-assistant/node_modules/@img/sharp-linux-x64
350 silly reify mark deleted [
350 silly reify   '/Users/k1zzle/Desktop/velou-shopping-assistant/node_modules/@img/sharp-linux-x64'
350 silly reify ]
351 verbose reify failed optional dependency /Users/k1zzle/Desktop/velou-shopping-assistant/node_modules/@img/sharp-linux-s390x
352 silly reify mark deleted [
352 silly reify   '/Users/k1zzle/Desktop/velou-shopping-assistant/node_modules/@img/sharp-linux-s390x'
352 silly reify ]
353 verbose reify failed optional dependency /Users/k1zzle/Desktop/velou-shopping-assistant/node_modules/@img/sharp-linux-riscv64
354 silly reify mark deleted [
354 silly reify   '/Users/k1zzle/Desktop/velou-shopping-assistant/node_modules/@img/sharp-linux-riscv64'
354 silly reify ]
355 verbose reify failed optional dependency /Users/k1zzle/Desktop/velou-shopping-assistant/node_modules/@img/sharp-linux-ppc64
356 silly reify mark deleted [
356 silly reify   '/Users/k1zzle/Desktop/velou-shopping-assistant/node_modules/@img/sharp-linux-ppc64'
356 silly reify ]
357 verbose reify failed optional dependency /Users/k1zzle/Desktop/velou-shopping-assistant/node_modules/@img/sharp-libvips-linuxmusl-x64
358 silly reify mark deleted [
358 silly reify   '/Users/k1zzle/Desktop/velou-shopping-assistant/node_modules/@img/sharp-libvips-linuxmusl-x64'
358 silly reify ]
359 verbose reify failed optional dependency /Users/k1zzle/Desktop/velou-shopping-assistant/node_modules/@img/sharp-linux-arm64
360 silly reify mark deleted [
360 silly reify   '/Users/k1zzle/Desktop/velou-shopping-assistant/node_modules/@img/sharp-linux-arm64'
360 silly reify ]
361 verbose reify failed optional dependency /Users/k1zzle/Desktop/velou-shopping-assistant/node_modules/@img/sharp-libvips-linux-s390x
362 silly reify mark deleted [
362 silly reify   '/Users/k1zzle/Desktop/velou-shopping-assistant/node_modules/@img/sharp-libvips-linux-s390x'
362 silly reify ]
363 verbose reify failed optional dependency /Users/k1zzle/Desktop/velou-shopping-assistant/node_modules/@img/sharp-libvips-linuxmusl-arm64
364 silly reify mark deleted [
364 silly reify   '/Users/k1zzle/Desktop/velou-shopping-assistant/node_modules/@img/sharp-libvips-linuxmusl-arm64'
364 silly reify ]
365 verbose reify failed optional dependency /Users/k1zzle/Desktop/velou-shopping-assistant/node_modules/@img/sharp-libvips-linux-x64
366 silly reify mark deleted [
366 silly reify   '/Users/k1zzle/Desktop/velou-shopping-assistant/node_modules/@img/sharp-libvips-linux-x64'
366 silly reify ]
367 verbose reify failed optional dependency /Users/k1zzle/Desktop/velou-shopping-assistant/node_modules/@img/sharp-libvips-linux-riscv64
368 silly reify mark deleted [
368 silly reify   '/Users/k1zzle/Desktop/velou-shopping-assistant/node_modules/@img/sharp-libvips-linux-riscv64'
368 silly reify ]
369 verbose reify failed optional dependency /Users/k1zzle/Desktop/velou-shopping-assistant/node_modules/@img/sharp-libvips-linux-ppc64
370 silly reify mark deleted [
370 silly reify   '/Users/k1zzle/Desktop/velou-shopping-assistant/node_modules/@img/sharp-libvips-linux-ppc64'
370 silly reify ]
371 verbose reify failed optional dependency /Users/k1zzle/Desktop/velou-shopping-assistant/node_modules/@img/sharp-libvips-linux-arm64
372 silly reify mark deleted [
372 silly reify   '/Users/k1zzle/Desktop/velou-shopping-assistant/node_modules/@img/sharp-libvips-linux-arm64'
372 silly reify ]
373 verbose reify failed optional dependency /Users/k1zzle/Desktop/velou-shopping-assistant/node_modules/@img/sharp-libvips-linux-arm
374 silly reify mark deleted [
374 silly reify   '/Users/k1zzle/Desktop/velou-shopping-assistant/node_modules/@img/sharp-libvips-linux-arm'
374 silly reify ]
375 verbose reify failed optional dependency /Users/k1zzle/Desktop/velou-shopping-assistant/node_modules/@img/sharp-libvips-darwin-x64
376 silly reify mark deleted [
376 silly reify   '/Users/k1zzle/Desktop/velou-shopping-assistant/node_modules/@img/sharp-libvips-darwin-x64'
376 silly reify ]
377 verbose reify failed optional dependency /Users/k1zzle/Desktop/velou-shopping-assistant/node_modules/@img/sharp-darwin-x64
378 silly reify mark deleted [
378 silly reify   '/Users/k1zzle/Desktop/velou-shopping-assistant/node_modules/@img/sharp-darwin-x64'
378 silly reify ]
379 verbose reify failed optional dependency /Users/k1zzle/Desktop/velou-shopping-assistant/node_modules/@esbuild/win32-x64
380 silly reify mark deleted [
380 silly reify   '/Users/k1zzle/Desktop/velou-shopping-assistant/node_modules/@esbuild/win32-x64'
380 silly reify ]
381 verbose reify failed optional dependency /Users/k1zzle/Desktop/velou-shopping-assistant/node_modules/@esbuild/android-arm
382 silly reify mark deleted [
382 silly reify   '/Users/k1zzle/Desktop/velou-shopping-assistant/node_modules/@esbuild/android-arm'
382 silly reify ]
383 verbose reify failed optional dependency /Users/k1zzle/Desktop/velou-shopping-assistant/node_modules/@esbuild/win32-ia32
384 silly reify mark deleted [
384 silly reify   '/Users/k1zzle/Desktop/velou-shopping-assistant/node_modules/@esbuild/win32-ia32'
384 silly reify ]
385 verbose reify failed optional dependency /Users/k1zzle/Desktop/velou-shopping-assistant/node_modules/@esbuild/win32-arm64
386 silly reify mark deleted [
386 silly reify   '/Users/k1zzle/Desktop/velou-shopping-assistant/node_modules/@esbuild/win32-arm64'
386 silly reify ]
387 verbose reify failed optional dependency /Users/k1zzle/Desktop/velou-shopping-assistant/node_modules/@esbuild/sunos-x64
388 silly reify mark deleted [
388 silly reify   '/Users/k1zzle/Desktop/velou-shopping-assistant/node_modules/@esbuild/sunos-x64'
388 silly reify ]
389 verbose reify failed optional dependency /Users/k1zzle/Desktop/velou-shopping-assistant/node_modules/@esbuild/openharmony-arm64
390 silly reify mark deleted [
390 silly reify   '/Users/k1zzle/Desktop/velou-shopping-assistant/node_modules/@esbuild/openharmony-arm64'
390 silly reify ]
391 verbose reify failed optional dependency /Users/k1zzle/Desktop/velou-shopping-assistant/node_modules/@esbuild/openbsd-arm64
392 silly reify mark deleted [
392 silly reify   '/Users/k1zzle/Desktop/velou-shopping-assistant/node_modules/@esbuild/openbsd-arm64'
392 silly reify ]
393 verbose reify failed optional dependency /Users/k1zzle/Desktop/velou-shopping-assistant/node_modules/@esbuild/openbsd-x64
394 silly reify mark deleted [
394 silly reify   '/Users/k1zzle/Desktop/velou-shopping-assistant/node_modules/@esbuild/openbsd-x64'
394 silly reify ]
395 verbose reify failed optional dependency /Users/k1zzle/Desktop/velou-shopping-assistant/node_modules/@esbuild/netbsd-x64
396 silly reify mark deleted [
396 silly reify   '/Users/k1zzle/Desktop/velou-shopping-assistant/node_modules/@esbuild/netbsd-x64'
396 silly reify ]
397 verbose reify failed optional dependency /Users/k1zzle/Desktop/velou-shopping-assistant/node_modules/@esbuild/netbsd-arm64
398 silly reify mark deleted [
398 silly reify   '/Users/k1zzle/Desktop/velou-shopping-assistant/node_modules/@esbuild/netbsd-arm64'
398 silly reify ]
399 verbose reify failed optional dependency /Users/k1zzle/Desktop/velou-shopping-assistant/node_modules/@esbuild/linux-riscv64
400 silly reify mark deleted [
400 silly reify   '/Users/k1zzle/Desktop/velou-shopping-assistant/node_modules/@esbuild/linux-riscv64'
400 silly reify ]
401 verbose reify failed optional dependency /Users/k1zzle/Desktop/velou-shopping-assistant/node_modules/@esbuild/linux-x64
402 silly reify mark deleted [
402 silly reify   '/Users/k1zzle/Desktop/velou-shopping-assistant/node_modules/@esbuild/linux-x64'
402 silly reify ]
403 verbose reify failed optional dependency /Users/k1zzle/Desktop/velou-shopping-assistant/node_modules/@esbuild/linux-s390x
404 silly reify mark deleted [
404 silly reify   '/Users/k1zzle/Desktop/velou-shopping-assistant/node_modules/@esbuild/linux-s390x'
404 silly reify ]
405 verbose reify failed optional dependency /Users/k1zzle/Desktop/velou-shopping-assistant/node_modules/@esbuild/linux-ppc64
406 silly reify mark deleted [
406 silly reify   '/Users/k1zzle/Desktop/velou-shopping-assistant/node_modules/@esbuild/linux-ppc64'
406 silly reify ]
407 verbose reify failed optional dependency /Users/k1zzle/Desktop/velou-shopping-assistant/node_modules/@esbuild/linux-mips64el
408 silly reify mark deleted [
408 silly reify   '/Users/k1zzle/Desktop/velou-shopping-assistant/node_modules/@esbuild/linux-mips64el'
408 silly reify ]
409 verbose reify failed optional dependency /Users/k1zzle/Desktop/velou-shopping-assistant/node_modules/@esbuild/linux-arm64
410 silly reify mark deleted [
410 silly reify   '/Users/k1zzle/Desktop/velou-shopping-assistant/node_modules/@esbuild/linux-arm64'
410 silly reify ]
411 verbose reify failed optional dependency /Users/k1zzle/Desktop/velou-shopping-assistant/node_modules/@esbuild/linux-loong64
412 silly reify mark deleted [
412 silly reify   '/Users/k1zzle/Desktop/velou-shopping-assistant/node_modules/@esbuild/linux-loong64'
412 silly reify ]
413 verbose reify failed optional dependency /Users/k1zzle/Desktop/velou-shopping-assistant/node_modules/@esbuild/linux-arm
414 silly reify mark deleted [
414 silly reify   '/Users/k1zzle/Desktop/velou-shopping-assistant/node_modules/@esbuild/linux-arm'
414 silly reify ]
415 verbose reify failed optional dependency /Users/k1zzle/Desktop/velou-shopping-assistant/node_modules/@esbuild/linux-ia32
416 silly reify mark deleted [
416 silly reify   '/Users/k1zzle/Desktop/velou-shopping-assistant/node_modules/@esbuild/linux-ia32'
416 silly reify ]
417 verbose reify failed optional dependency /Users/k1zzle/Desktop/velou-shopping-assistant/node_modules/@esbuild/aix-ppc64
418 silly reify mark deleted [
418 silly reify   '/Users/k1zzle/Desktop/velou-shopping-assistant/node_modules/@esbuild/aix-ppc64'
418 silly reify ]
419 verbose reify failed optional dependency /Users/k1zzle/Desktop/velou-shopping-assistant/node_modules/@esbuild/freebsd-x64
420 silly reify mark deleted [
420 silly reify   '/Users/k1zzle/Desktop/velou-shopping-assistant/node_modules/@esbuild/freebsd-x64'
420 silly reify ]
421 verbose reify failed optional dependency /Users/k1zzle/Desktop/velou-shopping-assistant/node_modules/@esbuild/freebsd-arm64
422 silly reify mark deleted [
422 silly reify   '/Users/k1zzle/Desktop/velou-shopping-assistant/node_modules/@esbuild/freebsd-arm64'
422 silly reify ]
423 verbose reify failed optional dependency /Users/k1zzle/Desktop/velou-shopping-assistant/node_modules/@esbuild/darwin-x64
424 silly reify mark deleted [
424 silly reify   '/Users/k1zzle/Desktop/velou-shopping-assistant/node_modules/@esbuild/darwin-x64'
424 silly reify ]
425 verbose reify failed optional dependency /Users/k1zzle/Desktop/velou-shopping-assistant/node_modules/@esbuild/android-x64
426 silly reify mark deleted [
426 silly reify   '/Users/k1zzle/Desktop/velou-shopping-assistant/node_modules/@esbuild/android-x64'
426 silly reify ]
427 verbose reify failed optional dependency /Users/k1zzle/Desktop/velou-shopping-assistant/node_modules/@esbuild/android-arm64
428 silly reify mark deleted [
428 silly reify   '/Users/k1zzle/Desktop/velou-shopping-assistant/node_modules/@esbuild/android-arm64'
428 silly reify ]
429 verbose reify failed optional dependency /Users/k1zzle/Desktop/velou-shopping-assistant/node_modules/lightningcss-win32-arm64-msvc
430 silly reify mark deleted [
430 silly reify   '/Users/k1zzle/Desktop/velou-shopping-assistant/node_modules/lightningcss-win32-arm64-msvc'
430 silly reify ]
431 verbose reify failed optional dependency /Users/k1zzle/Desktop/velou-shopping-assistant/node_modules/lightningcss-win32-x64-msvc
432 silly reify mark deleted [
432 silly reify   '/Users/k1zzle/Desktop/velou-shopping-assistant/node_modules/lightningcss-win32-x64-msvc'
432 silly reify ]
433 verbose reify failed optional dependency /Users/k1zzle/Desktop/velou-shopping-assistant/node_modules/lightningcss-linux-x64-musl
434 silly reify mark deleted [
434 silly reify   '/Users/k1zzle/Desktop/velou-shopping-assistant/node_modules/lightningcss-linux-x64-musl'
434 silly reify ]
435 verbose reify failed optional dependency /Users/k1zzle/Desktop/velou-shopping-assistant/node_modules/lightningcss-linux-x64-gnu
436 silly reify mark deleted [
436 silly reify   '/Users/k1zzle/Desktop/velou-shopping-assistant/node_modules/lightningcss-linux-x64-gnu'
436 silly reify ]
437 verbose reify failed optional dependency /Users/k1zzle/Desktop/velou-shopping-assistant/node_modules/lightningcss-linux-arm64-musl
438 silly reify mark deleted [
438 silly reify   '/Users/k1zzle/Desktop/velou-shopping-assistant/node_modules/lightningcss-linux-arm64-musl'
438 silly reify ]
439 verbose reify failed optional dependency /Users/k1zzle/Desktop/velou-shopping-assistant/node_modules/lightningcss-linux-arm-gnueabihf
440 silly reify mark deleted [
440 silly reify   '/Users/k1zzle/Desktop/velou-shopping-assistant/node_modules/lightningcss-linux-arm-gnueabihf'
440 silly reify ]
441 verbose reify failed optional dependency /Users/k1zzle/Desktop/velou-shopping-assistant/node_modules/lightningcss-linux-arm64-gnu
442 silly reify mark deleted [
442 silly reify   '/Users/k1zzle/Desktop/velou-shopping-assistant/node_modules/lightningcss-linux-arm64-gnu'
442 silly reify ]
443 verbose reify failed optional dependency /Users/k1zzle/Desktop/velou-shopping-assistant/node_modules/lightningcss-freebsd-x64
444 silly reify mark deleted [
444 silly reify   '/Users/k1zzle/Desktop/velou-shopping-assistant/node_modules/lightningcss-freebsd-x64'
444 silly reify ]
445 verbose reify failed optional dependency /Users/k1zzle/Desktop/velou-shopping-assistant/node_modules/lightningcss-android-arm64
446 silly reify mark deleted [
446 silly reify   '/Users/k1zzle/Desktop/velou-shopping-assistant/node_modules/lightningcss-android-arm64'
446 silly reify ]
447 verbose reify failed optional dependency /Users/k1zzle/Desktop/velou-shopping-assistant/node_modules/lightningcss-darwin-x64
448 silly reify mark deleted [
448 silly reify   '/Users/k1zzle/Desktop/velou-shopping-assistant/node_modules/lightningcss-darwin-x64'
448 silly reify ]
449 info run @prisma/client@5.22.0 postinstall node_modules/@prisma/client node scripts/postinstall.js
450 info run esbuild@0.25.12 postinstall node_modules/esbuild node install.js
451 http fetch POST 200 https://registry.npmjs.org/-/npm/v1/security/advisories/bulk 325ms
452 silly audit report {}
453 info run esbuild@0.25.12 postinstall { code: 0, signal: null }
454 info run @prisma/client@5.22.0 postinstall { code: null, signal: 'SIGKILL' }
455 verbose stack Error: command failed
455 verbose stack     at promiseSpawn (/opt/homebrew/Cellar/node@20/20.19.0_1/lib/node_modules/npm/node_modules/@npmcli/promise-spawn/lib/index.js:22:22)
455 verbose stack     at spawnWithShell (/opt/homebrew/Cellar/node@20/20.19.0_1/lib/node_modules/npm/node_modules/@npmcli/promise-spawn/lib/index.js:124:10)
455 verbose stack     at promiseSpawn (/opt/homebrew/Cellar/node@20/20.19.0_1/lib/node_modules/npm/node_modules/@npmcli/promise-spawn/lib/index.js:12:12)
455 verbose stack     at runScriptPkg (/opt/homebrew/Cellar/node@20/20.19.0_1/lib/node_modules/npm/node_modules/@npmcli/run-script/lib/run-script-pkg.js:77:13)
455 verbose stack     at runScript (/opt/homebrew/Cellar/node@20/20.19.0_1/lib/node_modules/npm/node_modules/@npmcli/run-script/lib/run-script.js:9:12)
455 verbose stack     at /opt/homebrew/Cellar/node@20/20.19.0_1/lib/node_modules/npm/node_modules/@npmcli/arborist/lib/arborist/rebuild.js:329:17
455 verbose stack     at run (/opt/homebrew/Cellar/node@20/20.19.0_1/lib/node_modules/npm/node_modules/promise-call-limit/dist/commonjs/index.js:67:22)
455 verbose stack     at /opt/homebrew/Cellar/node@20/20.19.0_1/lib/node_modules/npm/node_modules/promise-call-limit/dist/commonjs/index.js:84:9
455 verbose stack     at new Promise (<anonymous>)
455 verbose stack     at callLimit (/opt/homebrew/Cellar/node@20/20.19.0_1/lib/node_modules/npm/node_modules/promise-call-limit/dist/commonjs/index.js:35:69)
456 verbose pkgid @prisma/client@5.22.0
457 error path /Users/k1zzle/Desktop/velou-shopping-assistant/node_modules/@prisma/client
458 error command failed
459 error signal SIGKILL
460 error command sh -c node scripts/postinstall.js
461 error Prisma schema loaded from prisma/schema.prisma
461 error
461 error ✔ Generated Prisma Client (v5.22.0) to ./node_modules/@prisma/client in 55ms
461 error
461 error Start by importing your Prisma Client (See: http://pris.ly/d/importing-client)
461 error
461 error Tip: Easily identify and fix slow SQL queries in your app. Optimize helps you enhance your visibility: https://pris.ly/--optimize
461 error
461 error
461 error warn Versions of prisma@5.19.1 and @prisma/client@5.22.0 don't match.
461 error This might lead to unexpected behavior.
461 error Please make sure they have the same version.
462 silly unfinished npm timer reify 1763570959370
463 silly unfinished npm timer reify:build 1763570960516
464 silly unfinished npm timer build 1763570960516
465 silly unfinished npm timer build:deps 1763570960516
466 silly unfinished npm timer build:run:postinstall 1763570960518
467 silly unfinished npm timer build:run:postinstall:node_modules/@prisma/client 1763570960518
468 verbose cwd /Users/k1zzle/Desktop/velou-shopping-assistant
469 verbose os Darwin 24.5.0
470 verbose node v20.19.0
471 verbose npm  v10.8.2
472 verbose exit 1
473 verbose code 1
474 error A complete log of this run can be found in: /Users/k1zzle/Desktop/velou-shopping-assistant/.npm-cache/_logs/2025-11-19T16_49_19_199Z-debug-0.log
