0 verbose cli /opt/homebrew/Cellar/node@20/20.19.0_1/bin/node /opt/homebrew/opt/node@20/bin/npm
1 info using npm@10.8.2
2 info using node@v20.19.0
3 silly config load:file:/opt/homebrew/Cellar/node@20/20.19.0_1/lib/node_modules/npm/npmrc
4 silly config load:file:/Users/k1zzle/Desktop/velou-shopping-assistant/.npmrc
5 silly config load:file:/Users/k1zzle/.npmrc
6 silly config load:file:/opt/homebrew/etc/npmrc
7 verbose title npm install
8 verbose argv "install" "--loglevel" "info"
9 verbose logfile logs-max:10 dir:/Users/k1zzle/Desktop/velou-shopping-assistant/.npm-cache/_logs/2025-11-19T17_05_52_985Z-
10 verbose logfile /Users/k1zzle/Desktop/velou-shopping-assistant/.npm-cache/_logs/2025-11-19T17_05_52_985Z-debug-0.log
11 silly packumentCache heap:4345298944 maxSize:1086324736 maxEntrySize:543162368
12 silly logfile done cleaning log files
13 silly idealTree buildDeps
14 silly fetch manifest @prisma/client@5.19.1
15 silly packumentCache full:https://registry.npmjs.org/@prisma%2fclient cache-miss
16 verbose shrinkwrap failed to load node_modules/.package-lock.json out of date, updated: node_modules
17 http fetch GET 200 https://registry.npmjs.org/@prisma%2fclient 78ms (cache hit)
18 silly packumentCache full:https://registry.npmjs.org/@prisma%2fclient set size:65135455 disposed:false
19 silly fetch manifest prisma@5.19.1
20 silly packumentCache full:https://registry.npmjs.org/prisma cache-miss
21 http fetch GET 200 https://registry.npmjs.org/prisma 80ms (cache hit)
22 silly packumentCache full:https://registry.npmjs.org/prisma set size:41458536 disposed:false
23 silly placeDep ROOT @prisma/client@5.19.1 REPLACE for: velou-shopping-assistant@0.1.0 want: 5.19.1
24 silly placeDep ROOT prisma@5.19.1 REPLACE for: velou-shopping-assistant@0.1.0 want: 5.19.1
25 silly fetch manifest @prisma/engines@5.19.1
26 silly packumentCache full:https://registry.npmjs.org/@prisma%2fengines cache-miss
27 http fetch GET 200 https://registry.npmjs.org/@prisma%2fengines 21ms (cache hit)
28 silly packumentCache full:https://registry.npmjs.org/@prisma%2fengines set size:20954209 disposed:false
29 silly placeDep ROOT @prisma/engines@5.19.1 OK for: prisma@5.19.1 want: 5.19.1
30 silly fetch manifest @prisma/debug@5.19.1
31 silly packumentCache full:https://registry.npmjs.org/@prisma%2fdebug cache-miss
32 silly fetch manifest @prisma/fetch-engine@5.19.1
33 silly packumentCache full:https://registry.npmjs.org/@prisma%2ffetch-engine cache-miss
34 silly fetch manifest @prisma/get-platform@5.19.1
35 silly packumentCache full:https://registry.npmjs.org/@prisma%2fget-platform cache-miss
36 silly fetch manifest @prisma/engines-version@5.19.1-2.69d742ee20b815d88e17e54db4a2a7a3b30324e3
37 silly packumentCache full:https://registry.npmjs.org/@prisma%2fengines-version cache-miss
38 http fetch GET 200 https://registry.npmjs.org/@prisma%2fengines-version 22ms (cache hit)
39 silly packumentCache full:https://registry.npmjs.org/@prisma%2fengines-version set size:9727866 disposed:false
40 http fetch GET 200 https://registry.npmjs.org/@prisma%2ffetch-engine 68ms (cache hit)
41 silly packumentCache full:https://registry.npmjs.org/@prisma%2ffetch-engine set size:31403749 disposed:false
42 http fetch GET 200 https://registry.npmjs.org/@prisma%2fget-platform 207ms (cache hit)
43 silly packumentCache full:https://registry.npmjs.org/@prisma%2fget-platform set size:27573991 disposed:false
44 http fetch GET 200 https://registry.npmjs.org/@prisma%2fdebug 319ms (cache hit)
45 silly packumentCache full:https://registry.npmjs.org/@prisma%2fdebug set size:27935787 disposed:false
46 silly placeDep ROOT @prisma/debug@5.19.1 OK for: @prisma/engines@5.19.1 want: 5.19.1
47 silly placeDep ROOT @prisma/engines-version@5.19.1-2.69d742ee20b815d88e17e54db4a2a7a3b30324e3 OK for: @prisma/engines@5.19.1 want: 5.19.1-2.69d742ee20b815d88e17e54db4a2a7a3b30324e3
48 silly placeDep ROOT @prisma/fetch-engine@5.19.1 OK for: @prisma/engines@5.19.1 want: 5.19.1
49 silly placeDep ROOT @prisma/get-platform@5.19.1 OK for: @prisma/engines@5.19.1 want: 5.19.1
50 silly reify mark retired [
50 silly reify   '/Users/k1zzle/Desktop/velou-shopping-assistant/node_modules/esbuild/node_modules/@esbuild/aix-ppc64'
50 silly reify ]
51 silly reify mark retired [
51 silly reify   '/Users/k1zzle/Desktop/velou-shopping-assistant/node_modules/esbuild/node_modules/@esbuild/android-arm'
51 silly reify ]
52 silly reify mark retired [
52 silly reify   '/Users/k1zzle/Desktop/velou-shopping-assistant/node_modules/esbuild/node_modules/@esbuild/android-arm64'
52 silly reify ]
53 silly reify mark retired [
53 silly reify   '/Users/k1zzle/Desktop/velou-shopping-assistant/node_modules/esbuild/node_modules/@esbuild/android-x64'
53 silly reify ]
54 silly reify mark retired [
54 silly reify   '/Users/k1zzle/Desktop/velou-shopping-assistant/node_modules/esbuild/node_modules/@esbuild/darwin-x64'
54 silly reify ]
55 silly reify mark retired [
55 silly reify   '/Users/k1zzle/Desktop/velou-shopping-assistant/node_modules/esbuild/node_modules/@esbuild/freebsd-arm64'
55 silly reify ]
56 silly reify mark retired [
56 silly reify   '/Users/k1zzle/Desktop/velou-shopping-assistant/node_modules/esbuild/node_modules/@esbuild/freebsd-x64'
56 silly reify ]
57 silly reify mark retired [
57 silly reify   '/Users/k1zzle/Desktop/velou-shopping-assistant/node_modules/esbuild/node_modules/@esbuild/linux-arm'
57 silly reify ]
58 silly reify mark retired [
58 silly reify   '/Users/k1zzle/Desktop/velou-shopping-assistant/node_modules/esbuild/node_modules/@esbuild/linux-arm64'
58 silly reify ]
59 silly reify mark retired [
59 silly reify   '/Users/k1zzle/Desktop/velou-shopping-assistant/node_modules/esbuild/node_modules/@esbuild/linux-ia32'
59 silly reify ]
60 silly reify mark retired [
60 silly reify   '/Users/k1zzle/Desktop/velou-shopping-assistant/node_modules/esbuild/node_modules/@esbuild/linux-loong64'
60 silly reify ]
61 silly reify mark retired [
61 silly reify   '/Users/k1zzle/Desktop/velou-shopping-assistant/node_modules/esbuild/node_modules/@esbuild/linux-mips64el'
61 silly reify ]
62 silly reify mark retired [
62 silly reify   '/Users/k1zzle/Desktop/velou-shopping-assistant/node_modules/esbuild/node_modules/@esbuild/linux-ppc64'
62 silly reify ]
63 silly reify mark retired [
63 silly reify   '/Users/k1zzle/Desktop/velou-shopping-assistant/node_modules/esbuild/node_modules/@esbuild/linux-riscv64'
63 silly reify ]
64 silly reify mark retired [
64 silly reify   '/Users/k1zzle/Desktop/velou-shopping-assistant/node_modules/esbuild/node_modules/@esbuild/linux-s390x'
64 silly reify ]
65 silly reify mark retired [
65 silly reify   '/Users/k1zzle/Desktop/velou-shopping-assistant/node_modules/esbuild/node_modules/@esbuild/linux-x64'
65 silly reify ]
66 silly reify mark retired [
66 silly reify   '/Users/k1zzle/Desktop/velou-shopping-assistant/node_modules/esbuild/node_modules/@esbuild/netbsd-arm64'
66 silly reify ]
67 silly reify mark retired [
67 silly reify   '/Users/k1zzle/Desktop/velou-shopping-assistant/node_modules/esbuild/node_modules/@esbuild/netbsd-x64'
67 silly reify ]
68 silly reify mark retired [
68 silly reify   '/Users/k1zzle/Desktop/velou-shopping-assistant/node_modules/esbuild/node_modules/@esbuild/openbsd-arm64'
68 silly reify ]
69 silly reify mark retired [
69 silly reify   '/Users/k1zzle/Desktop/velou-shopping-assistant/node_modules/esbuild/node_modules/@esbuild/openbsd-x64'
69 silly reify ]
70 silly reify mark retired [
70 silly reify   '/Users/k1zzle/Desktop/velou-shopping-assistant/node_modules/esbuild/node_modules/@esbuild/openharmony-arm64'
70 silly reify ]
71 silly reify mark retired [
71 silly reify   '/Users/k1zzle/Desktop/velou-shopping-assistant/node_modules/esbuild/node_modules/@esbuild/sunos-x64'
71 silly reify ]
72 silly reify mark retired [
72 silly reify   '/Users/k1zzle/Desktop/velou-shopping-assistant/node_modules/esbuild/node_modules/@esbuild/win32-arm64'
72 silly reify ]
73 silly reify mark retired [
73 silly reify   '/Users/k1zzle/Desktop/velou-shopping-assistant/node_modules/esbuild/node_modules/@esbuild/win32-ia32'
73 silly reify ]
74 silly reify mark retired [
74 silly reify   '/Users/k1zzle/Desktop/velou-shopping-assistant/node_modules/esbuild/node_modules/@esbuild/win32-x64'
74 silly reify ]
75 silly reify mark retired [
75 silly reify   '/Users/k1zzle/Desktop/velou-shopping-assistant/node_modules/lightningcss/node_modules/lightningcss-android-arm64'
75 silly reify ]
76 silly reify mark retired [
76 silly reify   '/Users/k1zzle/Desktop/velou-shopping-assistant/node_modules/lightningcss/node_modules/lightningcss-darwin-x64'
76 silly reify ]
77 silly reify mark retired [
77 silly reify   '/Users/k1zzle/Desktop/velou-shopping-assistant/node_modules/lightningcss/node_modules/lightningcss-linux-arm64-musl'
77 silly reify ]
78 silly reify mark retired [
78 silly reify   '/Users/k1zzle/Desktop/velou-shopping-assistant/node_modules/lightningcss/node_modules/lightningcss-linux-x64-gnu'
78 silly reify ]
79 silly reify mark retired [
79 silly reify   '/Users/k1zzle/Desktop/velou-shopping-assistant/node_modules/lightningcss/node_modules/lightningcss-linux-x64-musl'
79 silly reify ]
80 silly reify mark retired [
80 silly reify   '/Users/k1zzle/Desktop/velou-shopping-assistant/node_modules/lightningcss/node_modules/lightningcss-win32-arm64-msvc'
80 silly reify ]
81 silly reify mark retired [
81 silly reify   '/Users/k1zzle/Desktop/velou-shopping-assistant/node_modules/lightningcss/node_modules/lightningcss-win32-x64-msvc'
81 silly reify ]
82 silly reify mark retired [
82 silly reify   '/Users/k1zzle/Desktop/velou-shopping-assistant/node_modules/lightningcss/node_modules/lightningcss-freebsd-x64'
82 silly reify ]
83 silly reify mark retired [
83 silly reify   '/Users/k1zzle/Desktop/velou-shopping-assistant/node_modules/lightningcss/node_modules/lightningcss-linux-arm64-gnu'
83 silly reify ]
84 silly reify mark retired [
84 silly reify   '/Users/k1zzle/Desktop/velou-shopping-assistant/node_modules/lightningcss/node_modules/lightningcss-linux-arm-gnueabihf'
84 silly reify ]
85 silly reify mark retired [
85 silly reify   '/Users/k1zzle/Desktop/velou-shopping-assistant/node_modules/next/node_modules/@next/swc-darwin-x64'
85 silly reify ]
86 silly reify mark retired [
86 silly reify   '/Users/k1zzle/Desktop/velou-shopping-assistant/node_modules/next/node_modules/@next/swc-linux-arm64-gnu'
86 silly reify ]
87 silly reify mark retired [
87 silly reify   '/Users/k1zzle/Desktop/velou-shopping-assistant/node_modules/next/node_modules/@next/swc-linux-arm64-musl'
87 silly reify ]
88 silly reify mark retired [
88 silly reify   '/Users/k1zzle/Desktop/velou-shopping-assistant/node_modules/next/node_modules/@next/swc-linux-x64-gnu'
88 silly reify ]
89 silly reify mark retired [
89 silly reify   '/Users/k1zzle/Desktop/velou-shopping-assistant/node_modules/next/node_modules/@next/swc-linux-x64-musl'
89 silly reify ]
90 silly reify mark retired [
90 silly reify   '/Users/k1zzle/Desktop/velou-shopping-assistant/node_modules/next/node_modules/@next/swc-win32-arm64-msvc'
90 silly reify ]
91 silly reify mark retired [
91 silly reify   '/Users/k1zzle/Desktop/velou-shopping-assistant/node_modules/next/node_modules/@next/swc-win32-x64-msvc'
91 silly reify ]
92 silly reify mark retired [
92 silly reify   '/Users/k1zzle/Desktop/velou-shopping-assistant/node_modules/sharp/node_modules/@img/sharp-darwin-x64'
92 silly reify ]
93 silly reify mark retired [
93 silly reify   '/Users/k1zzle/Desktop/velou-shopping-assistant/node_modules/sharp/node_modules/@img/sharp-libvips-darwin-x64'
93 silly reify ]
94 silly reify mark retired [
94 silly reify   '/Users/k1zzle/Desktop/velou-shopping-assistant/node_modules/sharp/node_modules/@img/sharp-libvips-linux-arm'
94 silly reify ]
95 silly reify mark retired [
95 silly reify   '/Users/k1zzle/Desktop/velou-shopping-assistant/node_modules/sharp/node_modules/@img/sharp-libvips-linux-arm64'
95 silly reify ]
96 silly reify mark retired [
96 silly reify   '/Users/k1zzle/Desktop/velou-shopping-assistant/node_modules/sharp/node_modules/@img/sharp-libvips-linux-ppc64'
96 silly reify ]
97 silly reify mark retired [
97 silly reify   '/Users/k1zzle/Desktop/velou-shopping-assistant/node_modules/sharp/node_modules/@img/sharp-libvips-linux-riscv64'
97 silly reify ]
98 silly reify mark retired [
98 silly reify   '/Users/k1zzle/Desktop/velou-shopping-assistant/node_modules/sharp/node_modules/@img/sharp-libvips-linux-s390x'
98 silly reify ]
99 silly reify mark retired [
99 silly reify   '/Users/k1zzle/Desktop/velou-shopping-assistant/node_modules/sharp/node_modules/@img/sharp-libvips-linux-x64'
99 silly reify ]
100 silly reify mark retired [
100 silly reify   '/Users/k1zzle/Desktop/velou-shopping-assistant/node_modules/sharp/node_modules/@img/sharp-libvips-linuxmusl-arm64'
100 silly reify ]
101 silly reify mark retired [
101 silly reify   '/Users/k1zzle/Desktop/velou-shopping-assistant/node_modules/sharp/node_modules/@img/sharp-linux-arm'
101 silly reify ]
102 silly reify mark retired [
102 silly reify   '/Users/k1zzle/Desktop/velou-shopping-assistant/node_modules/sharp/node_modules/@img/sharp-libvips-linuxmusl-x64'
102 silly reify ]
103 silly reify mark retired [
103 silly reify   '/Users/k1zzle/Desktop/velou-shopping-assistant/node_modules/sharp/node_modules/@img/sharp-linux-arm64'
103 silly reify ]
104 silly reify mark retired [
104 silly reify   '/Users/k1zzle/Desktop/velou-shopping-assistant/node_modules/sharp/node_modules/@img/sharp-linux-riscv64'
104 silly reify ]
105 silly reify mark retired [
105 silly reify   '/Users/k1zzle/Desktop/velou-shopping-assistant/node_modules/sharp/node_modules/@img/sharp-linux-x64'
105 silly reify ]
106 silly reify mark retired [
106 silly reify   '/Users/k1zzle/Desktop/velou-shopping-assistant/node_modules/sharp/node_modules/@img/sharp-linux-s390x'
106 silly reify ]
107 silly reify mark retired [
107 silly reify   '/Users/k1zzle/Desktop/velou-shopping-assistant/node_modules/sharp/node_modules/@img/sharp-linuxmusl-arm64'
107 silly reify ]
108 silly reify mark retired [
108 silly reify   '/Users/k1zzle/Desktop/velou-shopping-assistant/node_modules/sharp/node_modules/@img/sharp-linuxmusl-x64'
108 silly reify ]
109 silly reify mark retired [
109 silly reify   '/Users/k1zzle/Desktop/velou-shopping-assistant/node_modules/sharp/node_modules/@img/sharp-wasm32'
109 silly reify ]
110 silly reify mark retired [
110 silly reify   '/Users/k1zzle/Desktop/velou-shopping-assistant/node_modules/sharp/node_modules/@img/sharp-win32-arm64'
110 silly reify ]
111 silly reify mark retired [
111 silly reify   '/Users/k1zzle/Desktop/velou-shopping-assistant/node_modules/sharp/node_modules/@img/sharp-win32-ia32'
111 silly reify ]
112 silly reify mark retired [
112 silly reify   '/Users/k1zzle/Desktop/velou-shopping-assistant/node_modules/sharp/node_modules/@img/sharp-win32-x64'
112 silly reify ]
113 silly reify mark retired [
113 silly reify   '/Users/k1zzle/Desktop/velou-shopping-assistant/node_modules/sharp/node_modules/@img/sharp-linux-ppc64'
113 silly reify ]
114 silly reify mark retired [
114 silly reify   '/Users/k1zzle/Desktop/velou-shopping-assistant/node_modules/unrs-resolver/node_modules/@unrs/resolver-binding-android-arm-eabi'
114 silly reify ]
115 silly reify mark retired [
115 silly reify   '/Users/k1zzle/Desktop/velou-shopping-assistant/node_modules/unrs-resolver/node_modules/@unrs/resolver-binding-android-arm64'
115 silly reify ]
116 silly reify mark retired [
116 silly reify   '/Users/k1zzle/Desktop/velou-shopping-assistant/node_modules/unrs-resolver/node_modules/@unrs/resolver-binding-darwin-x64'
116 silly reify ]
117 silly reify mark retired [
117 silly reify   '/Users/k1zzle/Desktop/velou-shopping-assistant/node_modules/unrs-resolver/node_modules/@unrs/resolver-binding-freebsd-x64'
117 silly reify ]
118 silly reify mark retired [
118 silly reify   '/Users/k1zzle/Desktop/velou-shopping-assistant/node_modules/unrs-resolver/node_modules/@unrs/resolver-binding-linux-arm-gnueabihf'
118 silly reify ]
119 silly reify mark retired [
119 silly reify   '/Users/k1zzle/Desktop/velou-shopping-assistant/node_modules/unrs-resolver/node_modules/@unrs/resolver-binding-linux-arm-musleabihf'
119 silly reify ]
120 silly reify mark retired [
120 silly reify   '/Users/k1zzle/Desktop/velou-shopping-assistant/node_modules/unrs-resolver/node_modules/@unrs/resolver-binding-linux-arm64-gnu'
120 silly reify ]
121 silly reify mark retired [
121 silly reify   '/Users/k1zzle/Desktop/velou-shopping-assistant/node_modules/unrs-resolver/node_modules/@unrs/resolver-binding-linux-arm64-musl'
121 silly reify ]
122 silly reify mark retired [
122 silly reify   '/Users/k1zzle/Desktop/velou-shopping-assistant/node_modules/unrs-resolver/node_modules/@unrs/resolver-binding-linux-ppc64-gnu'
122 silly reify ]
123 silly reify mark retired [
123 silly reify   '/Users/k1zzle/Desktop/velou-shopping-assistant/node_modules/unrs-resolver/node_modules/@unrs/resolver-binding-linux-riscv64-gnu'
123 silly reify ]
124 silly reify mark retired [
124 silly reify   '/Users/k1zzle/Desktop/velou-shopping-assistant/node_modules/unrs-resolver/node_modules/@unrs/resolver-binding-linux-riscv64-musl'
124 silly reify ]
125 silly reify mark retired [
125 silly reify   '/Users/k1zzle/Desktop/velou-shopping-assistant/node_modules/unrs-resolver/node_modules/@unrs/resolver-binding-linux-s390x-gnu'
125 silly reify ]
126 silly reify mark retired [
126 silly reify   '/Users/k1zzle/Desktop/velou-shopping-assistant/node_modules/unrs-resolver/node_modules/@unrs/resolver-binding-wasm32-wasi'
126 silly reify ]
127 silly reify mark retired [
127 silly reify   '/Users/k1zzle/Desktop/velou-shopping-assistant/node_modules/unrs-resolver/node_modules/@unrs/resolver-binding-win32-arm64-msvc'
127 silly reify ]
128 silly reify mark retired [
128 silly reify   '/Users/k1zzle/Desktop/velou-shopping-assistant/node_modules/unrs-resolver/node_modules/@unrs/resolver-binding-win32-ia32-msvc'
128 silly reify ]
129 silly reify mark retired [
129 silly reify   '/Users/k1zzle/Desktop/velou-shopping-assistant/node_modules/unrs-resolver/node_modules/@unrs/resolver-binding-win32-x64-msvc'
129 silly reify ]
130 silly reify mark retired [
130 silly reify   '/Users/k1zzle/Desktop/velou-shopping-assistant/node_modules/unrs-resolver/node_modules/@unrs/resolver-binding-linux-x64-gnu'
130 silly reify ]
131 silly reify mark retired [
131 silly reify   '/Users/k1zzle/Desktop/velou-shopping-assistant/node_modules/unrs-resolver/node_modules/@unrs/resolver-binding-linux-x64-musl'
131 silly reify ]
132 silly reify mark retired [
132 silly reify   '/Users/k1zzle/Desktop/velou-shopping-assistant/node_modules/@tailwindcss/oxide/node_modules/@tailwindcss/oxide-android-arm64'
132 silly reify ]
133 silly reify mark retired [
133 silly reify   '/Users/k1zzle/Desktop/velou-shopping-assistant/node_modules/@tailwindcss/oxide/node_modules/@tailwindcss/oxide-darwin-x64'
133 silly reify ]
134 silly reify mark retired [
134 silly reify   '/Users/k1zzle/Desktop/velou-shopping-assistant/node_modules/@tailwindcss/oxide/node_modules/@tailwindcss/oxide-freebsd-x64'
134 silly reify ]
135 silly reify mark retired [
135 silly reify   '/Users/k1zzle/Desktop/velou-shopping-assistant/node_modules/@tailwindcss/oxide/node_modules/@tailwindcss/oxide-linux-arm-gnueabihf'
135 silly reify ]
136 silly reify mark retired [
136 silly reify   '/Users/k1zzle/Desktop/velou-shopping-assistant/node_modules/@tailwindcss/oxide/node_modules/@tailwindcss/oxide-linux-arm64-gnu'
136 silly reify ]
137 silly reify mark retired [
137 silly reify   '/Users/k1zzle/Desktop/velou-shopping-assistant/node_modules/@tailwindcss/oxide/node_modules/@tailwindcss/oxide-linux-x64-gnu'
137 silly reify ]
138 silly reify mark retired [
138 silly reify   '/Users/k1zzle/Desktop/velou-shopping-assistant/node_modules/@tailwindcss/oxide/node_modules/@tailwindcss/oxide-linux-arm64-musl'
138 silly reify ]
139 silly reify mark retired [
139 silly reify   '/Users/k1zzle/Desktop/velou-shopping-assistant/node_modules/@tailwindcss/oxide/node_modules/@tailwindcss/oxide-linux-x64-musl'
139 silly reify ]
140 silly reify mark retired [
140 silly reify   '/Users/k1zzle/Desktop/velou-shopping-assistant/node_modules/@tailwindcss/oxide/node_modules/@tailwindcss/oxide-wasm32-wasi'
140 silly reify ]
141 silly reify mark retired [
141 silly reify   '/Users/k1zzle/Desktop/velou-shopping-assistant/node_modules/@tailwindcss/oxide/node_modules/@tailwindcss/oxide-win32-arm64-msvc'
141 silly reify ]
142 silly reify mark retired [
142 silly reify   '/Users/k1zzle/Desktop/velou-shopping-assistant/node_modules/@tailwindcss/oxide/node_modules/@tailwindcss/oxide-win32-x64-msvc'
142 silly reify ]
143 silly reify moves {
143 silly reify   '/Users/k1zzle/Desktop/velou-shopping-assistant/node_modules/esbuild/node_modules/@esbuild/aix-ppc64': '/Users/k1zzle/Desktop/velou-shopping-assistant/node_modules/esbuild/node_modules/@esbuild/.aix-ppc64-WI18XmfN',
143 silly reify   '/Users/k1zzle/Desktop/velou-shopping-assistant/node_modules/esbuild/node_modules/@esbuild/android-arm': '/Users/k1zzle/Desktop/velou-shopping-assistant/node_modules/esbuild/node_modules/@esbuild/.android-arm-HASlFcZW',
143 silly reify   '/Users/k1zzle/Desktop/velou-shopping-assistant/node_modules/esbuild/node_modules/@esbuild/android-arm64': '/Users/k1zzle/Desktop/velou-shopping-assistant/node_modules/esbuild/node_modules/@esbuild/.android-arm64-fUWuMoHp',
143 silly reify   '/Users/k1zzle/Desktop/velou-shopping-assistant/node_modules/esbuild/node_modules/@esbuild/android-x64': '/Users/k1zzle/Desktop/velou-shopping-assistant/node_modules/esbuild/node_modules/@esbuild/.android-x64-ZjhmQvo4',
143 silly reify   '/Users/k1zzle/Desktop/velou-shopping-assistant/node_modules/esbuild/node_modules/@esbuild/darwin-x64': '/Users/k1zzle/Desktop/velou-shopping-assistant/node_modules/esbuild/node_modules/@esbuild/.darwin-x64-Suf8Ough',
143 silly reify   '/Users/k1zzle/Desktop/velou-shopping-assistant/node_modules/esbuild/node_modules/@esbuild/freebsd-arm64': '/Users/k1zzle/Desktop/velou-shopping-assistant/node_modules/esbuild/node_modules/@esbuild/.freebsd-arm64-tC8s5zgt',
143 silly reify   '/Users/k1zzle/Desktop/velou-shopping-assistant/node_modules/esbuild/node_modules/@esbuild/freebsd-x64': '/Users/k1zzle/Desktop/velou-shopping-assistant/node_modules/esbuild/node_modules/@esbuild/.freebsd-x64-q5Tm5X3U',
143 silly reify   '/Users/k1zzle/Desktop/velou-shopping-assistant/node_modules/esbuild/node_modules/@esbuild/linux-arm': '/Users/k1zzle/Desktop/velou-shopping-assistant/node_modules/esbuild/node_modules/@esbuild/.linux-arm-DffJGeiQ',
143 silly reify   '/Users/k1zzle/Desktop/velou-shopping-assistant/node_modules/esbuild/node_modules/@esbuild/linux-arm64': '/Users/k1zzle/Desktop/velou-shopping-assistant/node_modules/esbuild/node_modules/@esbuild/.linux-arm64-GcklNDEO',
143 silly reify   '/Users/k1zzle/Desktop/velou-shopping-assistant/node_modules/esbuild/node_modules/@esbuild/linux-ia32': '/Users/k1zzle/Desktop/velou-shopping-assistant/node_modules/esbuild/node_modules/@esbuild/.linux-ia32-sPRr8p9C',
143 silly reify   '/Users/k1zzle/Desktop/velou-shopping-assistant/node_modules/esbuild/node_modules/@esbuild/linux-loong64': '/Users/k1zzle/Desktop/velou-shopping-assistant/node_modules/esbuild/node_modules/@esbuild/.linux-loong64-pjg0rVwH',
143 silly reify   '/Users/k1zzle/Desktop/velou-shopping-assistant/node_modules/esbuild/node_modules/@esbuild/linux-mips64el': '/Users/k1zzle/Desktop/velou-shopping-assistant/node_modules/esbuild/node_modules/@esbuild/.linux-mips64el-lCayKOlg',
143 silly reify   '/Users/k1zzle/Desktop/velou-shopping-assistant/node_modules/esbuild/node_modules/@esbuild/linux-ppc64': '/Users/k1zzle/Desktop/velou-shopping-assistant/node_modules/esbuild/node_modules/@esbuild/.linux-ppc64-uMptjdw9',
143 silly reify   '/Users/k1zzle/Desktop/velou-shopping-assistant/node_modules/esbuild/node_modules/@esbuild/linux-riscv64': '/Users/k1zzle/Desktop/velou-shopping-assistant/node_modules/esbuild/node_modules/@esbuild/.linux-riscv64-RxyCaGR9',
143 silly reify   '/Users/k1zzle/Desktop/velou-shopping-assistant/node_modules/esbuild/node_modules/@esbuild/linux-s390x': '/Users/k1zzle/Desktop/velou-shopping-assistant/node_modules/esbuild/node_modules/@esbuild/.linux-s390x-j9JCPd8K',
143 silly reify   '/Users/k1zzle/Desktop/velou-shopping-assistant/node_modules/esbuild/node_modules/@esbuild/linux-x64': '/Users/k1zzle/Desktop/velou-shopping-assistant/node_modules/esbuild/node_modules/@esbuild/.linux-x64-7iO3R4au',
143 silly reify   '/Users/k1zzle/Desktop/velou-shopping-assistant/node_modules/esbuild/node_modules/@esbuild/netbsd-arm64': '/Users/k1zzle/Desktop/velou-shopping-assistant/node_modules/esbuild/node_modules/@esbuild/.netbsd-arm64-DJnL8wfV',
143 silly reify   '/Users/k1zzle/Desktop/velou-shopping-assistant/node_modules/esbuild/node_modules/@esbuild/netbsd-x64': '/Users/k1zzle/Desktop/velou-shopping-assistant/node_modules/esbuild/node_modules/@esbuild/.netbsd-x64-ZlGf9t6K',
143 silly reify   '/Users/k1zzle/Desktop/velou-shopping-assistant/node_modules/esbuild/node_modules/@esbuild/openbsd-arm64': '/Users/k1zzle/Desktop/velou-shopping-assistant/node_modules/esbuild/node_modules/@esbuild/.openbsd-arm64-rCG8Z9wa',
143 silly reify   '/Users/k1zzle/Desktop/velou-shopping-assistant/node_modules/esbuild/node_modules/@esbuild/openbsd-x64': '/Users/k1zzle/Desktop/velou-shopping-assistant/node_modules/esbuild/node_modules/@esbuild/.openbsd-x64-fgsrKI2O',
143 silly reify   '/Users/k1zzle/Desktop/velou-shopping-assistant/node_modules/esbuild/node_modules/@esbuild/openharmony-arm64': '/Users/k1zzle/Desktop/velou-shopping-assistant/node_modules/esbuild/node_modules/@esbuild/.openharmony-arm64-L74u6W1A',
143 silly reify   '/Users/k1zzle/Desktop/velou-shopping-assistant/node_modules/esbuild/node_modules/@esbuild/sunos-x64': '/Users/k1zzle/Desktop/velou-shopping-assistant/node_modules/esbuild/node_modules/@esbuild/.sunos-x64-KZqHnSVi',
143 silly reify   '/Users/k1zzle/Desktop/velou-shopping-assistant/node_modules/esbuild/node_modules/@esbuild/win32-arm64': '/Users/k1zzle/Desktop/velou-shopping-assistant/node_modules/esbuild/node_modules/@esbuild/.win32-arm64-H7hVIObF',
143 silly reify   '/Users/k1zzle/Desktop/velou-shopping-assistant/node_modules/esbuild/node_modules/@esbuild/win32-ia32': '/Users/k1zzle/Desktop/velou-shopping-assistant/node_modules/esbuild/node_modules/@esbuild/.win32-ia32-DiKfBgz0',
143 silly reify   '/Users/k1zzle/Desktop/velou-shopping-assistant/node_modules/esbuild/node_modules/@esbuild/win32-x64': '/Users/k1zzle/Desktop/velou-shopping-assistant/node_modules/esbuild/node_modules/@esbuild/.win32-x64-vDCUxwNF',
143 silly reify   '/Users/k1zzle/Desktop/velou-shopping-assistant/node_modules/lightningcss/node_modules/lightningcss-android-arm64': '/Users/k1zzle/Desktop/velou-shopping-assistant/node_modules/lightningcss/node_modules/.lightningcss-android-arm64-aoaz65RN',
143 silly reify   '/Users/k1zzle/Desktop/velou-shopping-assistant/node_modules/lightningcss/node_modules/lightningcss-darwin-x64': '/Users/k1zzle/Desktop/velou-shopping-assistant/node_modules/lightningcss/node_modules/.lightningcss-darwin-x64-zAyMss2f',
143 silly reify   '/Users/k1zzle/Desktop/velou-shopping-assistant/node_modules/lightningcss/node_modules/lightningcss-linux-arm64-musl': '/Users/k1zzle/Desktop/velou-shopping-assistant/node_modules/lightningcss/node_modules/.lightningcss-linux-arm64-musl-d7Cm7VTB',
143 silly reify   '/Users/k1zzle/Desktop/velou-shopping-assistant/node_modules/lightningcss/node_modules/lightningcss-linux-x64-gnu': '/Users/k1zzle/Desktop/velou-shopping-assistant/node_modules/lightningcss/node_modules/.lightningcss-linux-x64-gnu-0L90ALyS',
143 silly reify   '/Users/k1zzle/Desktop/velou-shopping-assistant/node_modules/lightningcss/node_modules/lightningcss-linux-x64-musl': '/Users/k1zzle/Desktop/velou-shopping-assistant/node_modules/lightningcss/node_modules/.lightningcss-linux-x64-musl-P9mLlJfj',
143 silly reify   '/Users/k1zzle/Desktop/velou-shopping-assistant/node_modules/lightningcss/node_modules/lightningcss-win32-arm64-msvc': '/Users/k1zzle/Desktop/velou-shopping-assistant/node_modules/lightningcss/node_modules/.lightningcss-win32-arm64-msvc-5qZYb18F',
143 silly reify   '/Users/k1zzle/Desktop/velou-shopping-assistant/node_modules/lightningcss/node_modules/lightningcss-win32-x64-msvc': '/Users/k1zzle/Desktop/velou-shopping-assistant/node_modules/lightningcss/node_modules/.lightningcss-win32-x64-msvc-SmbVEilw',
143 silly reify   '/Users/k1zzle/Desktop/velou-shopping-assistant/node_modules/lightningcss/node_modules/lightningcss-freebsd-x64': '/Users/k1zzle/Desktop/velou-shopping-assistant/node_modules/lightningcss/node_modules/.lightningcss-freebsd-x64-lmz4eRes',
143 silly reify   '/Users/k1zzle/Desktop/velou-shopping-assistant/node_modules/lightningcss/node_modules/lightningcss-linux-arm64-gnu': '/Users/k1zzle/Desktop/velou-shopping-assistant/node_modules/lightningcss/node_modules/.lightningcss-linux-arm64-gnu-JVrnoBn7',
143 silly reify   '/Users/k1zzle/Desktop/velou-shopping-assistant/node_modules/lightningcss/node_modules/lightningcss-linux-arm-gnueabihf': '/Users/k1zzle/Desktop/velou-shopping-assistant/node_modules/lightningcss/node_modules/.lightningcss-linux-arm-gnueabihf-Kt7h4QI7',
143 silly reify   '/Users/k1zzle/Desktop/velou-shopping-assistant/node_modules/next/node_modules/@next/swc-darwin-x64': '/Users/k1zzle/Desktop/velou-shopping-assistant/node_modules/next/node_modules/@next/.swc-darwin-x64-OfH8tSjd',
143 silly reify   '/Users/k1zzle/Desktop/velou-shopping-assistant/node_modules/next/node_modules/@next/swc-linux-arm64-gnu': '/Users/k1zzle/Desktop/velou-shopping-assistant/node_modules/next/node_modules/@next/.swc-linux-arm64-gnu-FF0mlABr',
143 silly reify   '/Users/k1zzle/Desktop/velou-shopping-assistant/node_modules/next/node_modules/@next/swc-linux-arm64-musl': '/Users/k1zzle/Desktop/velou-shopping-assistant/node_modules/next/node_modules/@next/.swc-linux-arm64-musl-jpotyuqd',
143 silly reify   '/Users/k1zzle/Desktop/velou-shopping-assistant/node_modules/next/node_modules/@next/swc-linux-x64-gnu': '/Users/k1zzle/Desktop/velou-shopping-assistant/node_modules/next/node_modules/@next/.swc-linux-x64-gnu-0ZZ9SQ9Y',
143 silly reify   '/Users/k1zzle/Desktop/velou-shopping-assistant/node_modules/next/node_modules/@next/swc-linux-x64-musl': '/Users/k1zzle/Desktop/velou-shopping-assistant/node_modules/next/node_modules/@next/.swc-linux-x64-musl-wvWynwZN',
143 silly reify   '/Users/k1zzle/Desktop/velou-shopping-assistant/node_modules/next/node_modules/@next/swc-win32-arm64-msvc': '/Users/k1zzle/Desktop/velou-shopping-assistant/node_modules/next/node_modules/@next/.swc-win32-arm64-msvc-z52nJnIW',
143 silly reify   '/Users/k1zzle/Desktop/velou-shopping-assistant/node_modules/next/node_modules/@next/swc-win32-x64-msvc': '/Users/k1zzle/Desktop/velou-shopping-assistant/node_modules/next/node_modules/@next/.swc-win32-x64-msvc-qZutnH9C',
143 silly reify   '/Users/k1zzle/Desktop/velou-shopping-assistant/node_modules/sharp/node_modules/@img/sharp-darwin-x64': '/Users/k1zzle/Desktop/velou-shopping-assistant/node_modules/sharp/node_modules/@img/.sharp-darwin-x64-7yhVt6Ra',
143 silly reify   '/Users/k1zzle/Desktop/velou-shopping-assistant/node_modules/sharp/node_modules/@img/sharp-libvips-darwin-x64': '/Users/k1zzle/Desktop/velou-shopping-assistant/node_modules/sharp/node_modules/@img/.sharp-libvips-darwin-x64-6l07EDR7',
143 silly reify   '/Users/k1zzle/Desktop/velou-shopping-assistant/node_modules/sharp/node_modules/@img/sharp-libvips-linux-arm': '/Users/k1zzle/Desktop/velou-shopping-assistant/node_modules/sharp/node_modules/@img/.sharp-libvips-linux-arm-BYtHXrZ5',
143 silly reify   '/Users/k1zzle/Desktop/velou-shopping-assistant/node_modules/sharp/node_modules/@img/sharp-libvips-linux-arm64': '/Users/k1zzle/Desktop/velou-shopping-assistant/node_modules/sharp/node_modules/@img/.sharp-libvips-linux-arm64-wl5UMvjQ',
143 silly reify   '/Users/k1zzle/Desktop/velou-shopping-assistant/node_modules/sharp/node_modules/@img/sharp-libvips-linux-ppc64': '/Users/k1zzle/Desktop/velou-shopping-assistant/node_modules/sharp/node_modules/@img/.sharp-libvips-linux-ppc64-IX29urL2',
143 silly reify   '/Users/k1zzle/Desktop/velou-shopping-assistant/node_modules/sharp/node_modules/@img/sharp-libvips-linux-riscv64': '/Users/k1zzle/Desktop/velou-shopping-assistant/node_modules/sharp/node_modules/@img/.sharp-libvips-linux-riscv64-S9GY4sIz',
143 silly reify   '/Users/k1zzle/Desktop/velou-shopping-assistant/node_modules/sharp/node_modules/@img/sharp-libvips-linux-s390x': '/Users/k1zzle/Desktop/velou-shopping-assistant/node_modules/sharp/node_modules/@img/.sharp-libvips-linux-s390x-GzG9ksP3',
143 silly reify   '/Users/k1zzle/Desktop/velou-shopping-assistant/node_modules/sharp/node_modules/@img/sharp-libvips-linux-x64': '/Users/k1zzle/Desktop/velou-shopping-assistant/node_modules/sharp/node_modules/@img/.sharp-libvips-linux-x64-JVkIb90B',
143 silly reify   '/Users/k1zzle/Desktop/velou-shopping-assistant/node_modules/sharp/node_modules/@img/sharp-libvips-linuxmusl-arm64': '/Users/k1zzle/Desktop/velou-shopping-assistant/node_modules/sharp/node_modules/@img/.sharp-libvips-linuxmusl-arm64-IMG1cftC',
143 silly reify   '/Users/k1zzle/Desktop/velou-shopping-assistant/node_modules/sharp/node_modules/@img/sharp-linux-arm': '/Users/k1zzle/Desktop/velou-shopping-assistant/node_modules/sharp/node_modules/@img/.sharp-linux-arm-akN9aUAk',
143 silly reify   '/Users/k1zzle/Desktop/velou-shopping-assistant/node_modules/sharp/node_modules/@img/sharp-libvips-linuxmusl-x64': '/Users/k1zzle/Desktop/velou-shopping-assistant/node_modules/sharp/node_modules/@img/.sharp-libvips-linuxmusl-x64-e4SAinbV',
143 silly reify   '/Users/k1zzle/Desktop/velou-shopping-assistant/node_modules/sharp/node_modules/@img/sharp-linux-arm64': '/Users/k1zzle/Desktop/velou-shopping-assistant/node_modules/sharp/node_modules/@img/.sharp-linux-arm64-BiIXxw3L',
143 silly reify   '/Users/k1zzle/Desktop/velou-shopping-assistant/node_modules/sharp/node_modules/@img/sharp-linux-riscv64': '/Users/k1zzle/Desktop/velou-shopping-assistant/node_modules/sharp/node_modules/@img/.sharp-linux-riscv64-ymWfqz7b',
143 silly reify   '/Users/k1zzle/Desktop/velou-shopping-assistant/node_modules/sharp/node_modules/@img/sharp-linux-x64': '/Users/k1zzle/Desktop/velou-shopping-assistant/node_modules/sharp/node_modules/@img/.sharp-linux-x64-UnwZqmx9',
143 silly reify   '/Users/k1zzle/Desktop/velou-shopping-assistant/node_modules/sharp/node_modules/@img/sharp-linux-s390x': '/Users/k1zzle/Desktop/velou-shopping-assistant/node_modules/sharp/node_modules/@img/.sharp-linux-s390x-eCYhGtmp',
143 silly reify   '/Users/k1zzle/Desktop/velou-shopping-assistant/node_modules/sharp/node_modules/@img/sharp-linuxmusl-arm64': '/Users/k1zzle/Desktop/velou-shopping-assistant/node_modules/sharp/node_modules/@img/.sharp-linuxmusl-arm64-aiiCWkKF',
143 silly reify   '/Users/k1zzle/Desktop/velou-shopping-assistant/node_modules/sharp/node_modules/@img/sharp-linuxmusl-x64': '/Users/k1zzle/Desktop/velou-shopping-assistant/node_modules/sharp/node_modules/@img/.sharp-linuxmusl-x64-twVNsNSi',
143 silly reify   '/Users/k1zzle/Desktop/velou-shopping-assistant/node_modules/sharp/node_modules/@img/sharp-wasm32': '/Users/k1zzle/Desktop/velou-shopping-assistant/node_modules/sharp/node_modules/@img/.sharp-wasm32-XrE91gLS',
143 silly reify   '/Users/k1zzle/Desktop/velou-shopping-assistant/node_modules/sharp/node_modules/@img/sharp-win32-arm64': '/Users/k1zzle/Desktop/velou-shopping-assistant/node_modules/sharp/node_modules/@img/.sharp-win32-arm64-PHZzRWP5',
143 silly reify   '/Users/k1zzle/Desktop/velou-shopping-assistant/node_modules/sharp/node_modules/@img/sharp-win32-ia32': '/Users/k1zzle/Desktop/velou-shopping-assistant/node_modules/sharp/node_modules/@img/.sharp-win32-ia32-cYDcfolv',
143 silly reify   '/Users/k1zzle/Desktop/velou-shopping-assistant/node_modules/sharp/node_modules/@img/sharp-win32-x64': '/Users/k1zzle/Desktop/velou-shopping-assistant/node_modules/sharp/node_modules/@img/.sharp-win32-x64-LlzqqKTv',
143 silly reify   '/Users/k1zzle/Desktop/velou-shopping-assistant/node_modules/sharp/node_modules/@img/sharp-linux-ppc64': '/Users/k1zzle/Desktop/velou-shopping-assistant/node_modules/sharp/node_modules/@img/.sharp-linux-ppc64-5yV5unnL',
143 silly reify   '/Users/k1zzle/Desktop/velou-shopping-assistant/node_modules/unrs-resolver/node_modules/@unrs/resolver-binding-android-arm-eabi': '/Users/k1zzle/Desktop/velou-shopping-assistant/node_modules/unrs-resolver/node_modules/@unrs/.resolver-binding-android-arm-eabi-x2StKNYd',
143 silly reify   '/Users/k1zzle/Desktop/velou-shopping-assistant/node_modules/unrs-resolver/node_modules/@unrs/resolver-binding-android-arm64': '/Users/k1zzle/Desktop/velou-shopping-assistant/node_modules/unrs-resolver/node_modules/@unrs/.resolver-binding-android-arm64-vE72lvSu',
143 silly reify   '/Users/k1zzle/Desktop/velou-shopping-assistant/node_modules/unrs-resolver/node_modules/@unrs/resolver-binding-darwin-x64': '/Users/k1zzle/Desktop/velou-shopping-assistant/node_modules/unrs-resolver/node_modules/@unrs/.resolver-binding-darwin-x64-gXfSa6gJ',
143 silly reify   '/Users/k1zzle/Desktop/velou-shopping-assistant/node_modules/unrs-resolver/node_modules/@unrs/resolver-binding-freebsd-x64': '/Users/k1zzle/Desktop/velou-shopping-assistant/node_modules/unrs-resolver/node_modules/@unrs/.resolver-binding-freebsd-x64-Xejc0HHd',
143 silly reify   '/Users/k1zzle/Desktop/velou-shopping-assistant/node_modules/unrs-resolver/node_modules/@unrs/resolver-binding-linux-arm-gnueabihf': '/Users/k1zzle/Desktop/velou-shopping-assistant/node_modules/unrs-resolver/node_modules/@unrs/.resolver-binding-linux-arm-gnueabihf-eG3Zv8AT',
143 silly reify   '/Users/k1zzle/Desktop/velou-shopping-assistant/node_modules/unrs-resolver/node_modules/@unrs/resolver-binding-linux-arm-musleabihf': '/Users/k1zzle/Desktop/velou-shopping-assistant/node_modules/unrs-resolver/node_modules/@unrs/.resolver-binding-linux-arm-musleabihf-YF1dLVJC',
143 silly reify   '/Users/k1zzle/Desktop/velou-shopping-assistant/node_modules/unrs-resolver/node_modules/@unrs/resolver-binding-linux-arm64-gnu': '/Users/k1zzle/Desktop/velou-shopping-assistant/node_modules/unrs-resolver/node_modules/@unrs/.resolver-binding-linux-arm64-gnu-ugg0TRbn',
143 silly reify   '/Users/k1zzle/Desktop/velou-shopping-assistant/node_modules/unrs-resolver/node_modules/@unrs/resolver-binding-linux-arm64-musl': '/Users/k1zzle/Desktop/velou-shopping-assistant/node_modules/unrs-resolver/node_modules/@unrs/.resolver-binding-linux-arm64-musl-jf8mK0EQ',
143 silly reify   '/Users/k1zzle/Desktop/velou-shopping-assistant/node_modules/unrs-resolver/node_modules/@unrs/resolver-binding-linux-ppc64-gnu': '/Users/k1zzle/Desktop/velou-shopping-assistant/node_modules/unrs-resolver/node_modules/@unrs/.resolver-binding-linux-ppc64-gnu-lMb13oSf',
143 silly reify   '/Users/k1zzle/Desktop/velou-shopping-assistant/node_modules/unrs-resolver/node_modules/@unrs/resolver-binding-linux-riscv64-gnu': '/Users/k1zzle/Desktop/velou-shopping-assistant/node_modules/unrs-resolver/node_modules/@unrs/.resolver-binding-linux-riscv64-gnu-YKZbpCL6',
143 silly reify   '/Users/k1zzle/Desktop/velou-shopping-assistant/node_modules/unrs-resolver/node_modules/@unrs/resolver-binding-linux-riscv64-musl': '/Users/k1zzle/Desktop/velou-shopping-assistant/node_modules/unrs-resolver/node_modules/@unrs/.resolver-binding-linux-riscv64-musl-NNHXyqkL',
143 silly reify   '/Users/k1zzle/Desktop/velou-shopping-assistant/node_modules/unrs-resolver/node_modules/@unrs/resolver-binding-linux-s390x-gnu': '/Users/k1zzle/Desktop/velou-shopping-assistant/node_modules/unrs-resolver/node_modules/@unrs/.resolver-binding-linux-s390x-gnu-3abJZ8Ht',
143 silly reify   '/Users/k1zzle/Desktop/velou-shopping-assistant/node_modules/unrs-resolver/node_modules/@unrs/resolver-binding-wasm32-wasi': '/Users/k1zzle/Desktop/velou-shopping-assistant/node_modules/unrs-resolver/node_modules/@unrs/.resolver-binding-wasm32-wasi-fBDPmFfh',
143 silly reify   '/Users/k1zzle/Desktop/velou-shopping-assistant/node_modules/unrs-resolver/node_modules/@unrs/resolver-binding-win32-arm64-msvc': '/Users/k1zzle/Desktop/velou-shopping-assistant/node_modules/unrs-resolver/node_modules/@unrs/.resolver-binding-win32-arm64-msvc-bgP6wIEU',
143 silly reify   '/Users/k1zzle/Desktop/velou-shopping-assistant/node_modules/unrs-resolver/node_modules/@unrs/resolver-binding-win32-ia32-msvc': '/Users/k1zzle/Desktop/velou-shopping-assistant/node_modules/unrs-resolver/node_modules/@unrs/.resolver-binding-win32-ia32-msvc-l2UgtRyU',
143 silly reify   '/Users/k1zzle/Desktop/velou-shopping-assistant/node_modules/unrs-resolver/node_modules/@unrs/resolver-binding-win32-x64-msvc': '/Users/k1zzle/Desktop/velou-shopping-assistant/node_modules/unrs-resolver/node_modules/@unrs/.resolver-binding-win32-x64-msvc-iJ9qYkfn',
143 silly reify   '/Users/k1zzle/Desktop/velou-shopping-assistant/node_modules/unrs-resolver/node_modules/@unrs/resolver-binding-linux-x64-gnu': '/Users/k1zzle/Desktop/velou-shopping-assistant/node_modules/unrs-resolver/node_modules/@unrs/.resolver-binding-linux-x64-gnu-NRBFM0Z1',
143 silly reify   '/Users/k1zzle/Desktop/velou-shopping-assistant/node_modules/unrs-resolver/node_modules/@unrs/resolver-binding-linux-x64-musl': '/Users/k1zzle/Desktop/velou-shopping-assistant/node_modules/unrs-resolver/node_modules/@unrs/.resolver-binding-linux-x64-musl-FLZMCI1X',
143 silly reify   '/Users/k1zzle/Desktop/velou-shopping-assistant/node_modules/@tailwindcss/oxide/node_modules/@tailwindcss/oxide-android-arm64': '/Users/k1zzle/Desktop/velou-shopping-assistant/node_modules/@tailwindcss/oxide/node_modules/@tailwindcss/.oxide-android-arm64-4LoW57bM',
143 silly reify   '/Users/k1zzle/Desktop/velou-shopping-assistant/node_modules/@tailwindcss/oxide/node_modules/@tailwindcss/oxide-darwin-x64': '/Users/k1zzle/Desktop/velou-shopping-assistant/node_modules/@tailwindcss/oxide/node_modules/@tailwindcss/.oxide-darwin-x64-fWzIypqv',
143 silly reify   '/Users/k1zzle/Desktop/velou-shopping-assistant/node_modules/@tailwindcss/oxide/node_modules/@tailwindcss/oxide-freebsd-x64': '/Users/k1zzle/Desktop/velou-shopping-assistant/node_modules/@tailwindcss/oxide/node_modules/@tailwindcss/.oxide-freebsd-x64-1RKCF2Yq',
143 silly reify   '/Users/k1zzle/Desktop/velou-shopping-assistant/node_modules/@tailwindcss/oxide/node_modules/@tailwindcss/oxide-linux-arm-gnueabihf': '/Users/k1zzle/Desktop/velou-shopping-assistant/node_modules/@tailwindcss/oxide/node_modules/@tailwindcss/.oxide-linux-arm-gnueabihf-9gEJw9wo',
143 silly reify   '/Users/k1zzle/Desktop/velou-shopping-assistant/node_modules/@tailwindcss/oxide/node_modules/@tailwindcss/oxide-linux-arm64-gnu': '/Users/k1zzle/Desktop/velou-shopping-assistant/node_modules/@tailwindcss/oxide/node_modules/@tailwindcss/.oxide-linux-arm64-gnu-AnSOydsG',
143 silly reify   '/Users/k1zzle/Desktop/velou-shopping-assistant/node_modules/@tailwindcss/oxide/node_modules/@tailwindcss/oxide-linux-x64-gnu': '/Users/k1zzle/Desktop/velou-shopping-assistant/node_modules/@tailwindcss/oxide/node_modules/@tailwindcss/.oxide-linux-x64-gnu-LXY8sh1c',
143 silly reify   '/Users/k1zzle/Desktop/velou-shopping-assistant/node_modules/@tailwindcss/oxide/node_modules/@tailwindcss/oxide-linux-arm64-musl': '/Users/k1zzle/Desktop/velou-shopping-assistant/node_modules/@tailwindcss/oxide/node_modules/@tailwindcss/.oxide-linux-arm64-musl-fkLwqrER',
143 silly reify   '/Users/k1zzle/Desktop/velou-shopping-assistant/node_modules/@tailwindcss/oxide/node_modules/@tailwindcss/oxide-linux-x64-musl': '/Users/k1zzle/Desktop/velou-shopping-assistant/node_modules/@tailwindcss/oxide/node_modules/@tailwindcss/.oxide-linux-x64-musl-8zGY0a5Q',
143 silly reify   '/Users/k1zzle/Desktop/velou-shopping-assistant/node_modules/@tailwindcss/oxide/node_modules/@tailwindcss/oxide-wasm32-wasi': '/Users/k1zzle/Desktop/velou-shopping-assistant/node_modules/@tailwindcss/oxide/node_modules/@tailwindcss/.oxide-wasm32-wasi-KJledCn3',
143 silly reify   '/Users/k1zzle/Desktop/velou-shopping-assistant/node_modules/@tailwindcss/oxide/node_modules/@tailwindcss/oxide-win32-arm64-msvc': '/Users/k1zzle/Desktop/velou-shopping-assistant/node_modules/@tailwindcss/oxide/node_modules/@tailwindcss/.oxide-win32-arm64-msvc-nE4tuSUF',
143 silly reify   '/Users/k1zzle/Desktop/velou-shopping-assistant/node_modules/@tailwindcss/oxide/node_modules/@tailwindcss/oxide-win32-x64-msvc': '/Users/k1zzle/Desktop/velou-shopping-assistant/node_modules/@tailwindcss/oxide/node_modules/@tailwindcss/.oxide-win32-x64-msvc-gRsAzZAO'
143 silly reify }
144 verbose reify failed optional dependency /Users/k1zzle/Desktop/velou-shopping-assistant/node_modules/@tailwindcss/oxide/node_modules/@tailwindcss/oxide-wasm32-wasi
145 silly reify mark deleted [
145 silly reify   '/Users/k1zzle/Desktop/velou-shopping-assistant/node_modules/@tailwindcss/oxide/node_modules/@tailwindcss/oxide-wasm32-wasi'
145 silly reify ]
146 silly audit bulk request {
146 silly audit   '@alloc/quick-lru': [ '5.2.0' ],
146 silly audit   '@babel/code-frame': [ '7.27.1' ],
146 silly audit   '@babel/compat-data': [ '7.28.5' ],
146 silly audit   '@babel/core': [ '7.28.5' ],
146 silly audit   '@babel/generator': [ '7.28.5' ],
146 silly audit   '@babel/helper-compilation-targets': [ '7.27.2' ],
146 silly audit   '@babel/helper-globals': [ '7.28.0' ],
146 silly audit   '@babel/helper-module-imports': [ '7.27.1' ],
146 silly audit   '@babel/helper-module-transforms': [ '7.28.3' ],
146 silly audit   '@babel/helper-string-parser': [ '7.27.1' ],
146 silly audit   '@babel/helper-validator-identifier': [ '7.28.5' ],
146 silly audit   '@babel/helper-validator-option': [ '7.27.1' ],
146 silly audit   '@babel/helpers': [ '7.28.4' ],
146 silly audit   '@babel/parser': [ '7.28.5' ],
146 silly audit   '@babel/template': [ '7.27.2' ],
146 silly audit   '@babel/traverse': [ '7.28.5' ],
146 silly audit   '@babel/types': [ '7.28.5' ],
146 silly audit   '@emnapi/core': [ '1.7.1' ],
146 silly audit   '@emnapi/runtime': [ '1.7.1' ],
146 silly audit   '@emnapi/wasi-threads': [ '1.1.0' ],
146 silly audit   '@esbuild/darwin-arm64': [ '0.25.12' ],
146 silly audit   '@eslint-community/eslint-utils': [ '4.9.0' ],
146 silly audit   'eslint-visitor-keys': [ '3.4.3', '4.2.1' ],
146 silly audit   '@eslint-community/regexpp': [ '4.12.2' ],
146 silly audit   '@eslint/config-array': [ '0.21.1' ],
146 silly audit   '@eslint/config-helpers': [ '0.4.2' ],
146 silly audit   '@eslint/core': [ '0.17.0' ],
146 silly audit   '@eslint/eslintrc': [ '3.3.1' ],
146 silly audit   '@eslint/js': [ '9.39.1' ],
146 silly audit   '@eslint/object-schema': [ '2.1.7' ],
146 silly audit   '@eslint/plugin-kit': [ '0.4.1' ],
146 silly audit   '@humanfs/core': [ '0.19.1' ],
146 silly audit   '@humanfs/node': [ '0.16.7' ],
146 silly audit   '@humanwhocodes/module-importer': [ '1.0.1' ],
146 silly audit   '@humanwhocodes/retry': [ '0.4.3' ],
146 silly audit   '@img/colour': [ '1.0.0' ],
146 silly audit   '@img/sharp-darwin-arm64': [ '0.34.5' ],
146 silly audit   '@img/sharp-libvips-darwin-arm64': [ '1.2.4' ],
146 silly audit   '@jridgewell/gen-mapping': [ '0.3.13' ],
146 silly audit   '@jridgewell/remapping': [ '2.3.5' ],
146 silly audit   '@jridgewell/resolve-uri': [ '3.1.2' ],
146 silly audit   '@jridgewell/sourcemap-codec': [ '1.5.5' ],
146 silly audit   '@jridgewell/trace-mapping': [ '0.3.31' ],
146 silly audit   '@napi-rs/wasm-runtime': [ '0.2.12' ],
146 silly audit   '@next/env': [ '16.0.3' ],
146 silly audit   '@next/eslint-plugin-next': [ '16.0.3' ],
146 silly audit   '@next/swc-darwin-arm64': [ '16.0.3' ],
146 silly audit   '@nodelib/fs.scandir': [ '2.1.5' ],
146 silly audit   '@nodelib/fs.stat': [ '2.0.5' ],
146 silly audit   '@nodelib/fs.walk': [ '1.2.8' ],
146 silly audit   '@nolyfill/is-core-module': [ '1.0.39' ],
146 silly audit   '@rtsao/scc': [ '1.1.0' ],
146 silly audit   '@swc/helpers': [ '0.5.15' ],
146 silly audit   '@tailwindcss/node': [ '4.1.17' ],
146 silly audit   '@tailwindcss/oxide': [ '4.1.17' ],
146 silly audit   '@tailwindcss/oxide-darwin-arm64': [ '4.1.17' ],
146 silly audit   '@tailwindcss/oxide-android-arm64': [ '4.1.17' ],
146 silly audit   '@tailwindcss/oxide-darwin-x64': [ '4.1.17' ],
146 silly audit   '@tailwindcss/oxide-freebsd-x64': [ '4.1.17' ],
146 silly audit   '@tailwindcss/oxide-linux-arm-gnueabihf': [ '4.1.17' ],
146 silly audit   '@tailwindcss/oxide-linux-arm64-gnu': [ '4.1.17' ],
146 silly audit   '@tailwindcss/oxide-linux-arm64-musl': [ '4.1.17' ],
146 silly audit   '@tailwindcss/oxide-linux-x64-gnu': [ '4.1.17' ],
146 silly audit   '@tailwindcss/oxide-linux-x64-musl': [ '4.1.17' ],
146 silly audit   '@tailwindcss/oxide-win32-arm64-msvc': [ '4.1.17' ],
146 silly audit   '@tailwindcss/oxide-win32-x64-msvc': [ '4.1.17' ],
146 silly audit   '@tailwindcss/postcss': [ '4.1.17' ],
146 silly audit   '@tybys/wasm-util': [ '0.10.1' ],
146 silly audit   '@types/estree': [ '1.0.8' ],
146 silly audit   '@types/json-schema': [ '7.0.15' ],
146 silly audit   '@types/json5': [ '0.0.29' ],
146 silly audit   '@types/node': [ '20.19.25' ],
146 silly audit   '@types/react': [ '19.2.6' ],
146 silly audit   '@types/react-dom': [ '19.2.3' ],
146 silly audit   '@typescript-eslint/eslint-plugin': [ '8.47.0' ],
146 silly audit   ignore: [ '7.0.5', '5.3.2' ],
146 silly audit   '@typescript-eslint/parser': [ '8.47.0' ],
146 silly audit   '@typescript-eslint/project-service': [ '8.47.0' ],
146 silly audit   '@typescript-eslint/scope-manager': [ '8.47.0' ],
146 silly audit   '@typescript-eslint/tsconfig-utils': [ '8.47.0' ],
146 silly audit   '@typescript-eslint/type-utils': [ '8.47.0' ],
146 silly audit   '@typescript-eslint/types': [ '8.47.0' ],
146 silly audit   '@typescript-eslint/typescript-estree': [ '8.47.0' ],
146 silly audit   'brace-expansion': [ '2.0.2', '1.1.12' ],
146 silly audit   'fast-glob': [ '3.3.3', '3.3.1' ],
146 silly audit   'glob-parent': [ '5.1.2', '6.0.2' ],
146 silly audit   minimatch: [ '9.0.5', '3.1.2' ],
146 silly audit   semver: [ '7.7.3', '6.3.1' ],
146 silly audit   '@typescript-eslint/utils': [ '8.47.0' ],
146 silly audit   '@typescript-eslint/visitor-keys': [ '8.47.0' ],
146 silly audit   '@unrs/resolver-binding-darwin-arm64': [ '1.11.1' ],
146 silly audit   acorn: [ '8.15.0' ],
146 silly audit   'acorn-jsx': [ '5.3.2' ],
146 silly audit   ajv: [ '6.12.6' ],
146 silly audit   'ansi-styles': [ '4.3.0' ],
146 silly audit   argparse: [ '2.0.1' ],
146 silly audit   'aria-query': [ '5.3.2' ],
146 silly audit   'array-buffer-byte-length': [ '1.0.2' ],
146 silly audit   'array-includes': [ '3.1.9' ],
146 silly audit   'array.prototype.findlast': [ '1.2.5' ],
146 silly audit   'array.prototype.findlastindex': [ '1.2.6' ],
146 silly audit   'array.prototype.flat': [ '1.3.3' ],
146 silly audit   'array.prototype.flatmap': [ '1.3.3' ],
146 silly audit   'array.prototype.tosorted': [ '1.1.4' ],
146 silly audit   'arraybuffer.prototype.slice': [ '1.0.4' ],
146 silly audit   'ast-types-flow': [ '0.0.8' ],
146 silly audit   'async-function': [ '1.0.0' ],
146 silly audit   'available-typed-arrays': [ '1.0.7' ],
146 silly audit   'axe-core': [ '4.11.0' ],
146 silly audit   'axobject-query': [ '4.1.0' ],
146 silly audit   'balanced-match': [ '1.0.2' ],
146 silly audit   'baseline-browser-mapping': [ '2.8.29' ],
146 silly audit   braces: [ '3.0.3' ],
146 silly audit   browserslist: [ '4.28.0' ],
146 silly audit   'call-bind': [ '1.0.8' ],
146 silly audit   'call-bind-apply-helpers': [ '1.0.2' ],
146 silly audit   'call-bound': [ '1.0.4' ],
146 silly audit   callsites: [ '3.1.0' ],
146 silly audit   'caniuse-lite': [ '1.0.30001756' ],
146 silly audit   chalk: [ '4.1.2' ],
146 silly audit   'client-only': [ '0.0.1' ],
146 silly audit   'color-convert': [ '2.0.1' ],
146 silly audit   'color-name': [ '1.1.4' ],
146 silly audit   'concat-map': [ '0.0.1' ],
146 silly audit   'convert-source-map': [ '2.0.0' ],
146 silly audit   'cross-spawn': [ '7.0.6' ],
146 silly audit   csstype: [ '3.2.3' ],
146 silly audit   'damerau-levenshtein': [ '1.0.8' ],
146 silly audit   'data-view-buffer': [ '1.0.2' ],
146 silly audit   'data-view-byte-length': [ '1.0.2' ],
146 silly audit   'data-view-byte-offset': [ '1.0.1' ],
146 silly audit   debug: [ '4.4.3', '3.2.7' ],
146 silly audit   'deep-is': [ '0.1.4' ],
146 silly audit   'define-data-property': [ '1.1.4' ],
146 silly audit   'define-properties': [ '1.2.1' ],
146 silly audit   'detect-libc': [ '2.1.2' ],
146 silly audit   doctrine: [ '2.1.0' ],
146 silly audit   'dunder-proto': [ '1.0.1' ],
146 silly audit   'electron-to-chromium': [ '1.5.256' ],
146 silly audit   'emoji-regex': [ '9.2.2' ],
146 silly audit   'enhanced-resolve': [ '5.18.3' ],
146 silly audit   'es-abstract': [ '1.24.0' ],
146 silly audit   'es-define-property': [ '1.0.1' ],
146 silly audit   'es-errors': [ '1.3.0' ],
146 silly audit   'es-iterator-helpers': [ '1.2.1' ],
146 silly audit   'es-object-atoms': [ '1.1.1' ],
146 silly audit   'es-set-tostringtag': [ '2.1.0' ],
146 silly audit   'es-shim-unscopables': [ '1.1.0' ],
146 silly audit   'es-to-primitive': [ '1.3.0' ],
146 silly audit   esbuild: [ '0.25.12' ],
146 silly audit   '@esbuild/aix-ppc64': [ '0.25.12' ],
146 silly audit   '@esbuild/android-arm': [ '0.25.12' ],
146 silly audit   '@esbuild/android-arm64': [ '0.25.12' ],
146 silly audit   '@esbuild/android-x64': [ '0.25.12' ],
146 silly audit   '@esbuild/darwin-x64': [ '0.25.12' ],
146 silly audit   '@esbuild/freebsd-arm64': [ '0.25.12' ],
146 silly audit   '@esbuild/freebsd-x64': [ '0.25.12' ],
146 silly audit   '@esbuild/linux-arm': [ '0.25.12' ],
146 silly audit   '@esbuild/linux-arm64': [ '0.25.12' ],
146 silly audit   '@esbuild/linux-ia32': [ '0.25.12' ],
146 silly audit   '@esbuild/linux-loong64': [ '0.25.12' ],
146 silly audit   '@esbuild/linux-mips64el': [ '0.25.12' ],
146 silly audit   '@esbuild/linux-ppc64': [ '0.25.12' ],
146 silly audit   '@esbuild/linux-riscv64': [ '0.25.12' ],
146 silly audit   '@esbuild/linux-s390x': [ '0.25.12' ],
146 silly audit   '@esbuild/linux-x64': [ '0.25.12' ],
146 silly audit   '@esbuild/netbsd-arm64': [ '0.25.12' ],
146 silly audit   '@esbuild/netbsd-x64': [ '0.25.12' ],
146 silly audit   '@esbuild/openbsd-arm64': [ '0.25.12' ],
146 silly audit   '@esbuild/openbsd-x64': [ '0.25.12' ],
146 silly audit   '@esbuild/openharmony-arm64': [ '0.25.12' ],
146 silly audit   '@esbuild/sunos-x64': [ '0.25.12' ],
146 silly audit   '@esbuild/win32-arm64': [ '0.25.12' ],
146 silly audit   '@esbuild/win32-ia32': [ '0.25.12' ],
146 silly audit   '@esbuild/win32-x64': [ '0.25.12' ],
146 silly audit   escalade: [ '3.2.0' ],
146 silly audit   'escape-string-regexp': [ '4.0.0' ],
146 silly audit   eslint: [ '9.39.1' ],
146 silly audit   'eslint-config-next': [ '16.0.3' ],
146 silly audit   globals: [ '16.4.0', '14.0.0' ],
146 silly audit   'eslint-import-resolver-node': [ '0.3.9' ],
146 silly audit   'eslint-import-resolver-typescript': [ '3.10.1' ],
146 silly audit   'eslint-module-utils': [ '2.12.1' ],
146 silly audit   'eslint-plugin-import': [ '2.32.0' ],
146 silly audit   'eslint-plugin-jsx-a11y': [ '6.10.2' ],
146 silly audit   'eslint-plugin-react': [ '7.37.5' ],
146 silly audit   'eslint-plugin-react-hooks': [ '7.0.1' ],
146 silly audit   resolve: [ '2.0.0-next.5', '1.22.11' ],
146 silly audit   'eslint-scope': [ '8.4.0' ],
146 silly audit   espree: [ '10.4.0' ],
146 silly audit   esquery: [ '1.6.0' ],
146 silly audit   esrecurse: [ '4.3.0' ],
146 silly audit   estraverse: [ '5.3.0' ],
146 silly audit   esutils: [ '2.0.3' ],
146 silly audit   'fast-deep-equal': [ '3.1.3' ],
146 silly audit   'fast-json-stable-stringify': [ '2.1.0' ],
146 silly audit   'fast-levenshtein': [ '2.0.6' ],
146 silly audit   fastq: [ '1.19.1' ],
146 silly audit   'file-entry-cache': [ '8.0.0' ],
146 silly audit   'fill-range': [ '7.1.1' ],
146 silly audit   'find-up': [ '5.0.0' ],
146 silly audit   'flat-cache': [ '4.0.1' ],
146 silly audit   flatted: [ '3.3.3' ],
146 silly audit   'for-each': [ '0.3.5' ],
146 silly audit   fsevents: [ '2.3.3' ],
146 silly audit   'function-bind': [ '1.1.2' ],
146 silly audit   'function.prototype.name': [ '1.1.8' ],
146 silly audit   'functions-have-names': [ '1.2.3' ],
146 silly audit   'generator-function': [ '2.0.1' ],
146 silly audit   gensync: [ '1.0.0-beta.2' ],
146 silly audit   'get-intrinsic': [ '1.3.0' ],
146 silly audit   'get-proto': [ '1.0.1' ],
146 silly audit   'get-symbol-description': [ '1.1.0' ],
146 silly audit   'get-tsconfig': [ '4.13.0' ],
146 silly audit   globalthis: [ '1.0.4' ],
146 silly audit   gopd: [ '1.2.0' ],
146 silly audit   'graceful-fs': [ '4.2.11' ],
146 silly audit   graphemer: [ '1.4.0' ],
146 silly audit   'has-bigints': [ '1.1.0' ],
146 silly audit   'has-flag': [ '4.0.0' ],
146 silly audit   'has-property-descriptors': [ '1.0.2' ],
146 silly audit   'has-proto': [ '1.2.0' ],
146 silly audit   'has-symbols': [ '1.1.0' ],
146 silly audit   'has-tostringtag': [ '1.0.2' ],
146 silly audit   hasown: [ '2.0.2' ],
146 silly audit   'hermes-estree': [ '0.25.1' ],
146 silly audit   'hermes-parser': [ '0.25.1' ],
146 silly audit   'import-fresh': [ '3.3.1' ],
146 silly audit   imurmurhash: [ '0.1.4' ],
146 silly audit   'internal-slot': [ '1.1.0' ],
146 silly audit   'is-array-buffer': [ '3.0.5' ],
146 silly audit   'is-async-function': [ '2.1.1' ],
146 silly audit   'is-bigint': [ '1.1.0' ],
146 silly audit   'is-boolean-object': [ '1.2.2' ],
146 silly audit   'is-bun-module': [ '2.0.0' ],
146 silly audit   'is-callable': [ '1.2.7' ],
146 silly audit   'is-core-module': [ '2.16.1' ],
146 silly audit   'is-data-view': [ '1.0.2' ],
146 silly audit   'is-date-object': [ '1.1.0' ],
146 silly audit   'is-extglob': [ '2.1.1' ],
146 silly audit   'is-finalizationregistry': [ '1.1.1' ],
146 silly audit   'is-generator-function': [ '1.1.2' ],
146 silly audit   'is-glob': [ '4.0.3' ],
146 silly audit   'is-map': [ '2.0.3' ],
146 silly audit   'is-negative-zero': [ '2.0.3' ],
146 silly audit   'is-number': [ '7.0.0' ],
146 silly audit   'is-number-object': [ '1.1.1' ],
146 silly audit   'is-regex': [ '1.2.1' ],
146 silly audit   'is-set': [ '2.0.3' ],
146 silly audit   'is-shared-array-buffer': [ '1.0.4' ],
146 silly audit   'is-string': [ '1.1.1' ],
146 silly audit   'is-symbol': [ '1.1.1' ],
146 silly audit   'is-typed-array': [ '1.1.15' ],
146 silly audit   'is-weakmap': [ '2.0.2' ],
146 silly audit   'is-weakref': [ '1.1.1' ],
146 silly audit   'is-weakset': [ '2.0.4' ],
146 silly audit   isarray: [ '2.0.5' ],
146 silly audit   isexe: [ '2.0.0' ],
146 silly audit   'iterator.prototype': [ '1.1.5' ],
146 silly audit   jiti: [ '2.6.1' ],
146 silly audit   'js-tokens': [ '4.0.0' ],
146 silly audit   'js-yaml': [ '4.1.1' ],
146 silly audit   jsesc: [ '3.1.0' ],
146 silly audit   'json-buffer': [ '3.0.1' ],
146 silly audit   'json-schema-traverse': [ '0.4.1' ],
146 silly audit   'json-stable-stringify-without-jsonify': [ '1.0.1' ],
146 silly audit   json5: [ '2.2.3', '1.0.2' ],
146 silly audit   'jsx-ast-utils': [ '3.3.5' ],
146 silly audit   keyv: [ '4.5.4' ],
146 silly audit   'language-subtag-registry': [ '0.3.23' ],
146 silly audit   'language-tags': [ '1.0.9' ],
146 silly audit   levn: [ '0.4.1' ],
146 silly audit   lightningcss: [ '1.30.2' ],
146 silly audit   'lightningcss-darwin-arm64': [ '1.30.2' ],
146 silly audit   'lightningcss-android-arm64': [ '1.30.2' ],
146 silly audit   'lightningcss-darwin-x64': [ '1.30.2' ],
146 silly audit   'lightningcss-freebsd-x64': [ '1.30.2' ],
146 silly audit   'lightningcss-linux-arm-gnueabihf': [ '1.30.2' ],
146 silly audit   'lightningcss-linux-arm64-gnu': [ '1.30.2' ],
146 silly audit   'lightningcss-linux-arm64-musl': [ '1.30.2' ],
146 silly audit   'lightningcss-linux-x64-gnu': [ '1.30.2' ],
146 silly audit   'lightningcss-linux-x64-musl': [ '1.30.2' ],
146 silly audit   'lightningcss-win32-arm64-msvc': [ '1.30.2' ],
146 silly audit   'lightningcss-win32-x64-msvc': [ '1.30.2' ],
146 silly audit   'locate-path': [ '6.0.0' ],
146 silly audit   'lodash.merge': [ '4.6.2' ],
146 silly audit   'loose-envify': [ '1.4.0' ],
146 silly audit   'lru-cache': [ '5.1.1' ],
146 silly audit   'magic-string': [ '0.30.21' ],
146 silly audit   'math-intrinsics': [ '1.1.0' ],
146 silly audit   merge2: [ '1.4.1' ],
146 silly audit   micromatch: [ '4.0.8' ],
146 silly audit   minimist: [ '1.2.8' ],
146 silly audit   ms: [ '2.1.3' ],
146 silly audit   nanoid: [ '3.3.11' ],
146 silly audit   'napi-postinstall': [ '0.3.4' ],
146 silly audit   'natural-compare': [ '1.4.0' ],
146 silly audit   next: [ '16.0.3' ],
146 silly audit   '@next/swc-darwin-x64': [ '16.0.3' ],
146 silly audit   '@next/swc-linux-arm64-gnu': [ '16.0.3' ],
146 silly audit   '@next/swc-linux-arm64-musl': [ '16.0.3' ],
146 silly audit   '@next/swc-linux-x64-gnu': [ '16.0.3' ],
146 silly audit   '@next/swc-linux-x64-musl': [ '16.0.3' ],
146 silly audit   '@next/swc-win32-arm64-msvc': [ '16.0.3' ],
146 silly audit   '@next/swc-win32-x64-msvc': [ '16.0.3' ],
146 silly audit   postcss: [ '8.4.31', '8.5.6' ],
146 silly audit   'node-releases': [ '2.0.27' ],
146 silly audit   'object-assign': [ '4.1.1' ],
146 silly audit   'object-inspect': [ '1.13.4' ],
146 silly audit   'object-keys': [ '1.1.1' ],
146 silly audit   'object.assign': [ '4.1.7' ],
146 silly audit   'object.entries': [ '1.1.9' ],
146 silly audit   'object.fromentries': [ '2.0.8' ],
146 silly audit   'object.groupby': [ '1.0.3' ],
146 silly audit   'object.values': [ '1.2.1' ],
146 silly audit   optionator: [ '0.9.4' ],
146 silly audit   'own-keys': [ '1.0.1' ],
146 silly audit   'p-limit': [ '3.1.0' ],
146 silly audit   'p-locate': [ '5.0.0' ],
146 silly audit   'parent-module': [ '1.0.1' ],
146 silly audit   'path-exists': [ '4.0.0' ],
146 silly audit   'path-key': [ '3.1.1' ],
146 silly audit   'path-parse': [ '1.0.7' ],
146 silly audit   picocolors: [ '1.1.1' ],
146 silly audit   picomatch: [ '2.3.1', '4.0.3' ],
146 silly audit   'possible-typed-array-names': [ '1.1.0' ],
146 silly audit   'prelude-ls': [ '1.2.1' ],
146 silly audit   'prop-types': [ '15.8.1' ],
146 silly audit   punycode: [ '2.3.1' ],
146 silly audit   'queue-microtask': [ '1.2.3' ],
146 silly audit   react: [ '19.2.0' ],
146 silly audit   'react-dom': [ '19.2.0' ],
146 silly audit   'react-is': [ '16.13.1' ],
146 silly audit   'reflect.getprototypeof': [ '1.0.10' ],
146 silly audit   'regexp.prototype.flags': [ '1.5.4' ],
146 silly audit   'resolve-from': [ '4.0.0' ],
146 silly audit   'resolve-pkg-maps': [ '1.0.0' ],
146 silly audit   reusify: [ '1.1.0' ],
146 silly audit   'run-parallel': [ '1.2.0' ],
146 silly audit   'safe-array-concat': [ '1.1.3' ],
146 silly audit   'safe-push-apply': [ '1.0.0' ],
146 silly audit   'safe-regex-test': [ '1.1.0' ],
146 silly audit   scheduler: [ '0.27.0' ],
146 silly audit   'set-function-length': [ '1.2.2' ],
146 silly audit   'set-function-name': [ '2.0.2' ],
146 silly audit   'set-proto': [ '1.0.0' ],
146 silly audit   sharp: [ '0.34.5' ],
146 silly audit   '@img/sharp-darwin-x64': [ '0.34.5' ],
146 silly audit   '@img/sharp-libvips-darwin-x64': [ '1.2.4' ],
146 silly audit   '@img/sharp-libvips-linux-arm': [ '1.2.4' ],
146 silly audit   '@img/sharp-libvips-linux-arm64': [ '1.2.4' ],
146 silly audit   '@img/sharp-libvips-linux-ppc64': [ '1.2.4' ],
146 silly audit   '@img/sharp-libvips-linux-riscv64': [ '1.2.4' ],
146 silly audit   '@img/sharp-libvips-linux-s390x': [ '1.2.4' ],
146 silly audit   '@img/sharp-libvips-linux-x64': [ '1.2.4' ],
146 silly audit   '@img/sharp-libvips-linuxmusl-arm64': [ '1.2.4' ],
146 silly audit   '@img/sharp-libvips-linuxmusl-x64': [ '1.2.4' ],
146 silly audit   '@img/sharp-linux-arm': [ '0.34.5' ],
146 silly audit   '@img/sharp-linux-arm64': [ '0.34.5' ],
146 silly audit   '@img/sharp-linux-ppc64': [ '0.34.5' ],
146 silly audit   '@img/sharp-linux-riscv64': [ '0.34.5' ],
146 silly audit   '@img/sharp-linux-s390x': [ '0.34.5' ],
146 silly audit   '@img/sharp-linux-x64': [ '0.34.5' ],
146 silly audit   '@img/sharp-linuxmusl-arm64': [ '0.34.5' ],
146 silly audit   '@img/sharp-linuxmusl-x64': [ '0.34.5' ],
146 silly audit   '@img/sharp-wasm32': [ '0.34.5' ],
146 silly audit   '@img/sharp-win32-arm64': [ '0.34.5' ],
146 silly audit   '@img/sharp-win32-ia32': [ '0.34.5' ],
146 silly audit   '@img/sharp-win32-x64': [ '0.34.5' ],
146 silly audit   'shebang-command': [ '2.0.0' ],
146 silly audit   'shebang-regex': [ '3.0.0' ],
146 silly audit   'side-channel': [ '1.1.0' ],
146 silly audit   'side-channel-list': [ '1.0.0' ],
146 silly audit   'side-channel-map': [ '1.0.1' ],
146 silly audit   'side-channel-weakmap': [ '1.0.2' ],
146 silly audit   'source-map-js': [ '1.2.1' ],
146 silly audit   'stable-hash': [ '0.0.5' ],
146 silly audit   'stop-iteration-iterator': [ '1.1.0' ],
146 silly audit   'string.prototype.includes': [ '2.0.1' ],
146 silly audit   'string.prototype.matchall': [ '4.0.12' ],
146 silly audit   'string.prototype.repeat': [ '1.0.0' ],
146 silly audit   'string.prototype.trim': [ '1.2.10' ],
146 silly audit   'string.prototype.trimend': [ '1.0.9' ],
146 silly audit   'string.prototype.trimstart': [ '1.0.8' ],
146 silly audit   'strip-bom': [ '3.0.0' ],
146 silly audit   'strip-json-comments': [ '3.1.1' ],
146 silly audit   'styled-jsx': [ '5.1.6' ],
146 silly audit   'supports-color': [ '7.2.0' ],
146 silly audit   'supports-preserve-symlinks-flag': [ '1.0.0' ],
146 silly audit   tailwindcss: [ '4.1.17' ],
146 silly audit   tapable: [ '2.3.0' ],
146 silly audit   tinyglobby: [ '0.2.15' ],
146 silly audit   fdir: [ '6.5.0' ],
146 silly audit   'to-regex-range': [ '5.0.1' ],
146 silly audit   'ts-api-utils': [ '2.1.0' ],
146 silly audit   'tsconfig-paths': [ '3.15.0' ],
146 silly audit   tslib: [ '2.8.1' ],
146 silly audit   tsx: [ '4.20.6' ],
146 silly audit   'type-check': [ '0.4.0' ],
146 silly audit   'typed-array-buffer': [ '1.0.3' ],
146 silly audit   'typed-array-byte-length': [ '1.0.3' ],
146 silly audit   'typed-array-byte-offset': [ '1.0.4' ],
146 silly audit   'typed-array-length': [ '1.0.7' ],
146 silly audit   typescript: [ '5.9.3' ],
146 silly audit   'typescript-eslint': [ '8.47.0' ],
146 silly audit   'unbox-primitive': [ '1.1.0' ],
146 silly audit   'undici-types': [ '6.21.0' ],
146 silly audit   'unrs-resolver': [ '1.11.1' ],
146 silly audit   '@unrs/resolver-binding-android-arm-eabi': [ '1.11.1' ],
146 silly audit   '@unrs/resolver-binding-android-arm64': [ '1.11.1' ],
146 silly audit   '@unrs/resolver-binding-darwin-x64': [ '1.11.1' ],
146 silly audit   '@unrs/resolver-binding-freebsd-x64': [ '1.11.1' ],
146 silly audit   '@unrs/resolver-binding-linux-arm-gnueabihf': [ '1.11.1' ],
146 silly audit   '@unrs/resolver-binding-linux-arm-musleabihf': [ '1.11.1' ],
146 silly audit   '@unrs/resolver-binding-linux-arm64-gnu': [ '1.11.1' ],
146 silly audit   '@unrs/resolver-binding-linux-arm64-musl': [ '1.11.1' ],
146 silly audit   '@unrs/resolver-binding-linux-ppc64-gnu': [ '1.11.1' ],
146 silly audit   '@unrs/resolver-binding-linux-riscv64-gnu': [ '1.11.1' ],
146 silly audit   '@unrs/resolver-binding-linux-riscv64-musl': [ '1.11.1' ],
146 silly audit   '@unrs/resolver-binding-linux-s390x-gnu': [ '1.11.1' ],
146 silly audit   '@unrs/resolver-binding-linux-x64-gnu': [ '1.11.1' ],
146 silly audit   '@unrs/resolver-binding-linux-x64-musl': [ '1.11.1' ],
146 silly audit   '@unrs/resolver-binding-wasm32-wasi': [ '1.11.1' ],
146 silly audit   '@unrs/resolver-binding-win32-arm64-msvc': [ '1.11.1' ],
146 silly audit   '@unrs/resolver-binding-win32-ia32-msvc': [ '1.11.1' ],
146 silly audit   '@unrs/resolver-binding-win32-x64-msvc': [ '1.11.1' ],
146 silly audit   'update-browserslist-db': [ '1.1.4' ],
146 silly audit   'uri-js': [ '4.4.1' ],
146 silly audit   which: [ '2.0.2' ],
146 silly audit   'which-boxed-primitive': [ '1.1.1' ],
146 silly audit   'which-builtin-type': [ '1.2.1' ],
146 silly audit   'which-collection': [ '1.0.2' ],
146 silly audit   'which-typed-array': [ '1.1.19' ],
146 silly audit   'word-wrap': [ '1.2.5' ],
146 silly audit   yallist: [ '3.1.1' ],
146 silly audit   'yocto-queue': [ '0.1.0' ],
146 silly audit   zod: [ '4.1.12' ],
146 silly audit   'zod-validation-error': [ '4.0.2' ],
146 silly audit   '@prisma/client': [ '5.19.1' ],
146 silly audit   prisma: [ '5.19.1' ],
146 silly audit   '@prisma/engines': [ '5.19.1' ],
146 silly audit   '@prisma/debug': [ '5.19.1' ],
146 silly audit   '@prisma/engines-version': [ '5.19.1-2.69d742ee20b815d88e17e54db4a2a7a3b30324e3' ],
146 silly audit   '@prisma/fetch-engine': [ '5.19.1' ],
146 silly audit   '@prisma/get-platform': [ '5.19.1' ],
146 silly audit   '@tailwindcss/oxide-wasm32-wasi': [ '4.1.17' ]
146 silly audit }
147 verbose reify failed optional dependency /Users/k1zzle/Desktop/velou-shopping-assistant/node_modules/@tailwindcss/oxide/node_modules/@tailwindcss/oxide-win32-x64-msvc
148 silly reify mark deleted [
148 silly reify   '/Users/k1zzle/Desktop/velou-shopping-assistant/node_modules/@tailwindcss/oxide/node_modules/@tailwindcss/oxide-win32-x64-msvc'
148 silly reify ]
149 verbose reify failed optional dependency /Users/k1zzle/Desktop/velou-shopping-assistant/node_modules/@tailwindcss/oxide/node_modules/@tailwindcss/oxide-win32-arm64-msvc
150 silly reify mark deleted [
150 silly reify   '/Users/k1zzle/Desktop/velou-shopping-assistant/node_modules/@tailwindcss/oxide/node_modules/@tailwindcss/oxide-win32-arm64-msvc'
150 silly reify ]
151 verbose reify failed optional dependency /Users/k1zzle/Desktop/velou-shopping-assistant/node_modules/@tailwindcss/oxide/node_modules/@tailwindcss/oxide-linux-x64-musl
152 silly reify mark deleted [
152 silly reify   '/Users/k1zzle/Desktop/velou-shopping-assistant/node_modules/@tailwindcss/oxide/node_modules/@tailwindcss/oxide-linux-x64-musl'
152 silly reify ]
153 verbose reify failed optional dependency /Users/k1zzle/Desktop/velou-shopping-assistant/node_modules/@tailwindcss/oxide/node_modules/@tailwindcss/oxide-linux-arm64-musl
154 silly reify mark deleted [
154 silly reify   '/Users/k1zzle/Desktop/velou-shopping-assistant/node_modules/@tailwindcss/oxide/node_modules/@tailwindcss/oxide-linux-arm64-musl'
154 silly reify ]
155 verbose reify failed optional dependency /Users/k1zzle/Desktop/velou-shopping-assistant/node_modules/@tailwindcss/oxide/node_modules/@tailwindcss/oxide-linux-x64-gnu
156 silly reify mark deleted [
156 silly reify   '/Users/k1zzle/Desktop/velou-shopping-assistant/node_modules/@tailwindcss/oxide/node_modules/@tailwindcss/oxide-linux-x64-gnu'
156 silly reify ]
157 verbose reify failed optional dependency /Users/k1zzle/Desktop/velou-shopping-assistant/node_modules/@tailwindcss/oxide/node_modules/@tailwindcss/oxide-linux-arm64-gnu
158 silly reify mark deleted [
158 silly reify   '/Users/k1zzle/Desktop/velou-shopping-assistant/node_modules/@tailwindcss/oxide/node_modules/@tailwindcss/oxide-linux-arm64-gnu'
158 silly reify ]
159 verbose reify failed optional dependency /Users/k1zzle/Desktop/velou-shopping-assistant/node_modules/@tailwindcss/oxide/node_modules/@tailwindcss/oxide-linux-arm-gnueabihf
160 silly reify mark deleted [
160 silly reify   '/Users/k1zzle/Desktop/velou-shopping-assistant/node_modules/@tailwindcss/oxide/node_modules/@tailwindcss/oxide-linux-arm-gnueabihf'
160 silly reify ]
161 verbose reify failed optional dependency /Users/k1zzle/Desktop/velou-shopping-assistant/node_modules/@tailwindcss/oxide/node_modules/@tailwindcss/oxide-freebsd-x64
162 silly reify mark deleted [
162 silly reify   '/Users/k1zzle/Desktop/velou-shopping-assistant/node_modules/@tailwindcss/oxide/node_modules/@tailwindcss/oxide-freebsd-x64'
162 silly reify ]
163 verbose reify failed optional dependency /Users/k1zzle/Desktop/velou-shopping-assistant/node_modules/@tailwindcss/oxide/node_modules/@tailwindcss/oxide-darwin-x64
164 silly reify mark deleted [
164 silly reify   '/Users/k1zzle/Desktop/velou-shopping-assistant/node_modules/@tailwindcss/oxide/node_modules/@tailwindcss/oxide-darwin-x64'
164 silly reify ]
165 verbose reify failed optional dependency /Users/k1zzle/Desktop/velou-shopping-assistant/node_modules/@tailwindcss/oxide/node_modules/@tailwindcss/oxide-android-arm64
166 silly reify mark deleted [
166 silly reify   '/Users/k1zzle/Desktop/velou-shopping-assistant/node_modules/@tailwindcss/oxide/node_modules/@tailwindcss/oxide-android-arm64'
166 silly reify ]
167 verbose reify failed optional dependency /Users/k1zzle/Desktop/velou-shopping-assistant/node_modules/unrs-resolver/node_modules/@unrs/resolver-binding-linux-x64-musl
168 silly reify mark deleted [
168 silly reify   '/Users/k1zzle/Desktop/velou-shopping-assistant/node_modules/unrs-resolver/node_modules/@unrs/resolver-binding-linux-x64-musl'
168 silly reify ]
169 verbose reify failed optional dependency /Users/k1zzle/Desktop/velou-shopping-assistant/node_modules/unrs-resolver/node_modules/@unrs/resolver-binding-linux-x64-gnu
170 silly reify mark deleted [
170 silly reify   '/Users/k1zzle/Desktop/velou-shopping-assistant/node_modules/unrs-resolver/node_modules/@unrs/resolver-binding-linux-x64-gnu'
170 silly reify ]
171 verbose reify failed optional dependency /Users/k1zzle/Desktop/velou-shopping-assistant/node_modules/unrs-resolver/node_modules/@unrs/resolver-binding-win32-x64-msvc
172 silly reify mark deleted [
172 silly reify   '/Users/k1zzle/Desktop/velou-shopping-assistant/node_modules/unrs-resolver/node_modules/@unrs/resolver-binding-win32-x64-msvc'
172 silly reify ]
173 verbose reify failed optional dependency /Users/k1zzle/Desktop/velou-shopping-assistant/node_modules/unrs-resolver/node_modules/@unrs/resolver-binding-win32-ia32-msvc
174 silly reify mark deleted [
174 silly reify   '/Users/k1zzle/Desktop/velou-shopping-assistant/node_modules/unrs-resolver/node_modules/@unrs/resolver-binding-win32-ia32-msvc'
174 silly reify ]
175 verbose reify failed optional dependency /Users/k1zzle/Desktop/velou-shopping-assistant/node_modules/unrs-resolver/node_modules/@unrs/resolver-binding-win32-arm64-msvc
176 silly reify mark deleted [
176 silly reify   '/Users/k1zzle/Desktop/velou-shopping-assistant/node_modules/unrs-resolver/node_modules/@unrs/resolver-binding-win32-arm64-msvc'
176 silly reify ]
177 verbose reify failed optional dependency /Users/k1zzle/Desktop/velou-shopping-assistant/node_modules/unrs-resolver/node_modules/@unrs/resolver-binding-wasm32-wasi
178 silly reify mark deleted [
178 silly reify   '/Users/k1zzle/Desktop/velou-shopping-assistant/node_modules/unrs-resolver/node_modules/@unrs/resolver-binding-wasm32-wasi'
178 silly reify ]
179 verbose reify failed optional dependency /Users/k1zzle/Desktop/velou-shopping-assistant/node_modules/unrs-resolver/node_modules/@unrs/resolver-binding-linux-s390x-gnu
180 silly reify mark deleted [
180 silly reify   '/Users/k1zzle/Desktop/velou-shopping-assistant/node_modules/unrs-resolver/node_modules/@unrs/resolver-binding-linux-s390x-gnu'
180 silly reify ]
181 verbose reify failed optional dependency /Users/k1zzle/Desktop/velou-shopping-assistant/node_modules/unrs-resolver/node_modules/@unrs/resolver-binding-linux-riscv64-musl
182 silly reify mark deleted [
182 silly reify   '/Users/k1zzle/Desktop/velou-shopping-assistant/node_modules/unrs-resolver/node_modules/@unrs/resolver-binding-linux-riscv64-musl'
182 silly reify ]
183 verbose reify failed optional dependency /Users/k1zzle/Desktop/velou-shopping-assistant/node_modules/unrs-resolver/node_modules/@unrs/resolver-binding-linux-riscv64-gnu
184 silly reify mark deleted [
184 silly reify   '/Users/k1zzle/Desktop/velou-shopping-assistant/node_modules/unrs-resolver/node_modules/@unrs/resolver-binding-linux-riscv64-gnu'
184 silly reify ]
185 verbose reify failed optional dependency /Users/k1zzle/Desktop/velou-shopping-assistant/node_modules/unrs-resolver/node_modules/@unrs/resolver-binding-linux-ppc64-gnu
186 silly reify mark deleted [
186 silly reify   '/Users/k1zzle/Desktop/velou-shopping-assistant/node_modules/unrs-resolver/node_modules/@unrs/resolver-binding-linux-ppc64-gnu'
186 silly reify ]
187 verbose reify failed optional dependency /Users/k1zzle/Desktop/velou-shopping-assistant/node_modules/unrs-resolver/node_modules/@unrs/resolver-binding-linux-arm64-musl
188 silly reify mark deleted [
188 silly reify   '/Users/k1zzle/Desktop/velou-shopping-assistant/node_modules/unrs-resolver/node_modules/@unrs/resolver-binding-linux-arm64-musl'
188 silly reify ]
189 verbose reify failed optional dependency /Users/k1zzle/Desktop/velou-shopping-assistant/node_modules/unrs-resolver/node_modules/@unrs/resolver-binding-linux-arm64-gnu
190 silly reify mark deleted [
190 silly reify   '/Users/k1zzle/Desktop/velou-shopping-assistant/node_modules/unrs-resolver/node_modules/@unrs/resolver-binding-linux-arm64-gnu'
190 silly reify ]
191 verbose reify failed optional dependency /Users/k1zzle/Desktop/velou-shopping-assistant/node_modules/unrs-resolver/node_modules/@unrs/resolver-binding-linux-arm-musleabihf
192 silly reify mark deleted [
192 silly reify   '/Users/k1zzle/Desktop/velou-shopping-assistant/node_modules/unrs-resolver/node_modules/@unrs/resolver-binding-linux-arm-musleabihf'
192 silly reify ]
193 verbose reify failed optional dependency /Users/k1zzle/Desktop/velou-shopping-assistant/node_modules/unrs-resolver/node_modules/@unrs/resolver-binding-linux-arm-gnueabihf
194 silly reify mark deleted [
194 silly reify   '/Users/k1zzle/Desktop/velou-shopping-assistant/node_modules/unrs-resolver/node_modules/@unrs/resolver-binding-linux-arm-gnueabihf'
194 silly reify ]
195 verbose reify failed optional dependency /Users/k1zzle/Desktop/velou-shopping-assistant/node_modules/unrs-resolver/node_modules/@unrs/resolver-binding-freebsd-x64
196 silly reify mark deleted [
196 silly reify   '/Users/k1zzle/Desktop/velou-shopping-assistant/node_modules/unrs-resolver/node_modules/@unrs/resolver-binding-freebsd-x64'
196 silly reify ]
197 verbose reify failed optional dependency /Users/k1zzle/Desktop/velou-shopping-assistant/node_modules/unrs-resolver/node_modules/@unrs/resolver-binding-darwin-x64
198 silly reify mark deleted [
198 silly reify   '/Users/k1zzle/Desktop/velou-shopping-assistant/node_modules/unrs-resolver/node_modules/@unrs/resolver-binding-darwin-x64'
198 silly reify ]
199 verbose reify failed optional dependency /Users/k1zzle/Desktop/velou-shopping-assistant/node_modules/unrs-resolver/node_modules/@unrs/resolver-binding-android-arm64
200 silly reify mark deleted [
200 silly reify   '/Users/k1zzle/Desktop/velou-shopping-assistant/node_modules/unrs-resolver/node_modules/@unrs/resolver-binding-android-arm64'
200 silly reify ]
201 verbose reify failed optional dependency /Users/k1zzle/Desktop/velou-shopping-assistant/node_modules/unrs-resolver/node_modules/@unrs/resolver-binding-android-arm-eabi
202 silly reify mark deleted [
202 silly reify   '/Users/k1zzle/Desktop/velou-shopping-assistant/node_modules/unrs-resolver/node_modules/@unrs/resolver-binding-android-arm-eabi'
202 silly reify ]
203 verbose reify failed optional dependency /Users/k1zzle/Desktop/velou-shopping-assistant/node_modules/sharp/node_modules/@img/sharp-linux-ppc64
204 silly reify mark deleted [
204 silly reify   '/Users/k1zzle/Desktop/velou-shopping-assistant/node_modules/sharp/node_modules/@img/sharp-linux-ppc64'
204 silly reify ]
205 verbose reify failed optional dependency /Users/k1zzle/Desktop/velou-shopping-assistant/node_modules/sharp/node_modules/@img/sharp-win32-x64
206 silly reify mark deleted [
206 silly reify   '/Users/k1zzle/Desktop/velou-shopping-assistant/node_modules/sharp/node_modules/@img/sharp-win32-x64'
206 silly reify ]
207 verbose reify failed optional dependency /Users/k1zzle/Desktop/velou-shopping-assistant/node_modules/sharp/node_modules/@img/sharp-win32-ia32
208 silly reify mark deleted [
208 silly reify   '/Users/k1zzle/Desktop/velou-shopping-assistant/node_modules/sharp/node_modules/@img/sharp-win32-ia32'
208 silly reify ]
209 verbose reify failed optional dependency /Users/k1zzle/Desktop/velou-shopping-assistant/node_modules/sharp/node_modules/@img/sharp-win32-arm64
210 silly reify mark deleted [
210 silly reify   '/Users/k1zzle/Desktop/velou-shopping-assistant/node_modules/sharp/node_modules/@img/sharp-win32-arm64'
210 silly reify ]
211 verbose reify failed optional dependency /Users/k1zzle/Desktop/velou-shopping-assistant/node_modules/sharp/node_modules/@img/sharp-wasm32
212 silly reify mark deleted [
212 silly reify   '/Users/k1zzle/Desktop/velou-shopping-assistant/node_modules/sharp/node_modules/@img/sharp-wasm32'
212 silly reify ]
213 verbose reify failed optional dependency /Users/k1zzle/Desktop/velou-shopping-assistant/node_modules/sharp/node_modules/@img/sharp-linuxmusl-x64
214 silly reify mark deleted [
214 silly reify   '/Users/k1zzle/Desktop/velou-shopping-assistant/node_modules/sharp/node_modules/@img/sharp-linuxmusl-x64'
214 silly reify ]
215 verbose reify failed optional dependency /Users/k1zzle/Desktop/velou-shopping-assistant/node_modules/sharp/node_modules/@img/sharp-linuxmusl-arm64
216 silly reify mark deleted [
216 silly reify   '/Users/k1zzle/Desktop/velou-shopping-assistant/node_modules/sharp/node_modules/@img/sharp-linuxmusl-arm64'
216 silly reify ]
217 verbose reify failed optional dependency /Users/k1zzle/Desktop/velou-shopping-assistant/node_modules/sharp/node_modules/@img/sharp-linux-s390x
218 silly reify mark deleted [
218 silly reify   '/Users/k1zzle/Desktop/velou-shopping-assistant/node_modules/sharp/node_modules/@img/sharp-linux-s390x'
218 silly reify ]
219 verbose reify failed optional dependency /Users/k1zzle/Desktop/velou-shopping-assistant/node_modules/sharp/node_modules/@img/sharp-linux-x64
220 silly reify mark deleted [
220 silly reify   '/Users/k1zzle/Desktop/velou-shopping-assistant/node_modules/sharp/node_modules/@img/sharp-linux-x64'
220 silly reify ]
221 verbose reify failed optional dependency /Users/k1zzle/Desktop/velou-shopping-assistant/node_modules/sharp/node_modules/@img/sharp-linux-riscv64
222 silly reify mark deleted [
222 silly reify   '/Users/k1zzle/Desktop/velou-shopping-assistant/node_modules/sharp/node_modules/@img/sharp-linux-riscv64'
222 silly reify ]
223 verbose reify failed optional dependency /Users/k1zzle/Desktop/velou-shopping-assistant/node_modules/sharp/node_modules/@img/sharp-linux-arm64
224 silly reify mark deleted [
224 silly reify   '/Users/k1zzle/Desktop/velou-shopping-assistant/node_modules/sharp/node_modules/@img/sharp-linux-arm64'
224 silly reify ]
225 verbose reify failed optional dependency /Users/k1zzle/Desktop/velou-shopping-assistant/node_modules/sharp/node_modules/@img/sharp-libvips-linuxmusl-x64
226 silly reify mark deleted [
226 silly reify   '/Users/k1zzle/Desktop/velou-shopping-assistant/node_modules/sharp/node_modules/@img/sharp-libvips-linuxmusl-x64'
226 silly reify ]
227 verbose reify failed optional dependency /Users/k1zzle/Desktop/velou-shopping-assistant/node_modules/sharp/node_modules/@img/sharp-linux-arm
228 silly reify mark deleted [
228 silly reify   '/Users/k1zzle/Desktop/velou-shopping-assistant/node_modules/sharp/node_modules/@img/sharp-linux-arm'
228 silly reify ]
229 verbose reify failed optional dependency /Users/k1zzle/Desktop/velou-shopping-assistant/node_modules/sharp/node_modules/@img/sharp-libvips-linuxmusl-arm64
230 silly reify mark deleted [
230 silly reify   '/Users/k1zzle/Desktop/velou-shopping-assistant/node_modules/sharp/node_modules/@img/sharp-libvips-linuxmusl-arm64'
230 silly reify ]
231 verbose reify failed optional dependency /Users/k1zzle/Desktop/velou-shopping-assistant/node_modules/sharp/node_modules/@img/sharp-libvips-linux-x64
232 silly reify mark deleted [
232 silly reify   '/Users/k1zzle/Desktop/velou-shopping-assistant/node_modules/sharp/node_modules/@img/sharp-libvips-linux-x64'
232 silly reify ]
233 verbose reify failed optional dependency /Users/k1zzle/Desktop/velou-shopping-assistant/node_modules/sharp/node_modules/@img/sharp-libvips-linux-s390x
234 silly reify mark deleted [
234 silly reify   '/Users/k1zzle/Desktop/velou-shopping-assistant/node_modules/sharp/node_modules/@img/sharp-libvips-linux-s390x'
234 silly reify ]
235 verbose reify failed optional dependency /Users/k1zzle/Desktop/velou-shopping-assistant/node_modules/sharp/node_modules/@img/sharp-libvips-linux-riscv64
236 silly reify mark deleted [
236 silly reify   '/Users/k1zzle/Desktop/velou-shopping-assistant/node_modules/sharp/node_modules/@img/sharp-libvips-linux-riscv64'
236 silly reify ]
237 verbose reify failed optional dependency /Users/k1zzle/Desktop/velou-shopping-assistant/node_modules/sharp/node_modules/@img/sharp-libvips-linux-ppc64
238 silly reify mark deleted [
238 silly reify   '/Users/k1zzle/Desktop/velou-shopping-assistant/node_modules/sharp/node_modules/@img/sharp-libvips-linux-ppc64'
238 silly reify ]
239 verbose reify failed optional dependency /Users/k1zzle/Desktop/velou-shopping-assistant/node_modules/sharp/node_modules/@img/sharp-libvips-linux-arm64
240 silly reify mark deleted [
240 silly reify   '/Users/k1zzle/Desktop/velou-shopping-assistant/node_modules/sharp/node_modules/@img/sharp-libvips-linux-arm64'
240 silly reify ]
241 verbose reify failed optional dependency /Users/k1zzle/Desktop/velou-shopping-assistant/node_modules/sharp/node_modules/@img/sharp-libvips-linux-arm
242 silly reify mark deleted [
242 silly reify   '/Users/k1zzle/Desktop/velou-shopping-assistant/node_modules/sharp/node_modules/@img/sharp-libvips-linux-arm'
242 silly reify ]
243 verbose reify failed optional dependency /Users/k1zzle/Desktop/velou-shopping-assistant/node_modules/sharp/node_modules/@img/sharp-libvips-darwin-x64
244 silly reify mark deleted [
244 silly reify   '/Users/k1zzle/Desktop/velou-shopping-assistant/node_modules/sharp/node_modules/@img/sharp-libvips-darwin-x64'
244 silly reify ]
245 verbose reify failed optional dependency /Users/k1zzle/Desktop/velou-shopping-assistant/node_modules/sharp/node_modules/@img/sharp-darwin-x64
246 silly reify mark deleted [
246 silly reify   '/Users/k1zzle/Desktop/velou-shopping-assistant/node_modules/sharp/node_modules/@img/sharp-darwin-x64'
246 silly reify ]
247 verbose reify failed optional dependency /Users/k1zzle/Desktop/velou-shopping-assistant/node_modules/next/node_modules/@next/swc-win32-x64-msvc
248 silly reify mark deleted [
248 silly reify   '/Users/k1zzle/Desktop/velou-shopping-assistant/node_modules/next/node_modules/@next/swc-win32-x64-msvc'
248 silly reify ]
249 verbose reify failed optional dependency /Users/k1zzle/Desktop/velou-shopping-assistant/node_modules/next/node_modules/@next/swc-win32-arm64-msvc
250 silly reify mark deleted [
250 silly reify   '/Users/k1zzle/Desktop/velou-shopping-assistant/node_modules/next/node_modules/@next/swc-win32-arm64-msvc'
250 silly reify ]
251 verbose reify failed optional dependency /Users/k1zzle/Desktop/velou-shopping-assistant/node_modules/next/node_modules/@next/swc-linux-x64-musl
252 silly reify mark deleted [
252 silly reify   '/Users/k1zzle/Desktop/velou-shopping-assistant/node_modules/next/node_modules/@next/swc-linux-x64-musl'
252 silly reify ]
253 verbose reify failed optional dependency /Users/k1zzle/Desktop/velou-shopping-assistant/node_modules/next/node_modules/@next/swc-linux-x64-gnu
254 silly reify mark deleted [
254 silly reify   '/Users/k1zzle/Desktop/velou-shopping-assistant/node_modules/next/node_modules/@next/swc-linux-x64-gnu'
254 silly reify ]
255 verbose reify failed optional dependency /Users/k1zzle/Desktop/velou-shopping-assistant/node_modules/next/node_modules/@next/swc-linux-arm64-musl
256 silly reify mark deleted [
256 silly reify   '/Users/k1zzle/Desktop/velou-shopping-assistant/node_modules/next/node_modules/@next/swc-linux-arm64-musl'
256 silly reify ]
257 verbose reify failed optional dependency /Users/k1zzle/Desktop/velou-shopping-assistant/node_modules/next/node_modules/@next/swc-linux-arm64-gnu
258 silly reify mark deleted [
258 silly reify   '/Users/k1zzle/Desktop/velou-shopping-assistant/node_modules/next/node_modules/@next/swc-linux-arm64-gnu'
258 silly reify ]
259 verbose reify failed optional dependency /Users/k1zzle/Desktop/velou-shopping-assistant/node_modules/next/node_modules/@next/swc-darwin-x64
260 silly reify mark deleted [
260 silly reify   '/Users/k1zzle/Desktop/velou-shopping-assistant/node_modules/next/node_modules/@next/swc-darwin-x64'
260 silly reify ]
261 verbose reify failed optional dependency /Users/k1zzle/Desktop/velou-shopping-assistant/node_modules/lightningcss/node_modules/lightningcss-linux-arm-gnueabihf
262 silly reify mark deleted [
262 silly reify   '/Users/k1zzle/Desktop/velou-shopping-assistant/node_modules/lightningcss/node_modules/lightningcss-linux-arm-gnueabihf'
262 silly reify ]
263 verbose reify failed optional dependency /Users/k1zzle/Desktop/velou-shopping-assistant/node_modules/lightningcss/node_modules/lightningcss-linux-arm64-gnu
264 silly reify mark deleted [
264 silly reify   '/Users/k1zzle/Desktop/velou-shopping-assistant/node_modules/lightningcss/node_modules/lightningcss-linux-arm64-gnu'
264 silly reify ]
265 verbose reify failed optional dependency /Users/k1zzle/Desktop/velou-shopping-assistant/node_modules/lightningcss/node_modules/lightningcss-freebsd-x64
266 silly reify mark deleted [
266 silly reify   '/Users/k1zzle/Desktop/velou-shopping-assistant/node_modules/lightningcss/node_modules/lightningcss-freebsd-x64'
266 silly reify ]
267 verbose reify failed optional dependency /Users/k1zzle/Desktop/velou-shopping-assistant/node_modules/lightningcss/node_modules/lightningcss-win32-x64-msvc
268 silly reify mark deleted [
268 silly reify   '/Users/k1zzle/Desktop/velou-shopping-assistant/node_modules/lightningcss/node_modules/lightningcss-win32-x64-msvc'
268 silly reify ]
269 verbose reify failed optional dependency /Users/k1zzle/Desktop/velou-shopping-assistant/node_modules/lightningcss/node_modules/lightningcss-win32-arm64-msvc
270 silly reify mark deleted [
270 silly reify   '/Users/k1zzle/Desktop/velou-shopping-assistant/node_modules/lightningcss/node_modules/lightningcss-win32-arm64-msvc'
270 silly reify ]
271 verbose reify failed optional dependency /Users/k1zzle/Desktop/velou-shopping-assistant/node_modules/lightningcss/node_modules/lightningcss-linux-x64-musl
272 silly reify mark deleted [
272 silly reify   '/Users/k1zzle/Desktop/velou-shopping-assistant/node_modules/lightningcss/node_modules/lightningcss-linux-x64-musl'
272 silly reify ]
273 verbose reify failed optional dependency /Users/k1zzle/Desktop/velou-shopping-assistant/node_modules/lightningcss/node_modules/lightningcss-linux-x64-gnu
274 silly reify mark deleted [
274 silly reify   '/Users/k1zzle/Desktop/velou-shopping-assistant/node_modules/lightningcss/node_modules/lightningcss-linux-x64-gnu'
274 silly reify ]
275 verbose reify failed optional dependency /Users/k1zzle/Desktop/velou-shopping-assistant/node_modules/lightningcss/node_modules/lightningcss-linux-arm64-musl
276 silly reify mark deleted [
276 silly reify   '/Users/k1zzle/Desktop/velou-shopping-assistant/node_modules/lightningcss/node_modules/lightningcss-linux-arm64-musl'
276 silly reify ]
277 verbose reify failed optional dependency /Users/k1zzle/Desktop/velou-shopping-assistant/node_modules/lightningcss/node_modules/lightningcss-darwin-x64
278 silly reify mark deleted [
278 silly reify   '/Users/k1zzle/Desktop/velou-shopping-assistant/node_modules/lightningcss/node_modules/lightningcss-darwin-x64'
278 silly reify ]
279 verbose reify failed optional dependency /Users/k1zzle/Desktop/velou-shopping-assistant/node_modules/lightningcss/node_modules/lightningcss-android-arm64
280 silly reify mark deleted [
280 silly reify   '/Users/k1zzle/Desktop/velou-shopping-assistant/node_modules/lightningcss/node_modules/lightningcss-android-arm64'
280 silly reify ]
281 verbose reify failed optional dependency /Users/k1zzle/Desktop/velou-shopping-assistant/node_modules/esbuild/node_modules/@esbuild/win32-x64
282 silly reify mark deleted [
282 silly reify   '/Users/k1zzle/Desktop/velou-shopping-assistant/node_modules/esbuild/node_modules/@esbuild/win32-x64'
282 silly reify ]
283 verbose reify failed optional dependency /Users/k1zzle/Desktop/velou-shopping-assistant/node_modules/esbuild/node_modules/@esbuild/win32-ia32
284 silly reify mark deleted [
284 silly reify   '/Users/k1zzle/Desktop/velou-shopping-assistant/node_modules/esbuild/node_modules/@esbuild/win32-ia32'
284 silly reify ]
285 verbose reify failed optional dependency /Users/k1zzle/Desktop/velou-shopping-assistant/node_modules/esbuild/node_modules/@esbuild/win32-arm64
286 silly reify mark deleted [
286 silly reify   '/Users/k1zzle/Desktop/velou-shopping-assistant/node_modules/esbuild/node_modules/@esbuild/win32-arm64'
286 silly reify ]
287 verbose reify failed optional dependency /Users/k1zzle/Desktop/velou-shopping-assistant/node_modules/esbuild/node_modules/@esbuild/sunos-x64
288 silly reify mark deleted [
288 silly reify   '/Users/k1zzle/Desktop/velou-shopping-assistant/node_modules/esbuild/node_modules/@esbuild/sunos-x64'
288 silly reify ]
289 verbose reify failed optional dependency /Users/k1zzle/Desktop/velou-shopping-assistant/node_modules/esbuild/node_modules/@esbuild/openharmony-arm64
290 silly reify mark deleted [
290 silly reify   '/Users/k1zzle/Desktop/velou-shopping-assistant/node_modules/esbuild/node_modules/@esbuild/openharmony-arm64'
290 silly reify ]
291 verbose reify failed optional dependency /Users/k1zzle/Desktop/velou-shopping-assistant/node_modules/esbuild/node_modules/@esbuild/openbsd-x64
292 silly reify mark deleted [
292 silly reify   '/Users/k1zzle/Desktop/velou-shopping-assistant/node_modules/esbuild/node_modules/@esbuild/openbsd-x64'
292 silly reify ]
293 verbose reify failed optional dependency /Users/k1zzle/Desktop/velou-shopping-assistant/node_modules/esbuild/node_modules/@esbuild/openbsd-arm64
294 silly reify mark deleted [
294 silly reify   '/Users/k1zzle/Desktop/velou-shopping-assistant/node_modules/esbuild/node_modules/@esbuild/openbsd-arm64'
294 silly reify ]
295 verbose reify failed optional dependency /Users/k1zzle/Desktop/velou-shopping-assistant/node_modules/esbuild/node_modules/@esbuild/netbsd-x64
296 silly reify mark deleted [
296 silly reify   '/Users/k1zzle/Desktop/velou-shopping-assistant/node_modules/esbuild/node_modules/@esbuild/netbsd-x64'
296 silly reify ]
297 verbose reify failed optional dependency /Users/k1zzle/Desktop/velou-shopping-assistant/node_modules/esbuild/node_modules/@esbuild/netbsd-arm64
298 silly reify mark deleted [
298 silly reify   '/Users/k1zzle/Desktop/velou-shopping-assistant/node_modules/esbuild/node_modules/@esbuild/netbsd-arm64'
298 silly reify ]
299 verbose reify failed optional dependency /Users/k1zzle/Desktop/velou-shopping-assistant/node_modules/esbuild/node_modules/@esbuild/linux-x64
300 silly reify mark deleted [
300 silly reify   '/Users/k1zzle/Desktop/velou-shopping-assistant/node_modules/esbuild/node_modules/@esbuild/linux-x64'
300 silly reify ]
301 verbose reify failed optional dependency /Users/k1zzle/Desktop/velou-shopping-assistant/node_modules/esbuild/node_modules/@esbuild/linux-s390x
302 silly reify mark deleted [
302 silly reify   '/Users/k1zzle/Desktop/velou-shopping-assistant/node_modules/esbuild/node_modules/@esbuild/linux-s390x'
302 silly reify ]
303 verbose reify failed optional dependency /Users/k1zzle/Desktop/velou-shopping-assistant/node_modules/esbuild/node_modules/@esbuild/linux-riscv64
304 silly reify mark deleted [
304 silly reify   '/Users/k1zzle/Desktop/velou-shopping-assistant/node_modules/esbuild/node_modules/@esbuild/linux-riscv64'
304 silly reify ]
305 verbose reify failed optional dependency /Users/k1zzle/Desktop/velou-shopping-assistant/node_modules/esbuild/node_modules/@esbuild/linux-ppc64
306 silly reify mark deleted [
306 silly reify   '/Users/k1zzle/Desktop/velou-shopping-assistant/node_modules/esbuild/node_modules/@esbuild/linux-ppc64'
306 silly reify ]
307 verbose reify failed optional dependency /Users/k1zzle/Desktop/velou-shopping-assistant/node_modules/esbuild/node_modules/@esbuild/linux-mips64el
308 silly reify mark deleted [
308 silly reify   '/Users/k1zzle/Desktop/velou-shopping-assistant/node_modules/esbuild/node_modules/@esbuild/linux-mips64el'
308 silly reify ]
309 verbose reify failed optional dependency /Users/k1zzle/Desktop/velou-shopping-assistant/node_modules/esbuild/node_modules/@esbuild/linux-loong64
310 silly reify mark deleted [
310 silly reify   '/Users/k1zzle/Desktop/velou-shopping-assistant/node_modules/esbuild/node_modules/@esbuild/linux-loong64'
310 silly reify ]
311 verbose reify failed optional dependency /Users/k1zzle/Desktop/velou-shopping-assistant/node_modules/esbuild/node_modules/@esbuild/linux-ia32
312 silly reify mark deleted [
312 silly reify   '/Users/k1zzle/Desktop/velou-shopping-assistant/node_modules/esbuild/node_modules/@esbuild/linux-ia32'
312 silly reify ]
313 verbose reify failed optional dependency /Users/k1zzle/Desktop/velou-shopping-assistant/node_modules/esbuild/node_modules/@esbuild/linux-arm64
314 silly reify mark deleted [
314 silly reify   '/Users/k1zzle/Desktop/velou-shopping-assistant/node_modules/esbuild/node_modules/@esbuild/linux-arm64'
314 silly reify ]
315 verbose reify failed optional dependency /Users/k1zzle/Desktop/velou-shopping-assistant/node_modules/esbuild/node_modules/@esbuild/linux-arm
316 silly reify mark deleted [
316 silly reify   '/Users/k1zzle/Desktop/velou-shopping-assistant/node_modules/esbuild/node_modules/@esbuild/linux-arm'
316 silly reify ]
317 verbose reify failed optional dependency /Users/k1zzle/Desktop/velou-shopping-assistant/node_modules/esbuild/node_modules/@esbuild/freebsd-x64
318 silly reify mark deleted [
318 silly reify   '/Users/k1zzle/Desktop/velou-shopping-assistant/node_modules/esbuild/node_modules/@esbuild/freebsd-x64'
318 silly reify ]
319 verbose reify failed optional dependency /Users/k1zzle/Desktop/velou-shopping-assistant/node_modules/esbuild/node_modules/@esbuild/freebsd-arm64
320 silly reify mark deleted [
320 silly reify   '/Users/k1zzle/Desktop/velou-shopping-assistant/node_modules/esbuild/node_modules/@esbuild/freebsd-arm64'
320 silly reify ]
321 verbose reify failed optional dependency /Users/k1zzle/Desktop/velou-shopping-assistant/node_modules/esbuild/node_modules/@esbuild/darwin-x64
322 silly reify mark deleted [
322 silly reify   '/Users/k1zzle/Desktop/velou-shopping-assistant/node_modules/esbuild/node_modules/@esbuild/darwin-x64'
322 silly reify ]
323 verbose reify failed optional dependency /Users/k1zzle/Desktop/velou-shopping-assistant/node_modules/esbuild/node_modules/@esbuild/android-x64
324 silly reify mark deleted [
324 silly reify   '/Users/k1zzle/Desktop/velou-shopping-assistant/node_modules/esbuild/node_modules/@esbuild/android-x64'
324 silly reify ]
325 verbose reify failed optional dependency /Users/k1zzle/Desktop/velou-shopping-assistant/node_modules/esbuild/node_modules/@esbuild/android-arm64
326 silly reify mark deleted [
326 silly reify   '/Users/k1zzle/Desktop/velou-shopping-assistant/node_modules/esbuild/node_modules/@esbuild/android-arm64'
326 silly reify ]
327 verbose reify failed optional dependency /Users/k1zzle/Desktop/velou-shopping-assistant/node_modules/esbuild/node_modules/@esbuild/android-arm
328 silly reify mark deleted [
328 silly reify   '/Users/k1zzle/Desktop/velou-shopping-assistant/node_modules/esbuild/node_modules/@esbuild/android-arm'
328 silly reify ]
329 verbose reify failed optional dependency /Users/k1zzle/Desktop/velou-shopping-assistant/node_modules/esbuild/node_modules/@esbuild/aix-ppc64
330 silly reify mark deleted [
330 silly reify   '/Users/k1zzle/Desktop/velou-shopping-assistant/node_modules/esbuild/node_modules/@esbuild/aix-ppc64'
330 silly reify ]
331 info run prisma@5.19.1 preinstall node_modules/prisma node scripts/preinstall-entry.js
332 info run prisma@5.19.1 preinstall { code: 0, signal: null }
333 info run @prisma/client@5.19.1 postinstall node_modules/@prisma/client node scripts/postinstall.js
334 info run @prisma/engines@5.19.1 postinstall node_modules/@prisma/engines node scripts/postinstall.js
335 http fetch POST 200 https://registry.npmjs.org/-/npm/v1/security/advisories/bulk 439ms
336 silly audit report {}
337 info run @prisma/engines@5.19.1 postinstall { code: 0, signal: null }
338 info run @prisma/client@5.19.1 postinstall { code: null, signal: 'SIGKILL' }
339 verbose stack Error: command failed
339 verbose stack     at promiseSpawn (/opt/homebrew/Cellar/node@20/20.19.0_1/lib/node_modules/npm/node_modules/@npmcli/promise-spawn/lib/index.js:22:22)
339 verbose stack     at spawnWithShell (/opt/homebrew/Cellar/node@20/20.19.0_1/lib/node_modules/npm/node_modules/@npmcli/promise-spawn/lib/index.js:124:10)
339 verbose stack     at promiseSpawn (/opt/homebrew/Cellar/node@20/20.19.0_1/lib/node_modules/npm/node_modules/@npmcli/promise-spawn/lib/index.js:12:12)
339 verbose stack     at runScriptPkg (/opt/homebrew/Cellar/node@20/20.19.0_1/lib/node_modules/npm/node_modules/@npmcli/run-script/lib/run-script-pkg.js:77:13)
339 verbose stack     at runScript (/opt/homebrew/Cellar/node@20/20.19.0_1/lib/node_modules/npm/node_modules/@npmcli/run-script/lib/run-script.js:9:12)
339 verbose stack     at /opt/homebrew/Cellar/node@20/20.19.0_1/lib/node_modules/npm/node_modules/@npmcli/arborist/lib/arborist/rebuild.js:329:17
339 verbose stack     at run (/opt/homebrew/Cellar/node@20/20.19.0_1/lib/node_modules/npm/node_modules/promise-call-limit/dist/commonjs/index.js:67:22)
339 verbose stack     at /opt/homebrew/Cellar/node@20/20.19.0_1/lib/node_modules/npm/node_modules/promise-call-limit/dist/commonjs/index.js:84:9
339 verbose stack     at new Promise (<anonymous>)
339 verbose stack     at callLimit (/opt/homebrew/Cellar/node@20/20.19.0_1/lib/node_modules/npm/node_modules/promise-call-limit/dist/commonjs/index.js:35:69)
340 verbose pkgid @prisma/client@5.19.1
341 error path /Users/k1zzle/Desktop/velou-shopping-assistant/node_modules/@prisma/client
342 error command failed
343 error signal SIGKILL
344 error command sh -c node scripts/postinstall.js
345 error Prisma schema loaded from prisma/schema.prisma
345 error
345 error ✔ Generated Prisma Client (v5.19.1) to ./node_modules/@prisma/client in 61ms
345 error
345 error Start by importing your Prisma Client (See: http://pris.ly/d/importing-client)
345 error
345 error Tip: Want to react to database changes in your app as they happen? Discover how with Pulse: https://pris.ly/tip-1-pulse
346 silly unfinished npm timer reify 1763571953148
347 silly unfinished npm timer reify:build 1763571954375
348 silly unfinished npm timer build 1763571954375
349 silly unfinished npm timer build:deps 1763571954375
350 silly unfinished npm timer build:run:postinstall 1763571954409
351 silly unfinished npm timer build:run:postinstall:node_modules/@prisma/client 1763571954409
352 verbose cwd /Users/k1zzle/Desktop/velou-shopping-assistant
353 verbose os Darwin 24.5.0
354 verbose node v20.19.0
355 verbose npm  v10.8.2
356 verbose exit 1
357 verbose code 1
358 error A complete log of this run can be found in: /Users/k1zzle/Desktop/velou-shopping-assistant/.npm-cache/_logs/2025-11-19T17_05_52_985Z-debug-0.log
