0 verbose cli /opt/homebrew/Cellar/node@20/20.19.0_1/bin/node /opt/homebrew/opt/node@20/bin/npm
1 info using npm@10.8.2
2 info using node@v20.19.0
3 silly config load:file:/opt/homebrew/Cellar/node@20/20.19.0_1/lib/node_modules/npm/npmrc
4 silly config load:file:/Users/k1zzle/Desktop/velou-shopping-assistant/.npmrc
5 silly config load:file:/Users/k1zzle/.npmrc
6 silly config load:file:/opt/homebrew/etc/npmrc
7 verbose title npm install
8 verbose argv "install"
9 verbose logfile logs-max:10 dir:/Users/k1zzle/Desktop/velou-shopping-assistant/.npm-cache/_logs/2025-11-19T16_55_46_761Z-
10 verbose logfile /Users/k1zzle/Desktop/velou-shopping-assistant/.npm-cache/_logs/2025-11-19T16_55_46_761Z-debug-0.log
11 silly packumentCache heap:4345298944 maxSize:1086324736 maxEntrySize:543162368
12 silly logfile done cleaning log files
13 silly idealTree buildDeps
14 silly fetch manifest @prisma/client@^5.19.1
15 silly packumentCache full:https://registry.npmjs.org/@prisma%2fclient cache-miss
16 http fetch GET 200 https://registry.npmjs.org/@prisma%2fclient 67ms (cache hit)
17 silly packumentCache full:https://registry.npmjs.org/@prisma%2fclient set size:65135455 disposed:false
18 silly fetch manifest prisma@^5.19.1
19 silly packumentCache full:https://registry.npmjs.org/prisma cache-miss
20 http fetch GET 200 https://registry.npmjs.org/prisma 48ms (cache hit)
21 silly packumentCache full:https://registry.npmjs.org/prisma set size:41458536 disposed:false
22 silly fetch manifest next@16.0.3
23 silly packumentCache full:https://registry.npmjs.org/next cache-miss
24 http fetch GET 200 https://registry.npmjs.org/next 423ms (cache miss)
25 silly packumentCache full:https://registry.npmjs.org/next set size:undefined disposed:false
26 silly fetch manifest @opentelemetry/api@^1.1.0
27 silly packumentCache full:https://registry.npmjs.org/@opentelemetry%2fapi cache-miss
28 http fetch GET 200 https://registry.npmjs.org/@opentelemetry%2fapi 97ms (cache miss)
29 silly packumentCache full:https://registry.npmjs.org/@opentelemetry%2fapi set size:undefined disposed:false
30 silly fetch manifest @playwright/test@^1.51.1
31 silly packumentCache full:https://registry.npmjs.org/@playwright%2ftest cache-miss
32 http fetch GET 200 https://registry.npmjs.org/@playwright%2ftest 479ms (cache miss)
33 silly packumentCache full:https://registry.npmjs.org/@playwright%2ftest set size:undefined disposed:false
34 silly fetch manifest babel-plugin-react-compiler@*
35 silly packumentCache full:https://registry.npmjs.org/babel-plugin-react-compiler cache-miss
36 http fetch GET 200 https://registry.npmjs.org/babel-plugin-react-compiler 37ms (cache miss)
37 silly packumentCache full:https://registry.npmjs.org/babel-plugin-react-compiler set size:undefined disposed:false
38 silly fetch manifest react@19.2.0
39 silly packumentCache full:https://registry.npmjs.org/react cache-miss
40 http fetch GET 200 https://registry.npmjs.org/react 124ms (cache miss)
41 silly packumentCache full:https://registry.npmjs.org/react set size:undefined disposed:false
42 silly fetch manifest react-dom@19.2.0
43 silly packumentCache full:https://registry.npmjs.org/react-dom cache-miss
44 http fetch GET 200 https://registry.npmjs.org/react-dom 135ms (cache miss)
45 silly packumentCache full:https://registry.npmjs.org/react-dom set size:undefined disposed:false
46 silly fetch manifest sass@^1.3.0
47 silly packumentCache full:https://registry.npmjs.org/sass cache-miss
48 http fetch GET 200 https://registry.npmjs.org/sass 42ms (cache miss)
49 silly packumentCache full:https://registry.npmjs.org/sass set size:undefined disposed:false
50 silly fetch manifest @tailwindcss/postcss@^4
51 silly packumentCache full:https://registry.npmjs.org/@tailwindcss%2fpostcss cache-miss
52 http fetch GET 200 https://registry.npmjs.org/@tailwindcss%2fpostcss 57ms (cache miss)
53 silly packumentCache full:https://registry.npmjs.org/@tailwindcss%2fpostcss set size:undefined disposed:false
54 silly fetch manifest @types/node@^20
55 silly packumentCache full:https://registry.npmjs.org/@types%2fnode cache-miss
56 http fetch GET 200 https://registry.npmjs.org/@types%2fnode 451ms (cache miss)
57 silly packumentCache full:https://registry.npmjs.org/@types%2fnode set size:undefined disposed:false
58 silly fetch manifest @types/react@^19
59 silly packumentCache full:https://registry.npmjs.org/@types%2freact cache-miss
60 http fetch GET 200 https://registry.npmjs.org/@types%2freact 89ms (cache miss)
61 silly packumentCache full:https://registry.npmjs.org/@types%2freact set size:undefined disposed:false
62 silly fetch manifest @types/react-dom@^19
63 silly packumentCache full:https://registry.npmjs.org/@types%2freact-dom cache-miss
64 http fetch GET 200 https://registry.npmjs.org/@types%2freact-dom 44ms (cache miss)
65 silly packumentCache full:https://registry.npmjs.org/@types%2freact-dom set size:undefined disposed:false
66 silly fetch manifest eslint@^9
67 silly packumentCache full:https://registry.npmjs.org/eslint cache-miss
68 http fetch GET 200 https://registry.npmjs.org/eslint 58ms (cache miss)
69 silly packumentCache full:https://registry.npmjs.org/eslint set size:undefined disposed:false
70 silly fetch manifest jiti@*
71 silly packumentCache full:https://registry.npmjs.org/jiti cache-miss
72 http fetch GET 200 https://registry.npmjs.org/jiti 42ms (cache miss)
73 silly packumentCache full:https://registry.npmjs.org/jiti set size:undefined disposed:false
74 silly fetch manifest eslint-config-next@16.0.3
75 silly packumentCache full:https://registry.npmjs.org/eslint-config-next cache-miss
76 http fetch GET 200 https://registry.npmjs.org/eslint-config-next 127ms (cache miss)
77 silly packumentCache full:https://registry.npmjs.org/eslint-config-next set size:undefined disposed:false
78 silly fetch manifest typescript@^5
79 silly packumentCache full:https://registry.npmjs.org/typescript cache-miss
80 http fetch GET 200 https://registry.npmjs.org/typescript 170ms (cache miss)
81 silly packumentCache full:https://registry.npmjs.org/typescript set size:undefined disposed:false
82 silly fetch manifest tsx@^4.19.1
83 silly packumentCache full:https://registry.npmjs.org/tsx cache-miss
84 http fetch GET 200 https://registry.npmjs.org/tsx 5ms (cache hit)
85 silly packumentCache full:https://registry.npmjs.org/tsx set size:287318 disposed:false
86 silly fetch manifest tailwindcss@^4
87 silly packumentCache full:https://registry.npmjs.org/tailwindcss cache-miss
88 http fetch GET 200 https://registry.npmjs.org/tailwindcss 132ms (cache miss)
89 silly packumentCache full:https://registry.npmjs.org/tailwindcss set size:undefined disposed:false
90 silly placeDep ROOT @prisma/client@5.22.0 OK for: velou-shopping-assistant@0.1.0 want: ^5.19.1
91 silly placeDep ROOT @tailwindcss/postcss@4.1.17 OK for: velou-shopping-assistant@0.1.0 want: ^4
92 silly placeDep ROOT @types/node@20.19.25 OK for: velou-shopping-assistant@0.1.0 want: ^20
93 silly placeDep ROOT @types/react@19.2.6 OK for: velou-shopping-assistant@0.1.0 want: ^19
94 silly placeDep ROOT @types/react-dom@19.2.3 OK for: velou-shopping-assistant@0.1.0 want: ^19
95 silly placeDep ROOT eslint@9.39.1 OK for: velou-shopping-assistant@0.1.0 want: ^9
96 silly placeDep ROOT eslint-config-next@16.0.3 OK for: velou-shopping-assistant@0.1.0 want: 16.0.3
97 silly placeDep ROOT next@16.0.3 OK for: velou-shopping-assistant@0.1.0 want: 16.0.3
98 silly placeDep ROOT react@19.2.0 OK for: next@16.0.3 want: ^18.2.0 || 19.0.0-rc-de68d2f4-20241204 || ^19.0.0
99 silly placeDep ROOT react-dom@19.2.0 OK for: next@16.0.3 want: ^18.2.0 || 19.0.0-rc-de68d2f4-20241204 || ^19.0.0
100 silly placeDep ROOT prisma@5.22.0 OK for: velou-shopping-assistant@0.1.0 want: ^5.19.1
101 silly placeDep ROOT tailwindcss@4.1.17 OK for: velou-shopping-assistant@0.1.0 want: ^4
102 silly placeDep ROOT tsx@4.20.6 OK for: velou-shopping-assistant@0.1.0 want: ^4.19.1
103 silly placeDep ROOT typescript@5.9.3 OK for: velou-shopping-assistant@0.1.0 want: ^5
104 silly fetch manifest postcss@^8.4.41
105 silly packumentCache full:https://registry.npmjs.org/postcss cache-miss
106 silly fetch manifest tailwindcss@4.1.17
107 silly packumentCache full:https://registry.npmjs.org/tailwindcss cache-miss
108 silly fetch manifest @alloc/quick-lru@^5.2.0
109 silly packumentCache full:https://registry.npmjs.org/@alloc%2fquick-lru cache-miss
110 silly fetch manifest @tailwindcss/node@4.1.17
111 silly packumentCache full:https://registry.npmjs.org/@tailwindcss%2fnode cache-miss
112 silly fetch manifest @tailwindcss/oxide@4.1.17
113 silly packumentCache full:https://registry.npmjs.org/@tailwindcss%2foxide cache-miss
114 silly fetch manifest undici-types@~6.21.0
115 silly packumentCache full:https://registry.npmjs.org/undici-types cache-miss
116 silly fetch manifest csstype@^3.2.2
117 silly packumentCache full:https://registry.npmjs.org/csstype cache-miss
118 http fetch GET 200 https://registry.npmjs.org/tailwindcss 17ms (cache hit)
119 silly packumentCache full:https://registry.npmjs.org/tailwindcss set size:9868088 disposed:false
120 silly fetch manifest ajv@^6.12.4
121 silly packumentCache full:https://registry.npmjs.org/ajv cache-miss
122 http fetch GET 200 https://registry.npmjs.org/postcss 45ms (cache miss)
123 silly packumentCache full:https://registry.npmjs.org/postcss set size:undefined disposed:false
124 silly fetch manifest chalk@^4.0.0
125 silly packumentCache full:https://registry.npmjs.org/chalk cache-miss
126 http fetch GET 200 https://registry.npmjs.org/chalk 30ms (cache miss)
127 silly packumentCache full:https://registry.npmjs.org/chalk set size:undefined disposed:false
128 silly fetch manifest debug@^4.3.2
129 silly packumentCache full:https://registry.npmjs.org/debug cache-miss
130 http fetch GET 200 https://registry.npmjs.org/undici-types 85ms (cache miss)
131 silly packumentCache full:https://registry.npmjs.org/undici-types set size:undefined disposed:false
132 silly fetch manifest espree@^10.4.0
133 silly packumentCache full:https://registry.npmjs.org/espree cache-miss
134 http fetch GET 200 https://registry.npmjs.org/csstype 92ms (cache miss)
135 silly packumentCache full:https://registry.npmjs.org/csstype set size:undefined disposed:false
136 silly fetch manifest ignore@^5.2.0
137 silly packumentCache full:https://registry.npmjs.org/ignore cache-miss
138 http fetch GET 200 https://registry.npmjs.org/@alloc%2fquick-lru 102ms (cache miss)
139 silly packumentCache full:https://registry.npmjs.org/@alloc%2fquick-lru set size:undefined disposed:false
140 silly fetch manifest esquery@^1.5.0
141 silly packumentCache full:https://registry.npmjs.org/esquery cache-miss
142 http fetch GET 200 https://registry.npmjs.org/ajv 66ms (cache miss)
143 silly packumentCache full:https://registry.npmjs.org/ajv set size:undefined disposed:false
144 silly fetch manifest esutils@^2.0.2
145 silly packumentCache full:https://registry.npmjs.org/esutils cache-miss
146 http fetch GET 200 https://registry.npmjs.org/debug 31ms (cache miss)
147 silly packumentCache full:https://registry.npmjs.org/debug set size:undefined disposed:false
148 silly fetch manifest find-up@^5.0.0
149 silly packumentCache full:https://registry.npmjs.org/find-up cache-miss
150 http fetch GET 200 https://registry.npmjs.org/espree 32ms (cache miss)
151 silly packumentCache full:https://registry.npmjs.org/espree set size:undefined disposed:false
152 silly fetch manifest is-glob@^4.0.0
153 silly packumentCache full:https://registry.npmjs.org/is-glob cache-miss
154 http fetch GET 200 https://registry.npmjs.org/esquery 28ms (cache miss)
155 silly packumentCache full:https://registry.npmjs.org/esquery set size:undefined disposed:false
156 silly fetch manifest minimatch@^3.1.2
157 silly packumentCache full:https://registry.npmjs.org/minimatch cache-miss
158 http fetch GET 200 https://registry.npmjs.org/esutils 27ms (cache miss)
159 silly packumentCache full:https://registry.npmjs.org/esutils set size:undefined disposed:false
160 silly fetch manifest @eslint/js@9.39.1
161 silly packumentCache full:https://registry.npmjs.org/@eslint%2fjs cache-miss
162 http fetch GET 200 https://registry.npmjs.org/find-up 28ms (cache miss)
163 silly packumentCache full:https://registry.npmjs.org/find-up set size:undefined disposed:false
164 silly fetch manifest optionator@^0.9.3
165 silly packumentCache full:https://registry.npmjs.org/optionator cache-miss
166 http fetch GET 200 https://registry.npmjs.org/is-glob 31ms (cache miss)
167 silly packumentCache full:https://registry.npmjs.org/is-glob set size:undefined disposed:false
168 silly fetch manifest cross-spawn@^7.0.6
169 silly packumentCache full:https://registry.npmjs.org/cross-spawn cache-miss
170 http fetch GET 200 https://registry.npmjs.org/ignore 63ms (cache miss)
171 silly packumentCache full:https://registry.npmjs.org/ignore set size:undefined disposed:false
172 silly fetch manifest glob-parent@^6.0.2
173 silly packumentCache full:https://registry.npmjs.org/glob-parent cache-miss
174 http fetch GET 200 https://registry.npmjs.org/optionator 30ms (cache miss)
175 silly packumentCache full:https://registry.npmjs.org/optionator set size:undefined disposed:false
176 silly fetch manifest imurmurhash@^0.1.4
177 silly packumentCache full:https://registry.npmjs.org/imurmurhash cache-miss
178 http fetch GET 200 https://registry.npmjs.org/minimatch 41ms (cache miss)
179 silly packumentCache full:https://registry.npmjs.org/minimatch set size:undefined disposed:false
180 silly fetch manifest @eslint/core@^0.17.0
181 silly packumentCache full:https://registry.npmjs.org/@eslint%2fcore cache-miss
182 http fetch GET 200 https://registry.npmjs.org/cross-spawn 26ms (cache miss)
183 silly packumentCache full:https://registry.npmjs.org/cross-spawn set size:undefined disposed:false
184 silly fetch manifest eslint-scope@^8.4.0
185 silly packumentCache full:https://registry.npmjs.org/eslint-scope cache-miss
186 http fetch GET 200 https://registry.npmjs.org/@eslint%2fjs 49ms (cache miss)
187 silly packumentCache full:https://registry.npmjs.org/@eslint%2fjs set size:undefined disposed:false
188 silly fetch manifest lodash.merge@^4.6.2
189 silly packumentCache full:https://registry.npmjs.org/lodash.merge cache-miss
190 http fetch GET 200 https://registry.npmjs.org/imurmurhash 24ms (cache miss)
191 silly packumentCache full:https://registry.npmjs.org/imurmurhash set size:undefined disposed:false
192 silly fetch manifest @humanfs/node@^0.16.6
193 silly packumentCache full:https://registry.npmjs.org/@humanfs%2fnode cache-miss
194 http fetch GET 200 https://registry.npmjs.org/@tailwindcss%2fnode 196ms (cache miss)
195 silly packumentCache full:https://registry.npmjs.org/@tailwindcss%2fnode set size:undefined disposed:false
196 silly fetch manifest @types/estree@^1.0.6
197 silly packumentCache full:https://registry.npmjs.org/@types%2festree cache-miss
198 http fetch GET 200 https://registry.npmjs.org/glob-parent 44ms (cache miss)
199 silly packumentCache full:https://registry.npmjs.org/glob-parent set size:undefined disposed:false
200 silly fetch manifest fast-deep-equal@^3.1.3
201 silly packumentCache full:https://registry.npmjs.org/fast-deep-equal cache-miss
202 http fetch GET 200 https://registry.npmjs.org/@tailwindcss%2foxide 204ms (cache miss)
203 silly packumentCache full:https://registry.npmjs.org/@tailwindcss%2foxide set size:undefined disposed:false
204 silly fetch manifest natural-compare@^1.4.0
205 silly packumentCache full:https://registry.npmjs.org/natural-compare cache-miss
206 http fetch GET 200 https://registry.npmjs.org/@eslint%2fcore 42ms (cache miss)
207 silly packumentCache full:https://registry.npmjs.org/@eslint%2fcore set size:undefined disposed:false
208 silly fetch manifest @eslint/eslintrc@^3.3.1
209 silly packumentCache full:https://registry.npmjs.org/@eslint%2feslintrc cache-miss
210 http fetch GET 200 https://registry.npmjs.org/lodash.merge 34ms (cache miss)
211 silly packumentCache full:https://registry.npmjs.org/lodash.merge set size:undefined disposed:false
212 silly fetch manifest file-entry-cache@^8.0.0
213 silly packumentCache full:https://registry.npmjs.org/file-entry-cache cache-miss
214 http fetch GET 200 https://registry.npmjs.org/eslint-scope 43ms (cache miss)
215 silly packumentCache full:https://registry.npmjs.org/eslint-scope set size:undefined disposed:false
216 silly fetch manifest @eslint/plugin-kit@^0.4.1
217 silly packumentCache full:https://registry.npmjs.org/@eslint%2fplugin-kit cache-miss
218 http fetch GET 200 https://registry.npmjs.org/@humanfs%2fnode 37ms (cache miss)
219 silly packumentCache full:https://registry.npmjs.org/@humanfs%2fnode set size:undefined disposed:false
220 silly fetch manifest eslint-visitor-keys@^4.2.1
221 silly packumentCache full:https://registry.npmjs.org/eslint-visitor-keys cache-miss
222 http fetch GET 200 https://registry.npmjs.org/@types%2festree 35ms (cache miss)
223 silly packumentCache full:https://registry.npmjs.org/@types%2festree set size:undefined disposed:false
224 silly fetch manifest @eslint/config-array@^0.21.1
225 silly packumentCache full:https://registry.npmjs.org/@eslint%2fconfig-array cache-miss
226 http fetch GET 200 https://registry.npmjs.org/fast-deep-equal 33ms (cache miss)
227 silly packumentCache full:https://registry.npmjs.org/fast-deep-equal set size:undefined disposed:false
228 silly fetch manifest @humanwhocodes/retry@^0.4.2
229 silly packumentCache full:https://registry.npmjs.org/@humanwhocodes%2fretry cache-miss
230 http fetch GET 200 https://registry.npmjs.org/natural-compare 38ms (cache miss)
231 silly packumentCache full:https://registry.npmjs.org/natural-compare set size:undefined disposed:false
232 silly fetch manifest escape-string-regexp@^4.0.0
233 silly packumentCache full:https://registry.npmjs.org/escape-string-regexp cache-miss
234 http fetch GET 200 https://registry.npmjs.org/file-entry-cache 35ms (cache miss)
235 silly packumentCache full:https://registry.npmjs.org/file-entry-cache set size:undefined disposed:false
236 silly fetch manifest @eslint/config-helpers@^0.4.2
237 silly packumentCache full:https://registry.npmjs.org/@eslint%2fconfig-helpers cache-miss
238 http fetch GET 200 https://registry.npmjs.org/eslint-visitor-keys 27ms (cache miss)
239 silly packumentCache full:https://registry.npmjs.org/eslint-visitor-keys set size:undefined disposed:false
240 silly fetch manifest @eslint-community/regexpp@^4.12.1
241 silly packumentCache full:https://registry.npmjs.org/@eslint-community%2fregexpp cache-miss
242 http fetch GET 200 https://registry.npmjs.org/@eslint%2fplugin-kit 44ms (cache miss)
243 silly packumentCache full:https://registry.npmjs.org/@eslint%2fplugin-kit set size:undefined disposed:false
244 silly fetch manifest @eslint-community/eslint-utils@^4.8.0
245 silly packumentCache full:https://registry.npmjs.org/@eslint-community%2feslint-utils cache-miss
246 http fetch GET 200 https://registry.npmjs.org/@eslint%2feslintrc 52ms (cache miss)
247 silly packumentCache full:https://registry.npmjs.org/@eslint%2feslintrc set size:undefined disposed:false
248 silly fetch manifest @humanwhocodes/module-importer@^1.0.1
249 silly packumentCache full:https://registry.npmjs.org/@humanwhocodes%2fmodule-importer cache-miss
250 http fetch GET 200 https://registry.npmjs.org/@eslint%2fconfig-array 34ms (cache miss)
251 silly packumentCache full:https://registry.npmjs.org/@eslint%2fconfig-array set size:undefined disposed:false
252 silly fetch manifest json-stable-stringify-without-jsonify@^1.0.1
253 silly packumentCache full:https://registry.npmjs.org/json-stable-stringify-without-jsonify cache-miss
254 http fetch GET 200 https://registry.npmjs.org/escape-string-regexp 34ms (cache miss)
255 silly packumentCache full:https://registry.npmjs.org/escape-string-regexp set size:undefined disposed:false
256 silly fetch manifest globals@16.4.0
257 silly packumentCache full:https://registry.npmjs.org/globals cache-miss
258 http fetch GET 200 https://registry.npmjs.org/@humanwhocodes%2fretry 57ms (cache miss)
259 silly packumentCache full:https://registry.npmjs.org/@humanwhocodes%2fretry set size:undefined disposed:false
260 silly fetch manifest typescript-eslint@^8.46.0
261 silly packumentCache full:https://registry.npmjs.org/typescript-eslint cache-miss
262 http fetch GET 200 https://registry.npmjs.org/json-stable-stringify-without-jsonify 27ms (cache miss)
263 silly packumentCache full:https://registry.npmjs.org/json-stable-stringify-without-jsonify set size:undefined disposed:false
264 silly fetch manifest eslint-plugin-react@^7.37.0
265 silly packumentCache full:https://registry.npmjs.org/eslint-plugin-react cache-miss
266 http fetch GET 200 https://registry.npmjs.org/@eslint-community%2fregexpp 47ms (cache miss)
267 silly packumentCache full:https://registry.npmjs.org/@eslint-community%2fregexpp set size:undefined disposed:false
268 silly fetch manifest eslint-plugin-import@^2.32.0
269 silly packumentCache full:https://registry.npmjs.org/eslint-plugin-import cache-miss
270 http fetch GET 200 https://registry.npmjs.org/@humanwhocodes%2fmodule-importer 46ms (cache miss)
271 silly packumentCache full:https://registry.npmjs.org/@humanwhocodes%2fmodule-importer set size:undefined disposed:false
272 silly fetch manifest eslint-plugin-jsx-a11y@^6.10.0
273 silly packumentCache full:https://registry.npmjs.org/eslint-plugin-jsx-a11y cache-miss
274 http fetch GET 200 https://registry.npmjs.org/@eslint%2fconfig-helpers 61ms (cache miss)
275 silly packumentCache full:https://registry.npmjs.org/@eslint%2fconfig-helpers set size:undefined disposed:false
276 silly fetch manifest @next/eslint-plugin-next@16.0.3
277 silly packumentCache full:https://registry.npmjs.org/@next%2feslint-plugin-next cache-miss
278 http fetch GET 200 https://registry.npmjs.org/globals 32ms (cache miss)
279 silly packumentCache full:https://registry.npmjs.org/globals set size:undefined disposed:false
280 silly fetch manifest eslint-plugin-react-hooks@^7.0.0
281 silly packumentCache full:https://registry.npmjs.org/eslint-plugin-react-hooks cache-miss
282 http fetch GET 200 https://registry.npmjs.org/@eslint-community%2feslint-utils 55ms (cache miss)
283 silly packumentCache full:https://registry.npmjs.org/@eslint-community%2feslint-utils set size:undefined disposed:false
284 silly fetch manifest eslint-import-resolver-node@^0.3.6
285 silly packumentCache full:https://registry.npmjs.org/eslint-import-resolver-node cache-miss
286 http fetch GET 200 https://registry.npmjs.org/eslint-plugin-react 29ms (cache miss)
287 silly packumentCache full:https://registry.npmjs.org/eslint-plugin-react set size:undefined disposed:false
288 silly fetch manifest eslint-import-resolver-typescript@^3.5.2
289 silly packumentCache full:https://registry.npmjs.org/eslint-import-resolver-typescript cache-miss
290 http fetch GET 200 https://registry.npmjs.org/eslint-plugin-import 32ms (cache miss)
291 silly packumentCache full:https://registry.npmjs.org/eslint-plugin-import set size:undefined disposed:false
292 silly fetch manifest postcss@8.4.31
293 silly packumentCache full:https://registry.npmjs.org/postcss cache-miss
294 http fetch GET 200 https://registry.npmjs.org/eslint-plugin-jsx-a11y 28ms (cache miss)
295 silly packumentCache full:https://registry.npmjs.org/eslint-plugin-jsx-a11y set size:undefined disposed:false
296 silly fetch manifest @next/env@16.0.3
297 silly packumentCache full:https://registry.npmjs.org/@next%2fenv cache-miss
298 http fetch GET 200 https://registry.npmjs.org/postcss 4ms (cache hit)
299 silly packumentCache full:https://registry.npmjs.org/postcss set size:696248 disposed:false
300 silly fetch manifest styled-jsx@5.1.6
301 silly packumentCache full:https://registry.npmjs.org/styled-jsx cache-miss
302 http fetch GET 200 https://registry.npmjs.org/eslint-import-resolver-node 28ms (cache miss)
303 silly packumentCache full:https://registry.npmjs.org/eslint-import-resolver-node set size:undefined disposed:false
304 silly fetch manifest @swc/helpers@0.5.15
305 silly packumentCache full:https://registry.npmjs.org/@swc%2fhelpers cache-miss
306 http fetch GET 200 https://registry.npmjs.org/typescript-eslint 56ms (cache miss)
307 silly packumentCache full:https://registry.npmjs.org/typescript-eslint set size:undefined disposed:false
308 silly fetch manifest caniuse-lite@^1.0.30001579
309 silly packumentCache full:https://registry.npmjs.org/caniuse-lite cache-miss
310 http fetch GET 200 https://registry.npmjs.org/eslint-import-resolver-typescript 33ms (cache miss)
311 silly packumentCache full:https://registry.npmjs.org/eslint-import-resolver-typescript set size:undefined disposed:false
312 silly fetch manifest sharp@^0.34.4
313 silly packumentCache full:https://registry.npmjs.org/sharp cache-miss
314 http fetch GET 200 https://registry.npmjs.org/styled-jsx 31ms (cache miss)
315 silly packumentCache full:https://registry.npmjs.org/styled-jsx set size:undefined disposed:false
316 silly fetch manifest @next/swc-darwin-x64@16.0.3
317 silly packumentCache full:https://registry.npmjs.org/@next%2fswc-darwin-x64 cache-miss
318 http fetch GET 200 https://registry.npmjs.org/sharp 36ms (cache miss)
319 silly packumentCache full:https://registry.npmjs.org/sharp set size:undefined disposed:false
320 silly fetch manifest @next/swc-darwin-arm64@16.0.3
321 silly packumentCache full:https://registry.npmjs.org/@next%2fswc-darwin-arm64 cache-miss
322 http fetch GET 200 https://registry.npmjs.org/@swc%2fhelpers 57ms (cache miss)
323 silly packumentCache full:https://registry.npmjs.org/@swc%2fhelpers set size:undefined disposed:false
324 silly fetch manifest @next/swc-linux-x64-gnu@16.0.3
325 silly packumentCache full:https://registry.npmjs.org/@next%2fswc-linux-x64-gnu cache-miss
326 http fetch GET 200 https://registry.npmjs.org/caniuse-lite 60ms (cache miss)
327 silly packumentCache full:https://registry.npmjs.org/caniuse-lite set size:undefined disposed:false
328 silly fetch manifest @next/swc-linux-x64-musl@16.0.3
329 silly packumentCache full:https://registry.npmjs.org/@next%2fswc-linux-x64-musl cache-miss
330 http fetch GET 200 https://registry.npmjs.org/eslint-plugin-react-hooks 201ms (cache miss)
331 silly packumentCache full:https://registry.npmjs.org/eslint-plugin-react-hooks set size:undefined disposed:false
332 silly fetch manifest @next/swc-win32-x64-msvc@16.0.3
333 silly packumentCache full:https://registry.npmjs.org/@next%2fswc-win32-x64-msvc cache-miss
334 http fetch GET 200 https://registry.npmjs.org/@next%2feslint-plugin-next 456ms (cache miss)
335 silly packumentCache full:https://registry.npmjs.org/@next%2feslint-plugin-next set size:undefined disposed:false
336 silly fetch manifest @next/swc-linux-arm64-gnu@16.0.3
337 silly packumentCache full:https://registry.npmjs.org/@next%2fswc-linux-arm64-gnu cache-miss
338 http fetch GET 200 https://registry.npmjs.org/@next%2fenv 452ms (cache miss)
339 silly packumentCache full:https://registry.npmjs.org/@next%2fenv set size:undefined disposed:false
340 silly fetch manifest @next/swc-linux-arm64-musl@16.0.3
341 silly packumentCache full:https://registry.npmjs.org/@next%2fswc-linux-arm64-musl cache-miss
342 http fetch GET 200 https://registry.npmjs.org/@next%2fswc-linux-x64-gnu 431ms (cache miss)
343 silly packumentCache full:https://registry.npmjs.org/@next%2fswc-linux-x64-gnu set size:undefined disposed:false
344 silly fetch manifest @next/swc-win32-arm64-msvc@16.0.3
345 silly packumentCache full:https://registry.npmjs.org/@next%2fswc-win32-arm64-msvc cache-miss
346 http fetch GET 200 https://registry.npmjs.org/@next%2fswc-darwin-x64 480ms (cache miss)
347 silly packumentCache full:https://registry.npmjs.org/@next%2fswc-darwin-x64 set size:undefined disposed:false
348 silly fetch manifest scheduler@^0.27.0
349 silly packumentCache full:https://registry.npmjs.org/scheduler cache-miss
350 http fetch GET 200 https://registry.npmjs.org/@next%2fswc-linux-x64-musl 460ms (cache miss)
351 silly packumentCache full:https://registry.npmjs.org/@next%2fswc-linux-x64-musl set size:undefined disposed:false
352 silly fetch manifest @prisma/engines@5.22.0
353 silly packumentCache full:https://registry.npmjs.org/@prisma%2fengines cache-miss
354 http fetch GET 200 https://registry.npmjs.org/@next%2fswc-darwin-arm64 520ms (cache miss)
355 silly packumentCache full:https://registry.npmjs.org/@next%2fswc-darwin-arm64 set size:undefined disposed:false
356 silly fetch manifest fsevents@2.3.3
357 silly packumentCache full:https://registry.npmjs.org/fsevents cache-miss
358 http fetch GET 200 https://registry.npmjs.org/fsevents 35ms (cache miss)
359 silly packumentCache full:https://registry.npmjs.org/fsevents set size:undefined disposed:false
360 silly fetch manifest esbuild@~0.25.0
361 silly packumentCache full:https://registry.npmjs.org/esbuild cache-miss
362 http fetch GET 200 https://registry.npmjs.org/esbuild 3ms (cache hit)
363 silly packumentCache full:https://registry.npmjs.org/esbuild set size:1234639 disposed:false
364 silly fetch manifest get-tsconfig@^4.7.5
365 silly packumentCache full:https://registry.npmjs.org/get-tsconfig cache-miss
366 http fetch GET 200 https://registry.npmjs.org/@next%2fswc-win32-x64-msvc 442ms (cache miss)
367 silly packumentCache full:https://registry.npmjs.org/@next%2fswc-win32-x64-msvc set size:undefined disposed:false
368 silly fetch manifest fsevents@~2.3.3
369 silly packumentCache full:https://registry.npmjs.org/fsevents cache-miss
370 http fetch GET 200 https://registry.npmjs.org/scheduler 121ms (cache miss)
371 silly packumentCache full:https://registry.npmjs.org/scheduler set size:undefined disposed:false
372 http fetch GET 200 https://registry.npmjs.org/fsevents 22ms (cache hit)
373 silly packumentCache full:https://registry.npmjs.org/fsevents set size:182472 disposed:false
374 http fetch GET 200 https://registry.npmjs.org/get-tsconfig 39ms (cache miss)
375 silly packumentCache full:https://registry.npmjs.org/get-tsconfig set size:undefined disposed:false
376 http fetch GET 200 https://registry.npmjs.org/@next%2fswc-linux-arm64-gnu 411ms (cache miss)
377 silly packumentCache full:https://registry.npmjs.org/@next%2fswc-linux-arm64-gnu set size:undefined disposed:false
378 http fetch GET 200 https://registry.npmjs.org/@prisma%2fengines 341ms (cache miss)
379 silly packumentCache full:https://registry.npmjs.org/@prisma%2fengines set size:undefined disposed:false
380 http fetch GET 200 https://registry.npmjs.org/@next%2fswc-linux-arm64-musl 511ms (cache miss)
381 silly packumentCache full:https://registry.npmjs.org/@next%2fswc-linux-arm64-musl set size:undefined disposed:false
382 http fetch GET 200 https://registry.npmjs.org/@next%2fswc-win32-arm64-msvc 484ms (cache miss)
383 silly packumentCache full:https://registry.npmjs.org/@next%2fswc-win32-arm64-msvc set size:undefined disposed:false
384 silly placeDep ROOT @alloc/quick-lru@5.2.0 OK for: @tailwindcss/postcss@4.1.17 want: ^5.2.0
385 silly placeDep ROOT @tailwindcss/node@4.1.17 OK for: @tailwindcss/postcss@4.1.17 want: 4.1.17
386 silly placeDep ROOT @tailwindcss/oxide@4.1.17 OK for: @tailwindcss/postcss@4.1.17 want: 4.1.17
387 silly placeDep ROOT postcss@8.5.6 OK for: @tailwindcss/postcss@4.1.17 want: ^8.4.41
388 silly fetch manifest jiti@^2.6.1
389 silly packumentCache full:https://registry.npmjs.org/jiti cache-miss
390 silly fetch manifest lightningcss@1.30.2
391 silly packumentCache full:https://registry.npmjs.org/lightningcss cache-miss
392 silly fetch manifest magic-string@^0.30.21
393 silly packumentCache full:https://registry.npmjs.org/magic-string cache-miss
394 silly fetch manifest source-map-js@^1.2.1
395 silly packumentCache full:https://registry.npmjs.org/source-map-js cache-miss
396 silly fetch manifest enhanced-resolve@^5.18.3
397 silly packumentCache full:https://registry.npmjs.org/enhanced-resolve cache-miss
398 silly fetch manifest @jridgewell/remapping@^2.3.4
399 silly packumentCache full:https://registry.npmjs.org/@jridgewell%2fremapping cache-miss
400 silly fetch manifest @tailwindcss/oxide-darwin-x64@4.1.17
401 silly packumentCache full:https://registry.npmjs.org/@tailwindcss%2foxide-darwin-x64 cache-miss
402 http fetch GET 200 https://registry.npmjs.org/jiti 9ms (cache hit)
403 silly packumentCache full:https://registry.npmjs.org/jiti set size:382310 disposed:false
404 silly fetch manifest @tailwindcss/oxide-freebsd-x64@4.1.17
405 silly packumentCache full:https://registry.npmjs.org/@tailwindcss%2foxide-freebsd-x64 cache-miss
406 http fetch GET 200 https://registry.npmjs.org/source-map-js 31ms (cache miss)
407 silly packumentCache full:https://registry.npmjs.org/source-map-js set size:undefined disposed:false
408 silly fetch manifest @tailwindcss/oxide-wasm32-wasi@4.1.17
409 silly packumentCache full:https://registry.npmjs.org/@tailwindcss%2foxide-wasm32-wasi cache-miss
410 http fetch GET 200 https://registry.npmjs.org/lightningcss 33ms (cache miss)
411 silly packumentCache full:https://registry.npmjs.org/lightningcss set size:undefined disposed:false
412 silly fetch manifest @tailwindcss/oxide-darwin-arm64@4.1.17
413 silly packumentCache full:https://registry.npmjs.org/@tailwindcss%2foxide-darwin-arm64 cache-miss
414 http fetch GET 200 https://registry.npmjs.org/enhanced-resolve 34ms (cache miss)
415 silly packumentCache full:https://registry.npmjs.org/enhanced-resolve set size:undefined disposed:false
416 silly fetch manifest @tailwindcss/oxide-android-arm64@4.1.17
417 silly packumentCache full:https://registry.npmjs.org/@tailwindcss%2foxide-android-arm64 cache-miss
418 http fetch GET 200 https://registry.npmjs.org/magic-string 38ms (cache miss)
419 silly packumentCache full:https://registry.npmjs.org/magic-string set size:undefined disposed:false
420 silly fetch manifest @tailwindcss/oxide-linux-x64-gnu@4.1.17
421 silly packumentCache full:https://registry.npmjs.org/@tailwindcss%2foxide-linux-x64-gnu cache-miss
422 http fetch GET 200 https://registry.npmjs.org/@jridgewell%2fremapping 48ms (cache miss)
423 silly packumentCache full:https://registry.npmjs.org/@jridgewell%2fremapping set size:undefined disposed:false
424 silly fetch manifest @tailwindcss/oxide-linux-x64-musl@4.1.17
425 silly packumentCache full:https://registry.npmjs.org/@tailwindcss%2foxide-linux-x64-musl cache-miss
426 http fetch GET 200 https://registry.npmjs.org/@tailwindcss%2foxide-wasm32-wasi 114ms (cache miss)
427 silly packumentCache full:https://registry.npmjs.org/@tailwindcss%2foxide-wasm32-wasi set size:undefined disposed:false
428 silly fetch manifest @tailwindcss/oxide-win32-x64-msvc@4.1.17
429 silly packumentCache full:https://registry.npmjs.org/@tailwindcss%2foxide-win32-x64-msvc cache-miss
430 http fetch GET 200 https://registry.npmjs.org/@tailwindcss%2foxide-linux-x64-gnu 112ms (cache miss)
431 silly packumentCache full:https://registry.npmjs.org/@tailwindcss%2foxide-linux-x64-gnu set size:undefined disposed:false
432 silly fetch manifest @tailwindcss/oxide-linux-arm64-gnu@4.1.17
433 silly packumentCache full:https://registry.npmjs.org/@tailwindcss%2foxide-linux-arm64-gnu cache-miss
434 http fetch GET 200 https://registry.npmjs.org/@tailwindcss%2foxide-linux-x64-musl 109ms (cache miss)
435 silly packumentCache full:https://registry.npmjs.org/@tailwindcss%2foxide-linux-x64-musl set size:undefined disposed:false
436 silly fetch manifest @tailwindcss/oxide-linux-arm64-musl@4.1.17
437 silly packumentCache full:https://registry.npmjs.org/@tailwindcss%2foxide-linux-arm64-musl cache-miss
438 http fetch GET 200 https://registry.npmjs.org/@tailwindcss%2foxide-darwin-x64 166ms (cache miss)
439 silly packumentCache full:https://registry.npmjs.org/@tailwindcss%2foxide-darwin-x64 set size:undefined disposed:false
440 silly fetch manifest @tailwindcss/oxide-win32-arm64-msvc@4.1.17
441 silly packumentCache full:https://registry.npmjs.org/@tailwindcss%2foxide-win32-arm64-msvc cache-miss
442 http fetch GET 200 https://registry.npmjs.org/@tailwindcss%2foxide-android-arm64 137ms (cache miss)
443 silly packumentCache full:https://registry.npmjs.org/@tailwindcss%2foxide-android-arm64 set size:undefined disposed:false
444 silly fetch manifest @tailwindcss/oxide-linux-arm-gnueabihf@4.1.17
445 silly packumentCache full:https://registry.npmjs.org/@tailwindcss%2foxide-linux-arm-gnueabihf cache-miss
446 http fetch GET 200 https://registry.npmjs.org/@tailwindcss%2foxide-freebsd-x64 171ms (cache miss)
447 silly packumentCache full:https://registry.npmjs.org/@tailwindcss%2foxide-freebsd-x64 set size:undefined disposed:false
448 silly fetch manifest nanoid@^3.3.11
449 silly packumentCache full:https://registry.npmjs.org/nanoid cache-miss
450 http fetch GET 200 https://registry.npmjs.org/@tailwindcss%2foxide-win32-x64-msvc 64ms (cache miss)
451 silly packumentCache full:https://registry.npmjs.org/@tailwindcss%2foxide-win32-x64-msvc set size:undefined disposed:false
452 silly fetch manifest picocolors@^1.1.1
453 silly packumentCache full:https://registry.npmjs.org/picocolors cache-miss
454 http fetch GET 200 https://registry.npmjs.org/nanoid 54ms (cache miss)
455 silly packumentCache full:https://registry.npmjs.org/nanoid set size:undefined disposed:false
456 http fetch GET 200 https://registry.npmjs.org/picocolors 24ms (cache miss)
457 silly packumentCache full:https://registry.npmjs.org/picocolors set size:undefined disposed:false
458 http fetch GET 200 https://registry.npmjs.org/@tailwindcss%2foxide-win32-arm64-msvc 87ms (cache miss)
459 silly packumentCache full:https://registry.npmjs.org/@tailwindcss%2foxide-win32-arm64-msvc set size:undefined disposed:false
460 http fetch GET 200 https://registry.npmjs.org/@tailwindcss%2foxide-linux-arm64-gnu 111ms (cache miss)
461 silly packumentCache full:https://registry.npmjs.org/@tailwindcss%2foxide-linux-arm64-gnu set size:undefined disposed:false
462 http fetch GET 200 https://registry.npmjs.org/@tailwindcss%2foxide-linux-arm-gnueabihf 109ms (cache miss)
463 silly packumentCache full:https://registry.npmjs.org/@tailwindcss%2foxide-linux-arm-gnueabihf set size:undefined disposed:false
464 http fetch GET 200 https://registry.npmjs.org/@tailwindcss%2foxide-linux-arm64-musl 132ms (cache miss)
465 silly packumentCache full:https://registry.npmjs.org/@tailwindcss%2foxide-linux-arm64-musl set size:undefined disposed:false
466 http fetch GET 200 https://registry.npmjs.org/@tailwindcss%2foxide-darwin-arm64 366ms (cache miss)
467 silly packumentCache full:https://registry.npmjs.org/@tailwindcss%2foxide-darwin-arm64 set size:undefined disposed:false
468 silly placeDep ROOT @jridgewell/remapping@2.3.5 OK for: @tailwindcss/node@4.1.17 want: ^2.3.4
469 silly placeDep ROOT enhanced-resolve@5.18.3 OK for: @tailwindcss/node@4.1.17 want: ^5.18.3
470 silly placeDep ROOT jiti@2.6.1 OK for: @tailwindcss/node@4.1.17 want: ^2.6.1
471 silly placeDep ROOT lightningcss@1.30.2 OK for: @tailwindcss/node@4.1.17 want: 1.30.2
472 silly placeDep ROOT magic-string@0.30.21 OK for: @tailwindcss/node@4.1.17 want: ^0.30.21
473 silly placeDep ROOT source-map-js@1.2.1 OK for: @tailwindcss/node@4.1.17 want: ^1.2.1
474 silly fetch manifest @jridgewell/gen-mapping@^0.3.5
475 silly packumentCache full:https://registry.npmjs.org/@jridgewell%2fgen-mapping cache-miss
476 silly fetch manifest @jridgewell/trace-mapping@^0.3.24
477 silly packumentCache full:https://registry.npmjs.org/@jridgewell%2ftrace-mapping cache-miss
478 silly fetch manifest graceful-fs@^4.2.4
479 silly packumentCache full:https://registry.npmjs.org/graceful-fs cache-miss
480 silly fetch manifest tapable@^2.2.0
481 silly packumentCache full:https://registry.npmjs.org/tapable cache-miss
482 silly fetch manifest detect-libc@^2.0.3
483 silly packumentCache full:https://registry.npmjs.org/detect-libc cache-miss
484 silly fetch manifest lightningcss-darwin-x64@1.30.2
485 silly packumentCache full:https://registry.npmjs.org/lightningcss-darwin-x64 cache-miss
486 silly fetch manifest lightningcss-linux-x64-gnu@1.30.2
487 silly packumentCache full:https://registry.npmjs.org/lightningcss-linux-x64-gnu cache-miss
488 http fetch GET 200 https://registry.npmjs.org/lightningcss-linux-x64-gnu 32ms (cache miss)
489 silly packumentCache full:https://registry.npmjs.org/lightningcss-linux-x64-gnu set size:undefined disposed:false
490 silly fetch manifest lightningcss-win32-x64-msvc@1.30.2
491 silly packumentCache full:https://registry.npmjs.org/lightningcss-win32-x64-msvc cache-miss
492 http fetch GET 200 https://registry.npmjs.org/lightningcss-darwin-x64 35ms (cache miss)
493 silly packumentCache full:https://registry.npmjs.org/lightningcss-darwin-x64 set size:undefined disposed:false
494 silly fetch manifest lightningcss-win32-arm64-msvc@1.30.2
495 silly packumentCache full:https://registry.npmjs.org/lightningcss-win32-arm64-msvc cache-miss
496 http fetch GET 200 https://registry.npmjs.org/detect-libc 42ms (cache miss)
497 silly packumentCache full:https://registry.npmjs.org/detect-libc set size:undefined disposed:false
498 silly fetch manifest lightningcss-darwin-arm64@1.30.2
499 silly packumentCache full:https://registry.npmjs.org/lightningcss-darwin-arm64 cache-miss
500 http fetch GET 200 https://registry.npmjs.org/graceful-fs 44ms (cache miss)
501 silly packumentCache full:https://registry.npmjs.org/graceful-fs set size:undefined disposed:false
502 silly fetch manifest lightningcss-linux-arm64-gnu@1.30.2
503 silly packumentCache full:https://registry.npmjs.org/lightningcss-linux-arm64-gnu cache-miss
504 http fetch GET 200 https://registry.npmjs.org/@jridgewell%2fgen-mapping 47ms (cache miss)
505 silly packumentCache full:https://registry.npmjs.org/@jridgewell%2fgen-mapping set size:undefined disposed:false
506 silly fetch manifest lightningcss-linux-arm-gnueabihf@1.30.2
507 silly packumentCache full:https://registry.npmjs.org/lightningcss-linux-arm-gnueabihf cache-miss
508 http fetch GET 200 https://registry.npmjs.org/tapable 47ms (cache miss)
509 silly packumentCache full:https://registry.npmjs.org/tapable set size:undefined disposed:false
510 silly fetch manifest lightningcss-linux-arm64-musl@1.30.2
511 silly packumentCache full:https://registry.npmjs.org/lightningcss-linux-arm64-musl cache-miss
512 http fetch GET 200 https://registry.npmjs.org/@jridgewell%2ftrace-mapping 49ms (cache miss)
513 silly packumentCache full:https://registry.npmjs.org/@jridgewell%2ftrace-mapping set size:undefined disposed:false
514 silly fetch manifest lightningcss-linux-x64-musl@1.30.2
515 silly packumentCache full:https://registry.npmjs.org/lightningcss-linux-x64-musl cache-miss
516 http fetch GET 200 https://registry.npmjs.org/lightningcss-win32-x64-msvc 31ms (cache miss)
517 silly packumentCache full:https://registry.npmjs.org/lightningcss-win32-x64-msvc set size:undefined disposed:false
518 silly fetch manifest lightningcss-freebsd-x64@1.30.2
519 silly packumentCache full:https://registry.npmjs.org/lightningcss-freebsd-x64 cache-miss
520 http fetch GET 200 https://registry.npmjs.org/lightningcss-linux-x64-musl 21ms (cache miss)
521 silly packumentCache full:https://registry.npmjs.org/lightningcss-linux-x64-musl set size:undefined disposed:false
522 silly fetch manifest lightningcss-android-arm64@1.30.2
523 silly packumentCache full:https://registry.npmjs.org/lightningcss-android-arm64 cache-miss
524 http fetch GET 200 https://registry.npmjs.org/lightningcss-linux-arm-gnueabihf 28ms (cache miss)
525 silly packumentCache full:https://registry.npmjs.org/lightningcss-linux-arm-gnueabihf set size:undefined disposed:false
526 silly fetch manifest @jridgewell/sourcemap-codec@^1.5.5
527 silly packumentCache full:https://registry.npmjs.org/@jridgewell%2fsourcemap-codec cache-miss
528 http fetch GET 200 https://registry.npmjs.org/lightningcss-linux-arm64-gnu 30ms (cache miss)
529 silly packumentCache full:https://registry.npmjs.org/lightningcss-linux-arm64-gnu set size:undefined disposed:false
530 http fetch GET 200 https://registry.npmjs.org/lightningcss-win32-arm64-msvc 40ms (cache miss)
531 silly packumentCache full:https://registry.npmjs.org/lightningcss-win32-arm64-msvc set size:undefined disposed:false
532 http fetch GET 200 https://registry.npmjs.org/lightningcss-linux-arm64-musl 32ms (cache miss)
533 silly packumentCache full:https://registry.npmjs.org/lightningcss-linux-arm64-musl set size:undefined disposed:false
534 http fetch GET 200 https://registry.npmjs.org/lightningcss-darwin-arm64 39ms (cache miss)
535 silly packumentCache full:https://registry.npmjs.org/lightningcss-darwin-arm64 set size:undefined disposed:false
536 http fetch GET 200 https://registry.npmjs.org/lightningcss-freebsd-x64 22ms (cache miss)
537 silly packumentCache full:https://registry.npmjs.org/lightningcss-freebsd-x64 set size:undefined disposed:false
538 http fetch GET 200 https://registry.npmjs.org/lightningcss-android-arm64 22ms (cache miss)
539 silly packumentCache full:https://registry.npmjs.org/lightningcss-android-arm64 set size:undefined disposed:false
540 http fetch GET 200 https://registry.npmjs.org/@jridgewell%2fsourcemap-codec 47ms (cache miss)
541 silly packumentCache full:https://registry.npmjs.org/@jridgewell%2fsourcemap-codec set size:undefined disposed:false
542 silly placeDep ROOT @jridgewell/gen-mapping@0.3.13 OK for: @jridgewell/remapping@2.3.5 want: ^0.3.5
543 silly placeDep ROOT @jridgewell/trace-mapping@0.3.31 OK for: @jridgewell/remapping@2.3.5 want: ^0.3.24
544 silly fetch manifest @jridgewell/sourcemap-codec@^1.5.0
545 silly packumentCache full:https://registry.npmjs.org/@jridgewell%2fsourcemap-codec cache-miss
546 silly fetch manifest @jridgewell/resolve-uri@^3.1.0
547 silly packumentCache full:https://registry.npmjs.org/@jridgewell%2fresolve-uri cache-miss
548 silly fetch manifest @jridgewell/sourcemap-codec@^1.4.14
549 silly packumentCache full:https://registry.npmjs.org/@jridgewell%2fsourcemap-codec cache-miss
550 http fetch GET 200 https://registry.npmjs.org/@jridgewell%2fsourcemap-codec 3ms (cache hit)
551 silly packumentCache full:https://registry.npmjs.org/@jridgewell%2fsourcemap-codec set size:59275 disposed:false
552 http fetch GET 200 https://registry.npmjs.org/@jridgewell%2fsourcemap-codec 2ms (cache hit)
553 silly packumentCache full:https://registry.npmjs.org/@jridgewell%2fsourcemap-codec set size:59275 disposed:false
554 silly packumentCache full:https://registry.npmjs.org/@jridgewell%2fsourcemap-codec dispose
555 http fetch GET 200 https://registry.npmjs.org/@jridgewell%2fresolve-uri 47ms (cache miss)
556 silly packumentCache full:https://registry.npmjs.org/@jridgewell%2fresolve-uri set size:undefined disposed:false
557 silly placeDep ROOT @jridgewell/sourcemap-codec@1.5.5 OK for: @jridgewell/gen-mapping@0.3.13 want: ^1.5.0
558 silly placeDep ROOT @jridgewell/resolve-uri@3.1.2 OK for: @jridgewell/trace-mapping@0.3.31 want: ^3.1.0
559 silly placeDep ROOT @tailwindcss/oxide-android-arm64@4.1.17 OK for: @tailwindcss/oxide@4.1.17 want: 4.1.17
560 silly placeDep ROOT @tailwindcss/oxide-darwin-arm64@4.1.17 OK for: @tailwindcss/oxide@4.1.17 want: 4.1.17
561 silly placeDep ROOT @tailwindcss/oxide-darwin-x64@4.1.17 OK for: @tailwindcss/oxide@4.1.17 want: 4.1.17
562 silly placeDep ROOT @tailwindcss/oxide-freebsd-x64@4.1.17 OK for: @tailwindcss/oxide@4.1.17 want: 4.1.17
563 silly placeDep ROOT @tailwindcss/oxide-linux-arm-gnueabihf@4.1.17 OK for: @tailwindcss/oxide@4.1.17 want: 4.1.17
564 silly placeDep ROOT @tailwindcss/oxide-linux-arm64-gnu@4.1.17 OK for: @tailwindcss/oxide@4.1.17 want: 4.1.17
565 silly placeDep ROOT @tailwindcss/oxide-linux-arm64-musl@4.1.17 OK for: @tailwindcss/oxide@4.1.17 want: 4.1.17
566 silly placeDep ROOT @tailwindcss/oxide-linux-x64-gnu@4.1.17 OK for: @tailwindcss/oxide@4.1.17 want: 4.1.17
567 silly placeDep ROOT @tailwindcss/oxide-linux-x64-musl@4.1.17 OK for: @tailwindcss/oxide@4.1.17 want: 4.1.17
568 silly placeDep ROOT @tailwindcss/oxide-wasm32-wasi@4.1.17 OK for: @tailwindcss/oxide@4.1.17 want: 4.1.17
569 silly placeDep ROOT @tailwindcss/oxide-win32-arm64-msvc@4.1.17 OK for: @tailwindcss/oxide@4.1.17 want: 4.1.17
570 silly placeDep ROOT @tailwindcss/oxide-win32-x64-msvc@4.1.17 OK for: @tailwindcss/oxide@4.1.17 want: 4.1.17
571 silly placeDep ROOT undici-types@6.21.0 OK for: @types/node@20.19.25 want: ~6.21.0
572 silly placeDep ROOT csstype@3.2.3 OK for: @types/react@19.2.6 want: ^3.2.2
573 silly placeDep ROOT graceful-fs@4.2.11 OK for: enhanced-resolve@5.18.3 want: ^4.2.4
574 silly placeDep ROOT tapable@2.3.0 OK for: enhanced-resolve@5.18.3 want: ^2.2.0
575 silly fetch manifest eslint@^6.0.0 || ^7.0.0 || >=8.0.0
576 silly packumentCache full:https://registry.npmjs.org/eslint cache-miss
577 http fetch GET 200 https://registry.npmjs.org/eslint 3ms (cache hit)
578 silly packumentCache full:https://registry.npmjs.org/eslint set size:1859273 disposed:false
579 silly placeDep ROOT @eslint-community/eslint-utils@4.9.0 OK for: eslint@9.39.1 want: ^4.8.0
580 silly placeDep ROOT @eslint-community/regexpp@4.12.2 OK for: eslint@9.39.1 want: ^4.12.1
581 silly placeDep ROOT @eslint/config-array@0.21.1 OK for: eslint@9.39.1 want: ^0.21.1
582 silly placeDep ROOT @eslint/config-helpers@0.4.2 OK for: eslint@9.39.1 want: ^0.4.2
583 silly placeDep ROOT @eslint/core@0.17.0 OK for: eslint@9.39.1 want: ^0.17.0
584 silly placeDep ROOT @eslint/eslintrc@3.3.1 OK for: eslint@9.39.1 want: ^3.3.1
585 silly placeDep ROOT @eslint/js@9.39.1 OK for: eslint@9.39.1 want: 9.39.1
586 silly placeDep ROOT @eslint/plugin-kit@0.4.1 OK for: eslint@9.39.1 want: ^0.4.1
587 silly placeDep ROOT @humanfs/node@0.16.7 OK for: eslint@9.39.1 want: ^0.16.6
588 silly placeDep ROOT @humanwhocodes/module-importer@1.0.1 OK for: eslint@9.39.1 want: ^1.0.1
589 silly placeDep ROOT @humanwhocodes/retry@0.4.3 OK for: eslint@9.39.1 want: ^0.4.2
590 silly placeDep ROOT @types/estree@1.0.8 OK for: eslint@9.39.1 want: ^1.0.6
591 silly placeDep ROOT ajv@6.12.6 OK for: eslint@9.39.1 want: ^6.12.4
592 silly placeDep ROOT chalk@4.1.2 OK for: eslint@9.39.1 want: ^4.0.0
593 silly placeDep ROOT cross-spawn@7.0.6 OK for: eslint@9.39.1 want: ^7.0.6
594 silly placeDep ROOT debug@4.4.3 OK for: eslint@9.39.1 want: ^4.3.2
595 silly placeDep ROOT escape-string-regexp@4.0.0 OK for: eslint@9.39.1 want: ^4.0.0
596 silly placeDep ROOT eslint-scope@8.4.0 OK for: eslint@9.39.1 want: ^8.4.0
597 silly placeDep ROOT eslint-visitor-keys@4.2.1 OK for: eslint@9.39.1 want: ^4.2.1
598 silly placeDep ROOT espree@10.4.0 OK for: eslint@9.39.1 want: ^10.4.0
599 silly placeDep ROOT esquery@1.6.0 OK for: eslint@9.39.1 want: ^1.5.0
600 silly placeDep ROOT esutils@2.0.3 OK for: eslint@9.39.1 want: ^2.0.2
601 silly placeDep ROOT fast-deep-equal@3.1.3 OK for: eslint@9.39.1 want: ^3.1.3
602 silly placeDep ROOT file-entry-cache@8.0.0 OK for: eslint@9.39.1 want: ^8.0.0
603 silly placeDep ROOT find-up@5.0.0 OK for: eslint@9.39.1 want: ^5.0.0
604 silly placeDep ROOT glob-parent@6.0.2 OK for: eslint@9.39.1 want: ^6.0.2
605 silly placeDep ROOT ignore@5.3.2 OK for: eslint@9.39.1 want: ^5.2.0
606 silly placeDep ROOT imurmurhash@0.1.4 OK for: eslint@9.39.1 want: ^0.1.4
607 silly placeDep ROOT is-glob@4.0.3 OK for: eslint@9.39.1 want: ^4.0.0
608 silly placeDep ROOT json-stable-stringify-without-jsonify@1.0.1 OK for: eslint@9.39.1 want: ^1.0.1
609 silly placeDep ROOT lodash.merge@4.6.2 OK for: eslint@9.39.1 want: ^4.6.2
610 silly placeDep ROOT minimatch@3.1.2 OK for: eslint@9.39.1 want: ^3.1.2
611 silly placeDep ROOT natural-compare@1.4.0 OK for: eslint@9.39.1 want: ^1.4.0
612 silly placeDep ROOT optionator@0.9.4 OK for: eslint@9.39.1 want: ^0.9.3
613 silly fetch manifest eslint-visitor-keys@^3.4.3
614 silly packumentCache full:https://registry.npmjs.org/eslint-visitor-keys cache-miss
615 silly fetch manifest debug@^4.3.1
616 silly packumentCache full:https://registry.npmjs.org/debug cache-miss
617 silly fetch manifest @eslint/object-schema@^2.1.7
618 silly packumentCache full:https://registry.npmjs.org/@eslint%2fobject-schema cache-miss
619 silly fetch manifest @types/json-schema@^7.0.15
620 silly packumentCache full:https://registry.npmjs.org/@types%2fjson-schema cache-miss
621 silly fetch manifest espree@^10.0.1
622 silly packumentCache full:https://registry.npmjs.org/espree cache-miss
623 silly fetch manifest globals@^14.0.0
624 silly packumentCache full:https://registry.npmjs.org/globals cache-miss
625 silly fetch manifest import-fresh@^3.2.1
626 silly packumentCache full:https://registry.npmjs.org/import-fresh cache-miss
627 http fetch GET 200 https://registry.npmjs.org/espree 5ms (cache hit)
628 silly packumentCache full:https://registry.npmjs.org/espree set size:317497 disposed:false
629 silly fetch manifest js-yaml@^4.1.0
630 silly packumentCache full:https://registry.npmjs.org/js-yaml cache-miss
631 http fetch GET 200 https://registry.npmjs.org/eslint-visitor-keys 8ms (cache hit)
632 silly packumentCache full:https://registry.npmjs.org/eslint-visitor-keys set size:67352 disposed:false
633 silly fetch manifest strip-json-comments@^3.1.1
634 silly packumentCache full:https://registry.npmjs.org/strip-json-comments cache-miss
635 http fetch GET 200 https://registry.npmjs.org/debug 9ms (cache hit)
636 silly packumentCache full:https://registry.npmjs.org/debug set size:195840 disposed:false
637 silly fetch manifest levn@^0.4.1
638 silly packumentCache full:https://registry.npmjs.org/levn cache-miss
639 http fetch GET 200 https://registry.npmjs.org/globals 10ms (cache hit)
640 silly packumentCache full:https://registry.npmjs.org/globals set size:290151 disposed:false
641 silly fetch manifest @humanwhocodes/retry@^0.4.0
642 silly packumentCache full:https://registry.npmjs.org/@humanwhocodes%2fretry cache-miss
643 http fetch GET 200 https://registry.npmjs.org/@humanwhocodes%2fretry 1ms (cache hit)
644 silly packumentCache full:https://registry.npmjs.org/@humanwhocodes%2fretry set size:42348 disposed:false
645 silly fetch manifest @humanfs/core@^0.19.1
646 silly packumentCache full:https://registry.npmjs.org/@humanfs%2fcore cache-miss
647 http fetch GET 200 https://registry.npmjs.org/import-fresh 33ms (cache miss)
648 silly packumentCache full:https://registry.npmjs.org/import-fresh set size:undefined disposed:false
649 silly fetch manifest uri-js@^4.2.2
650 silly packumentCache full:https://registry.npmjs.org/uri-js cache-miss
651 http fetch GET 200 https://registry.npmjs.org/strip-json-comments 30ms (cache miss)
652 silly packumentCache full:https://registry.npmjs.org/strip-json-comments set size:undefined disposed:false
653 silly fetch manifest fast-deep-equal@^3.1.1
654 silly packumentCache full:https://registry.npmjs.org/fast-deep-equal cache-miss
655 http fetch GET 200 https://registry.npmjs.org/js-yaml 31ms (cache miss)
656 silly packumentCache full:https://registry.npmjs.org/js-yaml set size:undefined disposed:false
657 silly fetch manifest json-schema-traverse@^0.4.1
658 silly packumentCache full:https://registry.npmjs.org/json-schema-traverse cache-miss
659 http fetch GET 200 https://registry.npmjs.org/fast-deep-equal 2ms (cache hit)
660 silly packumentCache full:https://registry.npmjs.org/fast-deep-equal set size:48634 disposed:false
661 silly fetch manifest fast-json-stable-stringify@^2.0.0
662 silly packumentCache full:https://registry.npmjs.org/fast-json-stable-stringify cache-miss
663 http fetch GET 200 https://registry.npmjs.org/levn 35ms (cache miss)
664 silly packumentCache full:https://registry.npmjs.org/levn set size:undefined disposed:false
665 silly fetch manifest ansi-styles@^4.1.0
666 silly packumentCache full:https://registry.npmjs.org/ansi-styles cache-miss
667 http fetch GET 200 https://registry.npmjs.org/@eslint%2fobject-schema 59ms (cache miss)
668 silly packumentCache full:https://registry.npmjs.org/@eslint%2fobject-schema set size:undefined disposed:false
669 silly fetch manifest supports-color@^7.1.0
670 silly packumentCache full:https://registry.npmjs.org/supports-color cache-miss
671 http fetch GET 200 https://registry.npmjs.org/@humanfs%2fcore 45ms (cache miss)
672 silly packumentCache full:https://registry.npmjs.org/@humanfs%2fcore set size:undefined disposed:false
673 silly fetch manifest which@^2.0.1
674 silly packumentCache full:https://registry.npmjs.org/which cache-miss
675 http fetch GET 200 https://registry.npmjs.org/@types%2fjson-schema 61ms (cache miss)
676 silly packumentCache full:https://registry.npmjs.org/@types%2fjson-schema set size:undefined disposed:false
677 silly fetch manifest path-key@^3.1.0
678 silly packumentCache full:https://registry.npmjs.org/path-key cache-miss
679 http fetch GET 200 https://registry.npmjs.org/uri-js 27ms (cache miss)
680 silly packumentCache full:https://registry.npmjs.org/uri-js set size:undefined disposed:false
681 silly fetch manifest shebang-command@^2.0.0
682 silly packumentCache full:https://registry.npmjs.org/shebang-command cache-miss
683 http fetch GET 200 https://registry.npmjs.org/json-schema-traverse 25ms (cache miss)
684 silly packumentCache full:https://registry.npmjs.org/json-schema-traverse set size:undefined disposed:false
685 silly fetch manifest ms@^2.1.3
686 silly packumentCache full:https://registry.npmjs.org/ms cache-miss
687 http fetch GET 200 https://registry.npmjs.org/ansi-styles 28ms (cache miss)
688 silly packumentCache full:https://registry.npmjs.org/ansi-styles set size:undefined disposed:false
689 silly fetch manifest esrecurse@^4.3.0
690 silly packumentCache full:https://registry.npmjs.org/esrecurse cache-miss
691 http fetch GET 200 https://registry.npmjs.org/fast-json-stable-stringify 39ms (cache miss)
692 silly packumentCache full:https://registry.npmjs.org/fast-json-stable-stringify set size:undefined disposed:false
693 silly fetch manifest estraverse@^5.2.0
694 silly packumentCache full:https://registry.npmjs.org/estraverse cache-miss
695 http fetch GET 200 https://registry.npmjs.org/which 26ms (cache miss)
696 silly packumentCache full:https://registry.npmjs.org/which set size:undefined disposed:false
697 silly fetch manifest acorn@^8.15.0
698 silly packumentCache full:https://registry.npmjs.org/acorn cache-miss
699 http fetch GET 200 https://registry.npmjs.org/shebang-command 27ms (cache miss)
700 silly packumentCache full:https://registry.npmjs.org/shebang-command set size:undefined disposed:false
701 silly fetch manifest acorn-jsx@^5.3.2
702 silly packumentCache full:https://registry.npmjs.org/acorn-jsx cache-miss
703 http fetch GET 200 https://registry.npmjs.org/supports-color 35ms (cache miss)
704 silly packumentCache full:https://registry.npmjs.org/supports-color set size:undefined disposed:false
705 silly fetch manifest estraverse@^5.1.0
706 silly packumentCache full:https://registry.npmjs.org/estraverse cache-miss
707 http fetch GET 200 https://registry.npmjs.org/path-key 34ms (cache miss)
708 silly packumentCache full:https://registry.npmjs.org/path-key set size:undefined disposed:false
709 silly fetch manifest flat-cache@^4.0.0
710 silly packumentCache full:https://registry.npmjs.org/flat-cache cache-miss
711 http fetch GET 200 https://registry.npmjs.org/ms 33ms (cache miss)
712 silly packumentCache full:https://registry.npmjs.org/ms set size:undefined disposed:false
713 silly fetch manifest locate-path@^6.0.0
714 silly packumentCache full:https://registry.npmjs.org/locate-path cache-miss
715 http fetch GET 200 https://registry.npmjs.org/estraverse 28ms (cache miss)
716 silly packumentCache full:https://registry.npmjs.org/estraverse set size:undefined disposed:false
717 silly fetch manifest path-exists@^4.0.0
718 silly packumentCache full:https://registry.npmjs.org/path-exists cache-miss
719 http fetch GET 200 https://registry.npmjs.org/esrecurse 38ms (cache miss)
720 silly packumentCache full:https://registry.npmjs.org/esrecurse set size:undefined disposed:false
721 silly fetch manifest is-glob@^4.0.3
722 silly packumentCache full:https://registry.npmjs.org/is-glob cache-miss
723 http fetch GET 200 https://registry.npmjs.org/is-glob 1ms (cache hit)
724 silly packumentCache full:https://registry.npmjs.org/is-glob set size:40530 disposed:false
725 silly fetch manifest is-extglob@^2.1.1
726 silly packumentCache full:https://registry.npmjs.org/is-extglob cache-miss
727 http fetch GET 200 https://registry.npmjs.org/acorn-jsx 28ms (cache miss)
728 silly packumentCache full:https://registry.npmjs.org/acorn-jsx set size:undefined disposed:false
729 silly fetch manifest brace-expansion@^1.1.7
730 silly packumentCache full:https://registry.npmjs.org/brace-expansion cache-miss
731 http fetch GET 200 https://registry.npmjs.org/locate-path 22ms (cache miss)
732 silly packumentCache full:https://registry.npmjs.org/locate-path set size:undefined disposed:false
733 silly fetch manifest prelude-ls@^1.2.1
734 silly packumentCache full:https://registry.npmjs.org/prelude-ls cache-miss
735 http fetch GET 200 https://registry.npmjs.org/acorn 41ms (cache miss)
736 silly packumentCache full:https://registry.npmjs.org/acorn set size:undefined disposed:false
737 silly fetch manifest deep-is@^0.1.3
738 silly packumentCache full:https://registry.npmjs.org/deep-is cache-miss
739 http fetch GET 200 https://registry.npmjs.org/path-exists 30ms (cache miss)
740 silly packumentCache full:https://registry.npmjs.org/path-exists set size:undefined disposed:false
741 silly fetch manifest word-wrap@^1.2.5
742 silly packumentCache full:https://registry.npmjs.org/word-wrap cache-miss
743 http fetch GET 200 https://registry.npmjs.org/is-extglob 31ms (cache miss)
744 silly packumentCache full:https://registry.npmjs.org/is-extglob set size:undefined disposed:false
745 silly fetch manifest type-check@^0.4.0
746 silly packumentCache full:https://registry.npmjs.org/type-check cache-miss
747 http fetch GET 200 https://registry.npmjs.org/brace-expansion 25ms (cache miss)
748 silly packumentCache full:https://registry.npmjs.org/brace-expansion set size:undefined disposed:false
749 silly fetch manifest fast-levenshtein@^2.0.6
750 silly packumentCache full:https://registry.npmjs.org/fast-levenshtein cache-miss
751 http fetch GET 200 https://registry.npmjs.org/estraverse 53ms (cache miss)
752 silly packumentCache full:https://registry.npmjs.org/estraverse set size:undefined disposed:false
753 http fetch GET 200 https://registry.npmjs.org/prelude-ls 27ms (cache miss)
754 silly packumentCache full:https://registry.npmjs.org/prelude-ls set size:undefined disposed:false
755 http fetch GET 200 https://registry.npmjs.org/flat-cache 52ms (cache miss)
756 silly packumentCache full:https://registry.npmjs.org/flat-cache set size:undefined disposed:false
757 http fetch GET 200 https://registry.npmjs.org/deep-is 24ms (cache miss)
758 silly packumentCache full:https://registry.npmjs.org/deep-is set size:undefined disposed:false
759 http fetch GET 200 https://registry.npmjs.org/word-wrap 23ms (cache miss)
760 silly packumentCache full:https://registry.npmjs.org/word-wrap set size:undefined disposed:false
761 http fetch GET 200 https://registry.npmjs.org/type-check 32ms (cache miss)
762 silly packumentCache full:https://registry.npmjs.org/type-check set size:undefined disposed:false
763 http fetch GET 200 https://registry.npmjs.org/fast-levenshtein 32ms (cache miss)
764 silly packumentCache full:https://registry.npmjs.org/fast-levenshtein set size:undefined disposed:false
765 silly placeDep node_modules/@eslint-community/eslint-utils eslint-visitor-keys@3.4.3 OK for: @eslint-community/eslint-utils@4.9.0 want: ^3.4.3
766 silly placeDep ROOT @eslint/object-schema@2.1.7 OK for: @eslint/config-array@0.21.1 want: ^2.1.7
767 silly placeDep ROOT @types/json-schema@7.0.15 OK for: @eslint/core@0.17.0 want: ^7.0.15
768 silly placeDep ROOT globals@14.0.0 OK for: @eslint/eslintrc@3.3.1 want: ^14.0.0
769 silly placeDep ROOT import-fresh@3.3.1 OK for: @eslint/eslintrc@3.3.1 want: ^3.2.1
770 silly placeDep ROOT js-yaml@4.1.1 OK for: @eslint/eslintrc@3.3.1 want: ^4.1.0
771 silly placeDep ROOT strip-json-comments@3.1.1 OK for: @eslint/eslintrc@3.3.1 want: ^3.1.1
772 silly fetch manifest parent-module@^1.0.0
773 silly packumentCache full:https://registry.npmjs.org/parent-module cache-miss
774 silly fetch manifest resolve-from@^4.0.0
775 silly packumentCache full:https://registry.npmjs.org/resolve-from cache-miss
776 silly fetch manifest argparse@^2.0.1
777 silly packumentCache full:https://registry.npmjs.org/argparse cache-miss
778 http fetch GET 200 https://registry.npmjs.org/parent-module 28ms (cache miss)
779 silly packumentCache full:https://registry.npmjs.org/parent-module set size:undefined disposed:false
780 http fetch GET 200 https://registry.npmjs.org/resolve-from 28ms (cache miss)
781 silly packumentCache full:https://registry.npmjs.org/resolve-from set size:undefined disposed:false
782 http fetch GET 200 https://registry.npmjs.org/argparse 33ms (cache miss)
783 silly packumentCache full:https://registry.npmjs.org/argparse set size:undefined disposed:false
784 silly placeDep ROOT levn@0.4.1 OK for: @eslint/plugin-kit@0.4.1 want: ^0.4.1
785 silly fetch manifest type-check@~0.4.0
786 silly packumentCache full:https://registry.npmjs.org/type-check cache-miss
787 http fetch GET 200 https://registry.npmjs.org/type-check 1ms (cache hit)
788 silly packumentCache full:https://registry.npmjs.org/type-check set size:21221 disposed:false
789 silly placeDep ROOT @humanfs/core@0.19.1 OK for: @humanfs/node@0.16.7 want: ^0.19.1
790 silly placeDep ROOT fast-json-stable-stringify@2.1.0 OK for: ajv@6.12.6 want: ^2.0.0
791 silly placeDep ROOT json-schema-traverse@0.4.1 OK for: ajv@6.12.6 want: ^0.4.1
792 silly placeDep ROOT uri-js@4.4.1 OK for: ajv@6.12.6 want: ^4.2.2
793 silly fetch manifest punycode@^2.1.0
794 silly packumentCache full:https://registry.npmjs.org/punycode cache-miss
795 http fetch GET 200 https://registry.npmjs.org/punycode 23ms (cache miss)
796 silly packumentCache full:https://registry.npmjs.org/punycode set size:undefined disposed:false
797 silly placeDep ROOT ansi-styles@4.3.0 OK for: chalk@4.1.2 want: ^4.1.0
798 silly placeDep ROOT supports-color@7.2.0 OK for: chalk@4.1.2 want: ^7.1.0
799 silly fetch manifest color-convert@^2.0.1
800 silly packumentCache full:https://registry.npmjs.org/color-convert cache-miss
801 silly fetch manifest has-flag@^4.0.0
802 silly packumentCache full:https://registry.npmjs.org/has-flag cache-miss
803 http fetch GET 200 https://registry.npmjs.org/color-convert 29ms (cache miss)
804 silly packumentCache full:https://registry.npmjs.org/color-convert set size:undefined disposed:false
805 http fetch GET 200 https://registry.npmjs.org/has-flag 34ms (cache miss)
806 silly packumentCache full:https://registry.npmjs.org/has-flag set size:undefined disposed:false
807 silly placeDep ROOT color-convert@2.0.1 OK for: ansi-styles@4.3.0 want: ^2.0.1
808 silly fetch manifest color-name@~1.1.4
809 silly packumentCache full:https://registry.npmjs.org/color-name cache-miss
810 http fetch GET 200 https://registry.npmjs.org/color-name 29ms (cache miss)
811 silly packumentCache full:https://registry.npmjs.org/color-name set size:undefined disposed:false
812 silly placeDep ROOT color-name@1.1.4 OK for: color-convert@2.0.1 want: ~1.1.4
813 silly placeDep ROOT path-key@3.1.1 OK for: cross-spawn@7.0.6 want: ^3.1.0
814 silly placeDep ROOT shebang-command@2.0.0 OK for: cross-spawn@7.0.6 want: ^2.0.0
815 silly placeDep ROOT which@2.0.2 OK for: cross-spawn@7.0.6 want: ^2.0.1
816 silly fetch manifest shebang-regex@^3.0.0
817 silly packumentCache full:https://registry.npmjs.org/shebang-regex cache-miss
818 silly fetch manifest isexe@^2.0.0
819 silly packumentCache full:https://registry.npmjs.org/isexe cache-miss
820 http fetch GET 200 https://registry.npmjs.org/shebang-regex 24ms (cache miss)
821 silly packumentCache full:https://registry.npmjs.org/shebang-regex set size:undefined disposed:false
822 http fetch GET 200 https://registry.npmjs.org/isexe 29ms (cache miss)
823 silly packumentCache full:https://registry.npmjs.org/isexe set size:undefined disposed:false
824 silly placeDep ROOT ms@2.1.3 OK for: debug@4.4.3 want: ^2.1.3
825 silly fetch manifest eslint@>=9.0.0
826 silly packumentCache full:https://registry.npmjs.org/eslint cache-miss
827 http fetch GET 200 https://registry.npmjs.org/eslint 3ms (cache hit)
828 silly packumentCache full:https://registry.npmjs.org/eslint set size:1859273 disposed:false
829 silly fetch manifest typescript@>=3.3.1
830 silly packumentCache full:https://registry.npmjs.org/typescript cache-miss
831 http fetch GET 200 https://registry.npmjs.org/typescript 14ms (cache hit)
832 silly packumentCache full:https://registry.npmjs.org/typescript set size:14915330 disposed:false
833 silly fetch manifest eslint-plugin-import-x@*
834 silly packumentCache full:https://registry.npmjs.org/eslint-plugin-import-x cache-miss
835 http fetch GET 200 https://registry.npmjs.org/eslint-plugin-import-x 36ms (cache miss)
836 silly packumentCache full:https://registry.npmjs.org/eslint-plugin-import-x set size:undefined disposed:false
837 silly fetch manifest @typescript-eslint/utils@^8.0.0
838 silly packumentCache full:https://registry.npmjs.org/@typescript-eslint%2futils cache-miss
839 http fetch GET 200 https://registry.npmjs.org/@typescript-eslint%2futils 212ms (cache miss)
840 silly packumentCache full:https://registry.npmjs.org/@typescript-eslint%2futils set size:undefined disposed:false
841 silly placeDep ROOT @next/eslint-plugin-next@16.0.3 OK for: eslint-config-next@16.0.3 want: 16.0.3
842 silly placeDep ROOT eslint-import-resolver-node@0.3.9 OK for: eslint-config-next@16.0.3 want: ^0.3.6
843 silly placeDep ROOT eslint-import-resolver-typescript@3.10.1 OK for: eslint-config-next@16.0.3 want: ^3.5.2
844 silly placeDep ROOT eslint-plugin-import@2.32.0 OK for: eslint-config-next@16.0.3 want: ^2.32.0
845 silly placeDep ROOT eslint-plugin-jsx-a11y@6.10.2 OK for: eslint-config-next@16.0.3 want: ^6.10.0
846 silly placeDep ROOT eslint-plugin-react@7.37.5 OK for: eslint-config-next@16.0.3 want: ^7.37.0
847 silly placeDep ROOT eslint-plugin-react-hooks@7.0.1 OK for: eslint-config-next@16.0.3 want: ^7.0.0
848 silly placeDep node_modules/eslint-config-next globals@16.4.0 OK for: eslint-config-next@16.0.3 want: 16.4.0
849 silly placeDep ROOT typescript-eslint@8.47.0 OK for: eslint-config-next@16.0.3 want: ^8.46.0
850 silly fetch manifest fast-glob@3.3.1
851 silly packumentCache full:https://registry.npmjs.org/fast-glob cache-miss
852 silly fetch manifest debug@^3.2.7
853 silly packumentCache full:https://registry.npmjs.org/debug cache-hit
854 silly fetch manifest is-core-module@^2.13.0
855 silly packumentCache full:https://registry.npmjs.org/is-core-module cache-miss
856 silly fetch manifest resolve@^1.22.4
857 silly packumentCache full:https://registry.npmjs.org/resolve cache-miss
858 silly fetch manifest tinyglobby@^0.2.13
859 silly packumentCache full:https://registry.npmjs.org/tinyglobby cache-miss
860 silly fetch manifest stable-hash@^0.0.5
861 silly packumentCache full:https://registry.npmjs.org/stable-hash cache-miss
862 silly fetch manifest get-tsconfig@^4.10.0
863 silly packumentCache full:https://registry.npmjs.org/get-tsconfig cache-miss
864 silly fetch manifest is-bun-module@^2.0.0
865 silly packumentCache full:https://registry.npmjs.org/is-bun-module cache-miss
866 http fetch GET 200 https://registry.npmjs.org/get-tsconfig 4ms (cache hit)
867 silly packumentCache full:https://registry.npmjs.org/get-tsconfig set size:103943 disposed:false
868 silly fetch manifest unrs-resolver@^1.6.2
869 silly packumentCache full:https://registry.npmjs.org/unrs-resolver cache-miss
870 http fetch GET 200 https://registry.npmjs.org/fast-glob 27ms (cache miss)
871 silly packumentCache full:https://registry.npmjs.org/fast-glob set size:undefined disposed:false
872 silly fetch manifest @nolyfill/is-core-module@1.0.39
873 silly packumentCache full:https://registry.npmjs.org/@nolyfill%2fis-core-module cache-miss
874 http fetch GET 200 https://registry.npmjs.org/is-core-module 32ms (cache miss)
875 silly packumentCache full:https://registry.npmjs.org/is-core-module set size:undefined disposed:false
876 silly fetch manifest @rtsao/scc@^1.1.0
877 silly packumentCache full:https://registry.npmjs.org/@rtsao%2fscc cache-miss
878 http fetch GET 200 https://registry.npmjs.org/unrs-resolver 28ms (cache miss)
879 silly packumentCache full:https://registry.npmjs.org/unrs-resolver set size:undefined disposed:false
880 silly fetch manifest array-includes@^3.1.9
881 silly packumentCache full:https://registry.npmjs.org/array-includes cache-miss
882 http fetch GET 200 https://registry.npmjs.org/resolve 34ms (cache miss)
883 silly packumentCache full:https://registry.npmjs.org/resolve set size:undefined disposed:false
884 silly fetch manifest array.prototype.findlastindex@^1.2.6
885 silly packumentCache full:https://registry.npmjs.org/array.prototype.findlastindex cache-miss
886 http fetch GET 200 https://registry.npmjs.org/stable-hash 37ms (cache miss)
887 silly packumentCache full:https://registry.npmjs.org/stable-hash set size:undefined disposed:false
888 silly fetch manifest array.prototype.flat@^1.3.3
889 silly packumentCache full:https://registry.npmjs.org/array.prototype.flat cache-miss
890 http fetch GET 200 https://registry.npmjs.org/is-bun-module 40ms (cache miss)
891 silly packumentCache full:https://registry.npmjs.org/is-bun-module set size:undefined disposed:false
892 silly fetch manifest array.prototype.flatmap@^1.3.3
893 silly packumentCache full:https://registry.npmjs.org/array.prototype.flatmap cache-miss
894 http fetch GET 200 https://registry.npmjs.org/array-includes 30ms (cache miss)
895 silly packumentCache full:https://registry.npmjs.org/array-includes set size:undefined disposed:false
896 silly fetch manifest doctrine@^2.1.0
897 silly packumentCache full:https://registry.npmjs.org/doctrine cache-miss
898 http fetch GET 200 https://registry.npmjs.org/array.prototype.flat 35ms (cache miss)
899 silly packumentCache full:https://registry.npmjs.org/array.prototype.flat set size:undefined disposed:false
900 silly fetch manifest eslint-module-utils@^2.12.1
901 silly packumentCache full:https://registry.npmjs.org/eslint-module-utils cache-miss
902 http fetch GET 200 https://registry.npmjs.org/@rtsao%2fscc 51ms (cache miss)
903 silly packumentCache full:https://registry.npmjs.org/@rtsao%2fscc set size:undefined disposed:false
904 silly fetch manifest hasown@^2.0.2
905 silly packumentCache full:https://registry.npmjs.org/hasown cache-miss
906 http fetch GET 200 https://registry.npmjs.org/tinyglobby 83ms (cache miss)
907 silly packumentCache full:https://registry.npmjs.org/tinyglobby set size:undefined disposed:false
908 silly fetch manifest is-core-module@^2.16.1
909 silly packumentCache full:https://registry.npmjs.org/is-core-module cache-miss
910 http fetch GET 200 https://registry.npmjs.org/is-core-module 1ms (cache hit)
911 silly packumentCache full:https://registry.npmjs.org/is-core-module set size:71788 disposed:false
912 silly fetch manifest object.fromentries@^2.0.8
913 silly packumentCache full:https://registry.npmjs.org/object.fromentries cache-miss
914 http fetch GET 200 https://registry.npmjs.org/array.prototype.flatmap 46ms (cache miss)
915 silly packumentCache full:https://registry.npmjs.org/array.prototype.flatmap set size:undefined disposed:false
916 silly fetch manifest object.groupby@^1.0.3
917 silly packumentCache full:https://registry.npmjs.org/object.groupby cache-miss
918 http fetch GET 200 https://registry.npmjs.org/array.prototype.findlastindex 56ms (cache miss)
919 silly packumentCache full:https://registry.npmjs.org/array.prototype.findlastindex set size:undefined disposed:false
920 silly fetch manifest object.values@^1.2.1
921 silly packumentCache full:https://registry.npmjs.org/object.values cache-miss
922 http fetch GET 200 https://registry.npmjs.org/eslint-module-utils 26ms (cache miss)
923 silly packumentCache full:https://registry.npmjs.org/eslint-module-utils set size:undefined disposed:false
924 silly fetch manifest semver@^6.3.1
925 silly packumentCache full:https://registry.npmjs.org/semver cache-miss
926 http fetch GET 200 https://registry.npmjs.org/doctrine 35ms (cache miss)
927 silly packumentCache full:https://registry.npmjs.org/doctrine set size:undefined disposed:false
928 silly fetch manifest string.prototype.trimend@^1.0.9
929 silly packumentCache full:https://registry.npmjs.org/string.prototype.trimend cache-miss
930 http fetch GET 200 https://registry.npmjs.org/hasown 24ms (cache miss)
931 silly packumentCache full:https://registry.npmjs.org/hasown set size:undefined disposed:false
932 silly fetch manifest tsconfig-paths@^3.15.0
933 silly packumentCache full:https://registry.npmjs.org/tsconfig-paths cache-miss
934 http fetch GET 200 https://registry.npmjs.org/object.fromentries 27ms (cache miss)
935 silly packumentCache full:https://registry.npmjs.org/object.fromentries set size:undefined disposed:false
936 silly fetch manifest aria-query@^5.3.2
937 silly packumentCache full:https://registry.npmjs.org/aria-query cache-miss
938 http fetch GET 200 https://registry.npmjs.org/object.groupby 32ms (cache miss)
939 silly packumentCache full:https://registry.npmjs.org/object.groupby set size:undefined disposed:false
940 silly fetch manifest array-includes@^3.1.8
941 silly packumentCache full:https://registry.npmjs.org/array-includes cache-miss
942 http fetch GET 200 https://registry.npmjs.org/array-includes 1ms (cache hit)
943 silly packumentCache full:https://registry.npmjs.org/array-includes set size:77143 disposed:false
944 silly fetch manifest array.prototype.flatmap@^1.3.2
945 silly packumentCache full:https://registry.npmjs.org/array.prototype.flatmap cache-miss
946 http fetch GET 200 https://registry.npmjs.org/array.prototype.flatmap 1ms (cache hit)
947 silly packumentCache full:https://registry.npmjs.org/array.prototype.flatmap set size:51458 disposed:false
948 silly fetch manifest ast-types-flow@^0.0.8
949 silly packumentCache full:https://registry.npmjs.org/ast-types-flow cache-miss
950 http fetch GET 200 https://registry.npmjs.org/string.prototype.trimend 26ms (cache miss)
951 silly packumentCache full:https://registry.npmjs.org/string.prototype.trimend set size:undefined disposed:false
952 silly fetch manifest axe-core@^4.10.0
953 silly packumentCache full:https://registry.npmjs.org/axe-core cache-miss
954 http fetch GET 200 https://registry.npmjs.org/semver 30ms (cache miss)
955 silly packumentCache full:https://registry.npmjs.org/semver set size:undefined disposed:false
956 silly fetch manifest axobject-query@^4.1.0
957 silly packumentCache full:https://registry.npmjs.org/axobject-query cache-miss
958 http fetch GET 200 https://registry.npmjs.org/object.values 41ms (cache miss)
959 silly packumentCache full:https://registry.npmjs.org/object.values set size:undefined disposed:false
960 silly fetch manifest damerau-levenshtein@^1.0.8
961 silly packumentCache full:https://registry.npmjs.org/damerau-levenshtein cache-miss
962 http fetch GET 200 https://registry.npmjs.org/tsconfig-paths 28ms (cache miss)
963 silly packumentCache full:https://registry.npmjs.org/tsconfig-paths set size:undefined disposed:false
964 silly fetch manifest emoji-regex@^9.2.2
965 silly packumentCache full:https://registry.npmjs.org/emoji-regex cache-miss
966 http fetch GET 200 https://registry.npmjs.org/aria-query 25ms (cache miss)
967 silly packumentCache full:https://registry.npmjs.org/aria-query set size:undefined disposed:false
968 silly fetch manifest jsx-ast-utils@^3.3.5
969 silly packumentCache full:https://registry.npmjs.org/jsx-ast-utils cache-miss
970 http fetch GET 200 https://registry.npmjs.org/ast-types-flow 32ms (cache miss)
971 silly packumentCache full:https://registry.npmjs.org/ast-types-flow set size:undefined disposed:false
972 silly fetch manifest language-tags@^1.0.9
973 silly packumentCache full:https://registry.npmjs.org/language-tags cache-miss
974 http fetch GET 200 https://registry.npmjs.org/emoji-regex 22ms (cache miss)
975 silly packumentCache full:https://registry.npmjs.org/emoji-regex set size:undefined disposed:false
976 silly fetch manifest safe-regex-test@^1.0.3
977 silly packumentCache full:https://registry.npmjs.org/safe-regex-test cache-miss
978 http fetch GET 200 https://registry.npmjs.org/damerau-levenshtein 29ms (cache miss)
979 silly packumentCache full:https://registry.npmjs.org/damerau-levenshtein set size:undefined disposed:false
980 silly fetch manifest string.prototype.includes@^2.0.1
981 silly packumentCache full:https://registry.npmjs.org/string.prototype.includes cache-miss
982 http fetch GET 200 https://registry.npmjs.org/axobject-query 34ms (cache miss)
983 silly packumentCache full:https://registry.npmjs.org/axobject-query set size:undefined disposed:false
984 silly fetch manifest array.prototype.findlast@^1.2.5
985 silly packumentCache full:https://registry.npmjs.org/array.prototype.findlast cache-miss
986 http fetch GET 200 https://registry.npmjs.org/jsx-ast-utils 29ms (cache miss)
987 silly packumentCache full:https://registry.npmjs.org/jsx-ast-utils set size:undefined disposed:false
988 silly fetch manifest array.prototype.tosorted@^1.1.4
989 silly packumentCache full:https://registry.npmjs.org/array.prototype.tosorted cache-miss
990 http fetch GET 200 https://registry.npmjs.org/language-tags 28ms (cache miss)
991 silly packumentCache full:https://registry.npmjs.org/language-tags set size:undefined disposed:false
992 silly fetch manifest es-iterator-helpers@^1.2.1
993 silly packumentCache full:https://registry.npmjs.org/es-iterator-helpers cache-miss
994 http fetch GET 200 https://registry.npmjs.org/safe-regex-test 26ms (cache miss)
995 silly packumentCache full:https://registry.npmjs.org/safe-regex-test set size:undefined disposed:false
996 silly fetch manifest estraverse@^5.3.0
997 silly packumentCache full:https://registry.npmjs.org/estraverse cache-miss
998 http fetch GET 200 https://registry.npmjs.org/estraverse 1ms (cache hit)
999 silly packumentCache full:https://registry.npmjs.org/estraverse set size:62412 disposed:false
1000 silly fetch manifest jsx-ast-utils@^2.4.1 || ^3.0.0
1001 silly packumentCache full:https://registry.npmjs.org/jsx-ast-utils cache-miss
1002 http fetch GET 200 https://registry.npmjs.org/jsx-ast-utils 1ms (cache hit)
1003 silly packumentCache full:https://registry.npmjs.org/jsx-ast-utils set size:115998 disposed:false
1004 silly fetch manifest object.entries@^1.1.9
1005 silly packumentCache full:https://registry.npmjs.org/object.entries cache-miss
1006 http fetch GET 200 https://registry.npmjs.org/string.prototype.includes 29ms (cache miss)
1007 silly packumentCache full:https://registry.npmjs.org/string.prototype.includes set size:undefined disposed:false
1008 silly fetch manifest prop-types@^15.8.1
1009 silly packumentCache full:https://registry.npmjs.org/prop-types cache-miss
1010 http fetch GET 200 https://registry.npmjs.org/array.prototype.findlast 33ms (cache miss)
1011 silly packumentCache full:https://registry.npmjs.org/array.prototype.findlast set size:undefined disposed:false
1012 silly fetch manifest resolve@^2.0.0-next.5
1013 silly packumentCache full:https://registry.npmjs.org/resolve cache-miss
1014 http fetch GET 200 https://registry.npmjs.org/resolve 1ms (cache hit)
1015 silly packumentCache full:https://registry.npmjs.org/resolve set size:246681 disposed:false
1016 silly fetch manifest string.prototype.matchall@^4.0.12
1017 silly packumentCache full:https://registry.npmjs.org/string.prototype.matchall cache-miss
1018 http fetch GET 200 https://registry.npmjs.org/array.prototype.tosorted 37ms (cache miss)
1019 silly packumentCache full:https://registry.npmjs.org/array.prototype.tosorted set size:undefined disposed:false
1020 silly fetch manifest string.prototype.repeat@^1.0.0
1021 silly packumentCache full:https://registry.npmjs.org/string.prototype.repeat cache-miss
1022 http fetch GET 200 https://registry.npmjs.org/axe-core 84ms (cache miss)
1023 silly packumentCache full:https://registry.npmjs.org/axe-core set size:undefined disposed:false
1024 silly fetch manifest zod@^3.25.0 || ^4.0.0
1025 silly packumentCache full:https://registry.npmjs.org/zod cache-miss
1026 http fetch GET 200 https://registry.npmjs.org/object.entries 48ms (cache miss)
1027 silly packumentCache full:https://registry.npmjs.org/object.entries set size:undefined disposed:false
1028 silly fetch manifest @babel/core@^7.24.4
1029 silly packumentCache full:https://registry.npmjs.org/@babel%2fcore cache-miss
1030 http fetch GET 200 https://registry.npmjs.org/prop-types 48ms (cache miss)
1031 silly packumentCache full:https://registry.npmjs.org/prop-types set size:undefined disposed:false
1032 silly fetch manifest @babel/parser@^7.24.4
1033 silly packumentCache full:https://registry.npmjs.org/@babel%2fparser cache-miss
1034 http fetch GET 200 https://registry.npmjs.org/string.prototype.repeat 37ms (cache miss)
1035 silly packumentCache full:https://registry.npmjs.org/string.prototype.repeat set size:undefined disposed:false
1036 silly fetch manifest hermes-parser@^0.25.1
1037 silly packumentCache full:https://registry.npmjs.org/hermes-parser cache-miss
1038 http fetch GET 200 https://registry.npmjs.org/string.prototype.matchall 41ms (cache miss)
1039 silly packumentCache full:https://registry.npmjs.org/string.prototype.matchall set size:undefined disposed:false
1040 silly fetch manifest zod-validation-error@^3.5.0 || ^4.0.0
1041 silly packumentCache full:https://registry.npmjs.org/zod-validation-error cache-miss
1042 http fetch GET 200 https://registry.npmjs.org/es-iterator-helpers 60ms (cache miss)
1043 silly packumentCache full:https://registry.npmjs.org/es-iterator-helpers set size:undefined disposed:false
1044 silly fetch manifest @typescript-eslint/utils@8.47.0
1045 silly packumentCache full:https://registry.npmjs.org/@typescript-eslint%2futils cache-miss
1046 http fetch GET 200 https://registry.npmjs.org/@typescript-eslint%2futils 8ms (cache hit)
1047 silly packumentCache full:https://registry.npmjs.org/@typescript-eslint%2futils set size:9307141 disposed:false
1048 silly fetch manifest @typescript-eslint/parser@8.47.0
1049 silly packumentCache full:https://registry.npmjs.org/@typescript-eslint%2fparser cache-miss
1050 http fetch GET 200 https://registry.npmjs.org/zod-validation-error 34ms (cache miss)
1051 silly packumentCache full:https://registry.npmjs.org/zod-validation-error set size:undefined disposed:false
1052 silly fetch manifest @typescript-eslint/eslint-plugin@8.47.0
1053 silly packumentCache full:https://registry.npmjs.org/@typescript-eslint%2feslint-plugin cache-miss
1054 http fetch GET 200 https://registry.npmjs.org/hermes-parser 37ms (cache miss)
1055 silly packumentCache full:https://registry.npmjs.org/hermes-parser set size:undefined disposed:false
1056 silly fetch manifest @typescript-eslint/typescript-estree@8.47.0
1057 silly packumentCache full:https://registry.npmjs.org/@typescript-eslint%2ftypescript-estree cache-miss
1058 http fetch GET 200 https://registry.npmjs.org/@babel%2fcore 49ms (cache miss)
1059 silly packumentCache full:https://registry.npmjs.org/@babel%2fcore set size:undefined disposed:false
1060 http fetch GET 200 https://registry.npmjs.org/zod 59ms (cache miss)
1061 silly packumentCache full:https://registry.npmjs.org/zod set size:undefined disposed:false
1062 http fetch GET 200 https://registry.npmjs.org/@babel%2fparser 55ms (cache miss)
1063 silly packumentCache full:https://registry.npmjs.org/@babel%2fparser set size:undefined disposed:false
1064 http fetch GET 200 https://registry.npmjs.org/@nolyfill%2fis-core-module 375ms (cache miss)
1065 silly packumentCache full:https://registry.npmjs.org/@nolyfill%2fis-core-module set size:undefined disposed:false
1066 http fetch GET 200 https://registry.npmjs.org/@typescript-eslint%2ftypescript-estree 332ms (cache miss)
1067 silly packumentCache full:https://registry.npmjs.org/@typescript-eslint%2ftypescript-estree set size:undefined disposed:false
1068 http fetch GET 200 https://registry.npmjs.org/@typescript-eslint%2feslint-plugin 371ms (cache miss)
1069 silly packumentCache full:https://registry.npmjs.org/@typescript-eslint%2feslint-plugin set size:undefined disposed:false
1070 http fetch GET 200 https://registry.npmjs.org/@typescript-eslint%2fparser 546ms (cache miss)
1071 silly packumentCache full:https://registry.npmjs.org/@typescript-eslint%2fparser set size:undefined disposed:false
1072 silly placeDep ROOT fast-glob@3.3.1 OK for: @next/eslint-plugin-next@16.0.3 want: 3.3.1
1073 silly fetch manifest merge2@^1.3.0
1074 silly packumentCache full:https://registry.npmjs.org/merge2 cache-miss
1075 silly fetch manifest micromatch@^4.0.4
1076 silly packumentCache full:https://registry.npmjs.org/micromatch cache-miss
1077 silly fetch manifest glob-parent@^5.1.2
1078 silly packumentCache full:https://registry.npmjs.org/glob-parent cache-miss
1079 silly fetch manifest @nodelib/fs.stat@^2.0.2
1080 silly packumentCache full:https://registry.npmjs.org/@nodelib%2ffs.stat cache-miss
1081 silly fetch manifest @nodelib/fs.walk@^1.2.3
1082 silly packumentCache full:https://registry.npmjs.org/@nodelib%2ffs.walk cache-miss
1083 http fetch GET 200 https://registry.npmjs.org/glob-parent 2ms (cache hit)
1084 silly packumentCache full:https://registry.npmjs.org/glob-parent set size:42445 disposed:false
1085 http fetch GET 200 https://registry.npmjs.org/merge2 22ms (cache miss)
1086 silly packumentCache full:https://registry.npmjs.org/merge2 set size:undefined disposed:false
1087 http fetch GET 200 https://registry.npmjs.org/@nodelib%2ffs.walk 43ms (cache miss)
1088 silly packumentCache full:https://registry.npmjs.org/@nodelib%2ffs.walk set size:undefined disposed:false
1089 http fetch GET 200 https://registry.npmjs.org/@nodelib%2ffs.stat 45ms (cache miss)
1090 silly packumentCache full:https://registry.npmjs.org/@nodelib%2ffs.stat set size:undefined disposed:false
1091 http fetch GET 200 https://registry.npmjs.org/micromatch 144ms (cache miss)
1092 silly packumentCache full:https://registry.npmjs.org/micromatch set size:undefined disposed:false
1093 silly placeDep node_modules/eslint-import-resolver-node debug@3.2.7 OK for: eslint-import-resolver-node@0.3.9 want: ^3.2.7
1094 silly placeDep ROOT is-core-module@2.16.1 OK for: eslint-import-resolver-node@0.3.9 want: ^2.13.0
1095 silly placeDep ROOT resolve@1.22.11 OK for: eslint-import-resolver-node@0.3.9 want: ^1.22.4
1096 silly fetch manifest path-parse@^1.0.7
1097 silly packumentCache full:https://registry.npmjs.org/path-parse cache-miss
1098 silly fetch manifest supports-preserve-symlinks-flag@^1.0.0
1099 silly packumentCache full:https://registry.npmjs.org/supports-preserve-symlinks-flag cache-miss
1100 http fetch GET 200 https://registry.npmjs.org/path-parse 26ms (cache miss)
1101 silly packumentCache full:https://registry.npmjs.org/path-parse set size:undefined disposed:false
1102 http fetch GET 200 https://registry.npmjs.org/supports-preserve-symlinks-flag 27ms (cache miss)
1103 silly packumentCache full:https://registry.npmjs.org/supports-preserve-symlinks-flag set size:undefined disposed:false
1104 silly placeDep ROOT @nolyfill/is-core-module@1.0.39 OK for: eslint-import-resolver-typescript@3.10.1 want: 1.0.39
1105 silly placeDep ROOT get-tsconfig@4.13.0 OK for: eslint-import-resolver-typescript@3.10.1 want: ^4.10.0
1106 silly placeDep ROOT is-bun-module@2.0.0 OK for: eslint-import-resolver-typescript@3.10.1 want: ^2.0.0
1107 silly placeDep ROOT stable-hash@0.0.5 OK for: eslint-import-resolver-typescript@3.10.1 want: ^0.0.5
1108 silly placeDep ROOT tinyglobby@0.2.15 OK for: eslint-import-resolver-typescript@3.10.1 want: ^0.2.13
1109 silly placeDep ROOT unrs-resolver@1.11.1 OK for: eslint-import-resolver-typescript@3.10.1 want: ^1.6.2
1110 silly fetch manifest resolve-pkg-maps@^1.0.0
1111 silly packumentCache full:https://registry.npmjs.org/resolve-pkg-maps cache-miss
1112 silly fetch manifest semver@^7.7.1
1113 silly packumentCache full:https://registry.npmjs.org/semver cache-miss
1114 silly fetch manifest fdir@^6.5.0
1115 silly packumentCache full:https://registry.npmjs.org/fdir cache-miss
1116 silly fetch manifest picomatch@^4.0.3
1117 silly packumentCache full:https://registry.npmjs.org/picomatch cache-miss
1118 silly fetch manifest napi-postinstall@^0.3.0
1119 silly packumentCache full:https://registry.npmjs.org/napi-postinstall cache-miss
1120 silly fetch manifest @unrs/resolver-binding-win32-x64-msvc@1.11.1
1121 silly packumentCache full:https://registry.npmjs.org/@unrs%2fresolver-binding-win32-x64-msvc cache-miss
1122 silly fetch manifest @unrs/resolver-binding-win32-arm64-msvc@1.11.1
1123 silly packumentCache full:https://registry.npmjs.org/@unrs%2fresolver-binding-win32-arm64-msvc cache-miss
1124 http fetch GET 200 https://registry.npmjs.org/semver 8ms (cache hit)
1125 silly packumentCache full:https://registry.npmjs.org/semver set size:226907 disposed:false
1126 silly fetch manifest @unrs/resolver-binding-win32-ia32-msvc@1.11.1
1127 silly packumentCache full:https://registry.npmjs.org/@unrs%2fresolver-binding-win32-ia32-msvc cache-miss
1128 http fetch GET 200 https://registry.npmjs.org/fdir 28ms (cache miss)
1129 silly packumentCache full:https://registry.npmjs.org/fdir set size:undefined disposed:false
1130 silly fetch manifest @unrs/resolver-binding-linux-x64-gnu@1.11.1
1131 silly packumentCache full:https://registry.npmjs.org/@unrs%2fresolver-binding-linux-x64-gnu cache-miss
1132 http fetch GET 200 https://registry.npmjs.org/napi-postinstall 32ms (cache miss)
1133 silly packumentCache full:https://registry.npmjs.org/napi-postinstall set size:undefined disposed:false
1134 silly fetch manifest @unrs/resolver-binding-linux-x64-musl@1.11.1
1135 silly packumentCache full:https://registry.npmjs.org/@unrs%2fresolver-binding-linux-x64-musl cache-miss
1136 http fetch GET 200 https://registry.npmjs.org/resolve-pkg-maps 34ms (cache miss)
1137 silly packumentCache full:https://registry.npmjs.org/resolve-pkg-maps set size:undefined disposed:false
1138 silly fetch manifest @unrs/resolver-binding-freebsd-x64@1.11.1
1139 silly packumentCache full:https://registry.npmjs.org/@unrs%2fresolver-binding-freebsd-x64 cache-miss
1140 http fetch GET 200 https://registry.npmjs.org/picomatch 45ms (cache miss)
1141 silly packumentCache full:https://registry.npmjs.org/picomatch set size:undefined disposed:false
1142 silly fetch manifest @unrs/resolver-binding-android-arm64@1.11.1
1143 silly packumentCache full:https://registry.npmjs.org/@unrs%2fresolver-binding-android-arm64 cache-miss
1144 http fetch GET 200 https://registry.npmjs.org/@unrs%2fresolver-binding-win32-arm64-msvc 364ms (cache miss)
1145 silly packumentCache full:https://registry.npmjs.org/@unrs%2fresolver-binding-win32-arm64-msvc set size:undefined disposed:false
1146 silly fetch manifest @unrs/resolver-binding-linux-arm64-gnu@1.11.1
1147 silly packumentCache full:https://registry.npmjs.org/@unrs%2fresolver-binding-linux-arm64-gnu cache-miss
1148 http fetch GET 200 https://registry.npmjs.org/@unrs%2fresolver-binding-win32-x64-msvc 390ms (cache miss)
1149 silly packumentCache full:https://registry.npmjs.org/@unrs%2fresolver-binding-win32-x64-msvc set size:undefined disposed:false
1150 silly fetch manifest @unrs/resolver-binding-linux-arm64-musl@1.11.1
1151 silly packumentCache full:https://registry.npmjs.org/@unrs%2fresolver-binding-linux-arm64-musl cache-miss
1152 http fetch GET 200 https://registry.npmjs.org/@unrs%2fresolver-binding-win32-ia32-msvc 385ms (cache miss)
1153 silly packumentCache full:https://registry.npmjs.org/@unrs%2fresolver-binding-win32-ia32-msvc set size:undefined disposed:false
1154 silly fetch manifest @unrs/resolver-binding-android-arm-eabi@1.11.1
1155 silly packumentCache full:https://registry.npmjs.org/@unrs%2fresolver-binding-android-arm-eabi cache-miss
1156 http fetch GET 200 https://registry.npmjs.org/@unrs%2fresolver-binding-linux-x64-musl 369ms (cache miss)
1157 silly packumentCache full:https://registry.npmjs.org/@unrs%2fresolver-binding-linux-x64-musl set size:undefined disposed:false
1158 silly fetch manifest @unrs/resolver-binding-linux-arm-gnueabihf@1.11.1
1159 silly packumentCache full:https://registry.npmjs.org/@unrs%2fresolver-binding-linux-arm-gnueabihf cache-miss
1160 http fetch GET 200 https://registry.npmjs.org/@unrs%2fresolver-binding-linux-x64-gnu 375ms (cache miss)
1161 silly packumentCache full:https://registry.npmjs.org/@unrs%2fresolver-binding-linux-x64-gnu set size:undefined disposed:false
1162 silly fetch manifest @unrs/resolver-binding-linux-arm-musleabihf@1.11.1
1163 silly packumentCache full:https://registry.npmjs.org/@unrs%2fresolver-binding-linux-arm-musleabihf cache-miss
1164 http fetch GET 200 https://registry.npmjs.org/@unrs%2fresolver-binding-freebsd-x64 374ms (cache miss)
1165 silly packumentCache full:https://registry.npmjs.org/@unrs%2fresolver-binding-freebsd-x64 set size:undefined disposed:false
1166 silly fetch manifest @unrs/resolver-binding-linux-ppc64-gnu@1.11.1
1167 silly packumentCache full:https://registry.npmjs.org/@unrs%2fresolver-binding-linux-ppc64-gnu cache-miss
1168 http fetch GET 200 https://registry.npmjs.org/@unrs%2fresolver-binding-android-arm64 375ms (cache miss)
1169 silly packumentCache full:https://registry.npmjs.org/@unrs%2fresolver-binding-android-arm64 set size:undefined disposed:false
1170 silly fetch manifest @unrs/resolver-binding-linux-riscv64-gnu@1.11.1
1171 silly packumentCache full:https://registry.npmjs.org/@unrs%2fresolver-binding-linux-riscv64-gnu cache-miss
1172 http fetch GET 200 https://registry.npmjs.org/@unrs%2fresolver-binding-linux-ppc64-gnu 330ms (cache miss)
1173 silly packumentCache full:https://registry.npmjs.org/@unrs%2fresolver-binding-linux-ppc64-gnu set size:undefined disposed:false
1174 silly fetch manifest @unrs/resolver-binding-linux-riscv64-musl@1.11.1
1175 silly packumentCache full:https://registry.npmjs.org/@unrs%2fresolver-binding-linux-riscv64-musl cache-miss
1176 http fetch GET 200 https://registry.npmjs.org/@unrs%2fresolver-binding-linux-arm64-gnu 374ms (cache miss)
1177 silly packumentCache full:https://registry.npmjs.org/@unrs%2fresolver-binding-linux-arm64-gnu set size:undefined disposed:false
1178 silly fetch manifest @unrs/resolver-binding-linux-s390x-gnu@1.11.1
1179 silly packumentCache full:https://registry.npmjs.org/@unrs%2fresolver-binding-linux-s390x-gnu cache-miss
1180 http fetch GET 200 https://registry.npmjs.org/@unrs%2fresolver-binding-linux-arm64-musl 356ms (cache miss)
1181 silly packumentCache full:https://registry.npmjs.org/@unrs%2fresolver-binding-linux-arm64-musl set size:undefined disposed:false
1182 silly fetch manifest @unrs/resolver-binding-darwin-x64@1.11.1
1183 silly packumentCache full:https://registry.npmjs.org/@unrs%2fresolver-binding-darwin-x64 cache-miss
1184 http fetch GET 200 https://registry.npmjs.org/@unrs%2fresolver-binding-android-arm-eabi 357ms (cache miss)
1185 silly packumentCache full:https://registry.npmjs.org/@unrs%2fresolver-binding-android-arm-eabi set size:undefined disposed:false
1186 silly fetch manifest @unrs/resolver-binding-darwin-arm64@1.11.1
1187 silly packumentCache full:https://registry.npmjs.org/@unrs%2fresolver-binding-darwin-arm64 cache-miss
1188 http fetch GET 200 https://registry.npmjs.org/@unrs%2fresolver-binding-linux-arm-gnueabihf 373ms (cache miss)
1189 silly packumentCache full:https://registry.npmjs.org/@unrs%2fresolver-binding-linux-arm-gnueabihf set size:undefined disposed:false
1190 silly fetch manifest @unrs/resolver-binding-wasm32-wasi@1.11.1
1191 silly packumentCache full:https://registry.npmjs.org/@unrs%2fresolver-binding-wasm32-wasi cache-miss
1192 http fetch GET 200 https://registry.npmjs.org/@unrs%2fresolver-binding-linux-arm-musleabihf 378ms (cache miss)
1193 silly packumentCache full:https://registry.npmjs.org/@unrs%2fresolver-binding-linux-arm-musleabihf set size:undefined disposed:false
1194 http fetch GET 200 https://registry.npmjs.org/@unrs%2fresolver-binding-linux-riscv64-gnu 368ms (cache miss)
1195 silly packumentCache full:https://registry.npmjs.org/@unrs%2fresolver-binding-linux-riscv64-gnu set size:undefined disposed:false
1196 http fetch GET 200 https://registry.npmjs.org/@unrs%2fresolver-binding-darwin-arm64 39ms (cache miss)
1197 silly packumentCache full:https://registry.npmjs.org/@unrs%2fresolver-binding-darwin-arm64 set size:undefined disposed:false
1198 http fetch GET 200 https://registry.npmjs.org/@unrs%2fresolver-binding-linux-s390x-gnu 354ms (cache miss)
1199 silly packumentCache full:https://registry.npmjs.org/@unrs%2fresolver-binding-linux-s390x-gnu set size:undefined disposed:false
1200 http fetch GET 200 https://registry.npmjs.org/@unrs%2fresolver-binding-linux-riscv64-musl 373ms (cache miss)
1201 silly packumentCache full:https://registry.npmjs.org/@unrs%2fresolver-binding-linux-riscv64-musl set size:undefined disposed:false
1202 http fetch GET 200 https://registry.npmjs.org/@unrs%2fresolver-binding-darwin-x64 385ms (cache miss)
1203 silly packumentCache full:https://registry.npmjs.org/@unrs%2fresolver-binding-darwin-x64 set size:undefined disposed:false
1204 http fetch GET 200 https://registry.npmjs.org/@unrs%2fresolver-binding-wasm32-wasi 361ms (cache miss)
1205 silly packumentCache full:https://registry.npmjs.org/@unrs%2fresolver-binding-wasm32-wasi set size:undefined disposed:false
1206 silly placeDep ROOT @rtsao/scc@1.1.0 OK for: eslint-plugin-import@2.32.0 want: ^1.1.0
1207 silly placeDep ROOT array-includes@3.1.9 OK for: eslint-plugin-import@2.32.0 want: ^3.1.9
1208 silly placeDep ROOT array.prototype.findlastindex@1.2.6 OK for: eslint-plugin-import@2.32.0 want: ^1.2.6
1209 silly placeDep ROOT array.prototype.flat@1.3.3 OK for: eslint-plugin-import@2.32.0 want: ^1.3.3
1210 silly placeDep ROOT array.prototype.flatmap@1.3.3 OK for: eslint-plugin-import@2.32.0 want: ^1.3.3
1211 silly placeDep node_modules/eslint-plugin-import debug@3.2.7 OK for: eslint-plugin-import@2.32.0 want: ^3.2.7
1212 silly placeDep ROOT doctrine@2.1.0 OK for: eslint-plugin-import@2.32.0 want: ^2.1.0
1213 silly placeDep ROOT eslint-module-utils@2.12.1 OK for: eslint-plugin-import@2.32.0 want: ^2.12.1
1214 silly placeDep ROOT hasown@2.0.2 OK for: eslint-plugin-import@2.32.0 want: ^2.0.2
1215 silly placeDep ROOT object.fromentries@2.0.8 OK for: eslint-plugin-import@2.32.0 want: ^2.0.8
1216 silly placeDep ROOT object.groupby@1.0.3 OK for: eslint-plugin-import@2.32.0 want: ^1.0.3
1217 silly placeDep ROOT object.values@1.2.1 OK for: eslint-plugin-import@2.32.0 want: ^1.2.1
1218 silly placeDep ROOT semver@6.3.1 OK for: eslint-plugin-import@2.32.0 want: ^6.3.1
1219 silly placeDep ROOT string.prototype.trimend@1.0.9 OK for: eslint-plugin-import@2.32.0 want: ^1.0.9
1220 silly placeDep ROOT tsconfig-paths@3.15.0 OK for: eslint-plugin-import@2.32.0 want: ^3.15.0
1221 silly fetch manifest call-bind@^1.0.8
1222 silly packumentCache full:https://registry.npmjs.org/call-bind cache-miss
1223 silly fetch manifest call-bound@^1.0.4
1224 silly packumentCache full:https://registry.npmjs.org/call-bound cache-miss
1225 silly fetch manifest define-properties@^1.2.1
1226 silly packumentCache full:https://registry.npmjs.org/define-properties cache-miss
1227 silly fetch manifest es-abstract@^1.24.0
1228 silly packumentCache full:https://registry.npmjs.org/es-abstract cache-miss
1229 silly fetch manifest es-object-atoms@^1.1.1
1230 silly packumentCache full:https://registry.npmjs.org/es-object-atoms cache-miss
1231 silly fetch manifest get-intrinsic@^1.3.0
1232 silly packumentCache full:https://registry.npmjs.org/get-intrinsic cache-miss
1233 silly fetch manifest is-string@^1.1.1
1234 silly packumentCache full:https://registry.npmjs.org/is-string cache-miss
1235 http fetch GET 200 https://registry.npmjs.org/call-bind 34ms (cache miss)
1236 silly packumentCache full:https://registry.npmjs.org/call-bind set size:undefined disposed:false
1237 silly fetch manifest math-intrinsics@^1.1.0
1238 silly packumentCache full:https://registry.npmjs.org/math-intrinsics cache-miss
1239 http fetch GET 200 https://registry.npmjs.org/define-properties 35ms (cache miss)
1240 silly packumentCache full:https://registry.npmjs.org/define-properties set size:undefined disposed:false
1241 silly fetch manifest call-bound@^1.0.4
1242 silly packumentCache full:https://registry.npmjs.org/call-bound cache-miss
1243 http fetch GET 200 https://registry.npmjs.org/is-string 34ms (cache miss)
1244 silly packumentCache full:https://registry.npmjs.org/is-string set size:undefined disposed:false
1245 silly fetch manifest es-abstract@^1.23.9
1246 silly packumentCache full:https://registry.npmjs.org/es-abstract cache-miss
1247 http fetch GET 200 https://registry.npmjs.org/call-bound 38ms (cache miss)
1248 silly packumentCache full:https://registry.npmjs.org/call-bound set size:undefined disposed:false
1249 silly fetch manifest es-errors@^1.3.0
1250 silly packumentCache full:https://registry.npmjs.org/es-errors cache-miss
1251 http fetch GET 200 https://registry.npmjs.org/get-intrinsic 36ms (cache miss)
1252 silly packumentCache full:https://registry.npmjs.org/get-intrinsic set size:undefined disposed:false
1253 silly fetch manifest es-object-atoms@^1.1.1
1254 silly packumentCache full:https://registry.npmjs.org/es-object-atoms cache-miss
1255 http fetch GET 200 https://registry.npmjs.org/es-object-atoms 39ms (cache miss)
1256 silly packumentCache full:https://registry.npmjs.org/es-object-atoms set size:undefined disposed:false
1257 silly fetch manifest es-shim-unscopables@^1.1.0
1258 silly packumentCache full:https://registry.npmjs.org/es-shim-unscopables cache-miss
1259 http fetch GET 200 https://registry.npmjs.org/es-abstract 40ms (cache miss)
1260 silly packumentCache full:https://registry.npmjs.org/es-abstract set size:undefined disposed:false
1261 silly fetch manifest es-abstract@^1.23.5
1262 silly packumentCache full:https://registry.npmjs.org/es-abstract cache-miss
1263 http fetch GET 200 https://registry.npmjs.org/es-abstract 3ms (cache hit)
1264 silly packumentCache full:https://registry.npmjs.org/es-abstract set size:373045 disposed:false
1265 silly fetch manifest es-shim-unscopables@^1.0.2
1266 silly packumentCache full:https://registry.npmjs.org/es-shim-unscopables cache-miss
1267 http fetch GET 200 https://registry.npmjs.org/call-bound 22ms (cache miss)
1268 silly packumentCache full:https://registry.npmjs.org/call-bound set size:undefined disposed:false
1269 silly fetch manifest es-shim-unscopables@^1.0.2
1270 silly packumentCache full:https://registry.npmjs.org/es-shim-unscopables cache-miss
1271 http fetch GET 200 https://registry.npmjs.org/es-errors 24ms (cache miss)
1272 silly packumentCache full:https://registry.npmjs.org/es-errors set size:undefined disposed:false
1273 silly fetch manifest function-bind@^1.1.2
1274 silly packumentCache full:https://registry.npmjs.org/function-bind cache-miss
1275 http fetch GET 200 https://registry.npmjs.org/es-object-atoms 27ms (cache miss)
1276 silly packumentCache full:https://registry.npmjs.org/es-object-atoms set size:undefined disposed:false
1277 silly fetch manifest call-bind@^1.0.7
1278 silly packumentCache full:https://registry.npmjs.org/call-bind cache-miss
1279 http fetch GET 200 https://registry.npmjs.org/es-abstract 30ms (cache miss)
1280 silly packumentCache full:https://registry.npmjs.org/es-abstract set size:undefined disposed:false
1281 silly packumentCache full:https://registry.npmjs.org/es-abstract dispose
1282 silly fetch manifest es-abstract@^1.23.2
1283 silly packumentCache full:https://registry.npmjs.org/es-abstract cache-miss
1284 http fetch GET 200 https://registry.npmjs.org/math-intrinsics 36ms (cache miss)
1285 silly packumentCache full:https://registry.npmjs.org/math-intrinsics set size:undefined disposed:false
1286 silly fetch manifest es-object-atoms@^1.0.0
1287 silly packumentCache full:https://registry.npmjs.org/es-object-atoms cache-miss
1288 http fetch GET 200 https://registry.npmjs.org/call-bind 4ms (cache hit)
1289 silly packumentCache full:https://registry.npmjs.org/call-bind set size:30096 disposed:false
1290 silly fetch manifest es-abstract@^1.23.2
1291 silly packumentCache full:https://registry.npmjs.org/es-abstract cache-miss
1292 http fetch GET 200 https://registry.npmjs.org/es-abstract 4ms (cache hit)
1293 silly packumentCache full:https://registry.npmjs.org/es-abstract set size:373045 disposed:true
1294 silly fetch manifest call-bound@^1.0.3
1295 silly packumentCache full:https://registry.npmjs.org/call-bound cache-miss
1296 http fetch GET 200 https://registry.npmjs.org/es-shim-unscopables 34ms (cache miss)
1297 silly packumentCache full:https://registry.npmjs.org/es-shim-unscopables set size:undefined disposed:false
1298 silly fetch manifest es-object-atoms@^1.0.0
1299 silly packumentCache full:https://registry.npmjs.org/es-object-atoms cache-miss
1300 http fetch GET 200 https://registry.npmjs.org/es-object-atoms 7ms (cache hit)
1301 silly packumentCache full:https://registry.npmjs.org/es-object-atoms set size:15304 disposed:false
1302 silly fetch manifest call-bound@^1.0.2
1303 silly packumentCache full:https://registry.npmjs.org/call-bound cache-miss
1304 http fetch GET 200 https://registry.npmjs.org/es-abstract 7ms (cache hit)
1305 silly packumentCache full:https://registry.npmjs.org/es-abstract set size:373045 disposed:false
1306 silly packumentCache full:https://registry.npmjs.org/es-abstract dispose
1307 silly fetch manifest json5@^1.0.2
1308 silly packumentCache full:https://registry.npmjs.org/json5 cache-miss
1309 http fetch GET 200 https://registry.npmjs.org/es-shim-unscopables 31ms (cache miss)
1310 silly packumentCache full:https://registry.npmjs.org/es-shim-unscopables set size:undefined disposed:false
1311 silly fetch manifest minimist@^1.2.6
1312 silly packumentCache full:https://registry.npmjs.org/minimist cache-miss
1313 http fetch GET 200 https://registry.npmjs.org/call-bound 7ms (cache hit)
1314 silly packumentCache full:https://registry.npmjs.org/call-bound set size:15317 disposed:false
1315 silly fetch manifest strip-bom@^3.0.0
1316 silly packumentCache full:https://registry.npmjs.org/strip-bom cache-miss
1317 http fetch GET 200 https://registry.npmjs.org/es-object-atoms 5ms (cache hit)
1318 silly packumentCache full:https://registry.npmjs.org/es-object-atoms set size:15304 disposed:false
1319 silly packumentCache full:https://registry.npmjs.org/es-object-atoms dispose
1320 silly fetch manifest @types/json5@^0.0.29
1321 silly packumentCache full:https://registry.npmjs.org/@types%2fjson5 cache-miss
1322 http fetch GET 200 https://registry.npmjs.org/call-bound 5ms (cache hit)
1323 silly packumentCache full:https://registry.npmjs.org/call-bound set size:15317 disposed:false
1324 silly packumentCache full:https://registry.npmjs.org/call-bound dispose
1325 http fetch GET 200 https://registry.npmjs.org/es-shim-unscopables 29ms (cache miss)
1326 silly packumentCache full:https://registry.npmjs.org/es-shim-unscopables set size:undefined disposed:false
1327 http fetch GET 200 https://registry.npmjs.org/function-bind 24ms (cache miss)
1328 silly packumentCache full:https://registry.npmjs.org/function-bind set size:undefined disposed:false
1329 http fetch GET 200 https://registry.npmjs.org/json5 31ms (cache miss)
1330 silly packumentCache full:https://registry.npmjs.org/json5 set size:undefined disposed:false
1331 http fetch GET 200 https://registry.npmjs.org/minimist 32ms (cache miss)
1332 silly packumentCache full:https://registry.npmjs.org/minimist set size:undefined disposed:false
1333 http fetch GET 200 https://registry.npmjs.org/strip-bom 39ms (cache miss)
1334 silly packumentCache full:https://registry.npmjs.org/strip-bom set size:undefined disposed:false
1335 http fetch GET 200 https://registry.npmjs.org/@types%2fjson5 37ms (cache miss)
1336 silly packumentCache full:https://registry.npmjs.org/@types%2fjson5 set size:undefined disposed:false
1337 silly placeDep ROOT call-bind@1.0.8 OK for: array-includes@3.1.9 want: ^1.0.8
1338 silly placeDep ROOT call-bound@1.0.4 OK for: array-includes@3.1.9 want: ^1.0.4
1339 silly placeDep ROOT define-properties@1.2.1 OK for: array-includes@3.1.9 want: ^1.2.1
1340 silly placeDep ROOT es-abstract@1.24.0 OK for: array-includes@3.1.9 want: ^1.24.0
1341 silly placeDep ROOT es-object-atoms@1.1.1 OK for: array-includes@3.1.9 want: ^1.1.1
1342 silly placeDep ROOT get-intrinsic@1.3.0 OK for: array-includes@3.1.9 want: ^1.3.0
1343 silly placeDep ROOT is-string@1.1.1 OK for: array-includes@3.1.9 want: ^1.1.1
1344 silly placeDep ROOT math-intrinsics@1.1.0 OK for: array-includes@3.1.9 want: ^1.1.0
1345 silly fetch manifest call-bind-apply-helpers@^1.0.0
1346 silly packumentCache full:https://registry.npmjs.org/call-bind-apply-helpers cache-miss
1347 silly fetch manifest es-define-property@^1.0.0
1348 silly packumentCache full:https://registry.npmjs.org/es-define-property cache-miss
1349 silly fetch manifest get-intrinsic@^1.2.4
1350 silly packumentCache full:https://registry.npmjs.org/get-intrinsic cache-miss
1351 silly fetch manifest set-function-length@^1.2.2
1352 silly packumentCache full:https://registry.npmjs.org/set-function-length cache-miss
1353 silly fetch manifest call-bind-apply-helpers@^1.0.2
1354 silly packumentCache full:https://registry.npmjs.org/call-bind-apply-helpers cache-miss
1355 silly fetch manifest define-data-property@^1.0.1
1356 silly packumentCache full:https://registry.npmjs.org/define-data-property cache-miss
1357 silly fetch manifest has-property-descriptors@^1.0.0
1358 silly packumentCache full:https://registry.npmjs.org/has-property-descriptors cache-miss
1359 http fetch GET 200 https://registry.npmjs.org/get-intrinsic 4ms (cache hit)
1360 silly packumentCache full:https://registry.npmjs.org/get-intrinsic set size:60985 disposed:false
1361 silly fetch manifest object-keys@^1.1.1
1362 silly packumentCache full:https://registry.npmjs.org/object-keys cache-miss
1363 http fetch GET 200 https://registry.npmjs.org/has-property-descriptors 24ms (cache miss)
1364 silly packumentCache full:https://registry.npmjs.org/has-property-descriptors set size:undefined disposed:false
1365 silly fetch manifest array-buffer-byte-length@^1.0.2
1366 silly packumentCache full:https://registry.npmjs.org/array-buffer-byte-length cache-miss
1367 http fetch GET 200 https://registry.npmjs.org/set-function-length 28ms (cache miss)
1368 silly packumentCache full:https://registry.npmjs.org/set-function-length set size:undefined disposed:false
1369 silly fetch manifest arraybuffer.prototype.slice@^1.0.4
1370 silly packumentCache full:https://registry.npmjs.org/arraybuffer.prototype.slice cache-miss
1371 http fetch GET 200 https://registry.npmjs.org/call-bind-apply-helpers 28ms (cache miss)
1372 silly packumentCache full:https://registry.npmjs.org/call-bind-apply-helpers set size:undefined disposed:false
1373 silly fetch manifest available-typed-arrays@^1.0.7
1374 silly packumentCache full:https://registry.npmjs.org/available-typed-arrays cache-miss
1375 http fetch GET 200 https://registry.npmjs.org/call-bind-apply-helpers 33ms (cache miss)
1376 silly packumentCache full:https://registry.npmjs.org/call-bind-apply-helpers set size:undefined disposed:false
1377 silly fetch manifest data-view-buffer@^1.0.2
1378 silly packumentCache full:https://registry.npmjs.org/data-view-buffer cache-miss
1379 http fetch GET 200 https://registry.npmjs.org/define-data-property 33ms (cache miss)
1380 silly packumentCache full:https://registry.npmjs.org/define-data-property set size:undefined disposed:false
1381 silly fetch manifest data-view-byte-length@^1.0.2
1382 silly packumentCache full:https://registry.npmjs.org/data-view-byte-length cache-miss
1383 http fetch GET 200 https://registry.npmjs.org/object-keys 31ms (cache miss)
1384 silly packumentCache full:https://registry.npmjs.org/object-keys set size:undefined disposed:false
1385 silly fetch manifest data-view-byte-offset@^1.0.1
1386 silly packumentCache full:https://registry.npmjs.org/data-view-byte-offset cache-miss
1387 http fetch GET 200 https://registry.npmjs.org/es-define-property 38ms (cache miss)
1388 silly packumentCache full:https://registry.npmjs.org/es-define-property set size:undefined disposed:false
1389 silly fetch manifest es-define-property@^1.0.1
1390 silly packumentCache full:https://registry.npmjs.org/es-define-property cache-miss
1391 http fetch GET 200 https://registry.npmjs.org/es-define-property 1ms (cache hit)
1392 silly packumentCache full:https://registry.npmjs.org/es-define-property set size:8542 disposed:false
1393 silly fetch manifest es-set-tostringtag@^2.1.0
1394 silly packumentCache full:https://registry.npmjs.org/es-set-tostringtag cache-miss
1395 http fetch GET 200 https://registry.npmjs.org/data-view-byte-offset 25ms (cache miss)
1396 silly packumentCache full:https://registry.npmjs.org/data-view-byte-offset set size:undefined disposed:false
1397 silly fetch manifest es-to-primitive@^1.3.0
1398 silly packumentCache full:https://registry.npmjs.org/es-to-primitive cache-miss
1399 http fetch GET 200 https://registry.npmjs.org/arraybuffer.prototype.slice 32ms (cache miss)
1400 silly packumentCache full:https://registry.npmjs.org/arraybuffer.prototype.slice set size:undefined disposed:false
1401 silly fetch manifest function.prototype.name@^1.1.8
1402 silly packumentCache full:https://registry.npmjs.org/function.prototype.name cache-miss
1403 http fetch GET 200 https://registry.npmjs.org/data-view-byte-length 29ms (cache miss)
1404 silly packumentCache full:https://registry.npmjs.org/data-view-byte-length set size:undefined disposed:false
1405 silly fetch manifest get-proto@^1.0.1
1406 silly packumentCache full:https://registry.npmjs.org/get-proto cache-miss
1407 http fetch GET 200 https://registry.npmjs.org/data-view-buffer 32ms (cache miss)
1408 silly packumentCache full:https://registry.npmjs.org/data-view-buffer set size:undefined disposed:false
1409 silly fetch manifest get-symbol-description@^1.1.0
1410 silly packumentCache full:https://registry.npmjs.org/get-symbol-description cache-miss
1411 http fetch GET 200 https://registry.npmjs.org/es-set-tostringtag 29ms (cache miss)
1412 silly packumentCache full:https://registry.npmjs.org/es-set-tostringtag set size:undefined disposed:false
1413 silly fetch manifest globalthis@^1.0.4
1414 silly packumentCache full:https://registry.npmjs.org/globalthis cache-miss
1415 http fetch GET 200 https://registry.npmjs.org/available-typed-arrays 41ms (cache miss)
1416 silly packumentCache full:https://registry.npmjs.org/available-typed-arrays set size:undefined disposed:false
1417 silly fetch manifest gopd@^1.2.0
1418 silly packumentCache full:https://registry.npmjs.org/gopd cache-miss
1419 http fetch GET 200 https://registry.npmjs.org/array-buffer-byte-length 63ms (cache miss)
1420 silly packumentCache full:https://registry.npmjs.org/array-buffer-byte-length set size:undefined disposed:false
1421 silly fetch manifest has-property-descriptors@^1.0.2
1422 silly packumentCache full:https://registry.npmjs.org/has-property-descriptors cache-miss
1423 http fetch GET 200 https://registry.npmjs.org/has-property-descriptors 1ms (cache hit)
1424 silly packumentCache full:https://registry.npmjs.org/has-property-descriptors set size:12452 disposed:false
1425 silly fetch manifest has-proto@^1.2.0
1426 silly packumentCache full:https://registry.npmjs.org/has-proto cache-miss
1427 http fetch GET 200 https://registry.npmjs.org/get-proto 30ms (cache miss)
1428 silly packumentCache full:https://registry.npmjs.org/get-proto set size:undefined disposed:false
1429 silly fetch manifest has-symbols@^1.1.0
1430 silly packumentCache full:https://registry.npmjs.org/has-symbols cache-miss
1431 http fetch GET 200 https://registry.npmjs.org/globalthis 24ms (cache miss)
1432 silly packumentCache full:https://registry.npmjs.org/globalthis set size:undefined disposed:false
1433 silly fetch manifest internal-slot@^1.1.0
1434 silly packumentCache full:https://registry.npmjs.org/internal-slot cache-miss
1435 http fetch GET 200 https://registry.npmjs.org/get-symbol-description 31ms (cache miss)
1436 silly packumentCache full:https://registry.npmjs.org/get-symbol-description set size:undefined disposed:false
1437 silly fetch manifest is-array-buffer@^3.0.5
1438 silly packumentCache full:https://registry.npmjs.org/is-array-buffer cache-miss
1439 http fetch GET 200 https://registry.npmjs.org/es-to-primitive 50ms (cache miss)
1440 silly packumentCache full:https://registry.npmjs.org/es-to-primitive set size:undefined disposed:false
1441 silly fetch manifest is-callable@^1.2.7
1442 silly packumentCache full:https://registry.npmjs.org/is-callable cache-miss
1443 http fetch GET 200 https://registry.npmjs.org/gopd 42ms (cache miss)
1444 silly packumentCache full:https://registry.npmjs.org/gopd set size:undefined disposed:false
1445 silly fetch manifest is-data-view@^1.0.2
1446 silly packumentCache full:https://registry.npmjs.org/is-data-view cache-miss
1447 http fetch GET 200 https://registry.npmjs.org/has-proto 28ms (cache miss)
1448 silly packumentCache full:https://registry.npmjs.org/has-proto set size:undefined disposed:false
1449 silly fetch manifest is-negative-zero@^2.0.3
1450 silly packumentCache full:https://registry.npmjs.org/is-negative-zero cache-miss
1451 http fetch GET 200 https://registry.npmjs.org/has-symbols 27ms (cache miss)
1452 silly packumentCache full:https://registry.npmjs.org/has-symbols set size:undefined disposed:false
1453 silly fetch manifest is-regex@^1.2.1
1454 silly packumentCache full:https://registry.npmjs.org/is-regex cache-miss
1455 http fetch GET 200 https://registry.npmjs.org/function.prototype.name 73ms (cache miss)
1456 silly packumentCache full:https://registry.npmjs.org/function.prototype.name set size:undefined disposed:false
1457 silly fetch manifest is-set@^2.0.3
1458 silly packumentCache full:https://registry.npmjs.org/is-set cache-miss
1459 http fetch GET 200 https://registry.npmjs.org/is-data-view 25ms (cache miss)
1460 silly packumentCache full:https://registry.npmjs.org/is-data-view set size:undefined disposed:false
1461 silly fetch manifest is-shared-array-buffer@^1.0.4
1462 silly packumentCache full:https://registry.npmjs.org/is-shared-array-buffer cache-miss
1463 http fetch GET 200 https://registry.npmjs.org/is-array-buffer 46ms (cache miss)
1464 silly packumentCache full:https://registry.npmjs.org/is-array-buffer set size:undefined disposed:false
1465 silly fetch manifest is-typed-array@^1.1.15
1466 silly packumentCache full:https://registry.npmjs.org/is-typed-array cache-miss
1467 http fetch GET 200 https://registry.npmjs.org/is-negative-zero 27ms (cache miss)
1468 silly packumentCache full:https://registry.npmjs.org/is-negative-zero set size:undefined disposed:false
1469 silly fetch manifest is-weakref@^1.1.1
1470 silly packumentCache full:https://registry.npmjs.org/is-weakref cache-miss
1471 http fetch GET 200 https://registry.npmjs.org/internal-slot 52ms (cache miss)
1472 silly packumentCache full:https://registry.npmjs.org/internal-slot set size:undefined disposed:false
1473 silly fetch manifest object-inspect@^1.13.4
1474 silly packumentCache full:https://registry.npmjs.org/object-inspect cache-miss
1475 http fetch GET 200 https://registry.npmjs.org/is-regex 26ms (cache miss)
1476 silly packumentCache full:https://registry.npmjs.org/is-regex set size:undefined disposed:false
1477 silly fetch manifest object.assign@^4.1.7
1478 silly packumentCache full:https://registry.npmjs.org/object.assign cache-miss
1479 http fetch GET 200 https://registry.npmjs.org/is-callable 41ms (cache miss)
1480 silly packumentCache full:https://registry.npmjs.org/is-callable set size:undefined disposed:false
1481 silly fetch manifest own-keys@^1.0.1
1482 silly packumentCache full:https://registry.npmjs.org/own-keys cache-miss
1483 http fetch GET 200 https://registry.npmjs.org/is-shared-array-buffer 26ms (cache miss)
1484 silly packumentCache full:https://registry.npmjs.org/is-shared-array-buffer set size:undefined disposed:false
1485 silly fetch manifest regexp.prototype.flags@^1.5.4
1486 silly packumentCache full:https://registry.npmjs.org/regexp.prototype.flags cache-miss
1487 http fetch GET 200 https://registry.npmjs.org/is-weakref 22ms (cache miss)
1488 silly packumentCache full:https://registry.npmjs.org/is-weakref set size:undefined disposed:false
1489 silly fetch manifest safe-array-concat@^1.1.3
1490 silly packumentCache full:https://registry.npmjs.org/safe-array-concat cache-miss
1491 http fetch GET 200 https://registry.npmjs.org/object-inspect 24ms (cache miss)
1492 silly packumentCache full:https://registry.npmjs.org/object-inspect set size:undefined disposed:false
1493 silly fetch manifest safe-push-apply@^1.0.0
1494 silly packumentCache full:https://registry.npmjs.org/safe-push-apply cache-miss
1495 http fetch GET 200 https://registry.npmjs.org/object.assign 28ms (cache miss)
1496 silly packumentCache full:https://registry.npmjs.org/object.assign set size:undefined disposed:false
1497 silly fetch manifest safe-regex-test@^1.1.0
1498 silly packumentCache full:https://registry.npmjs.org/safe-regex-test cache-miss
1499 http fetch GET 200 https://registry.npmjs.org/safe-regex-test 2ms (cache hit)
1500 silly packumentCache full:https://registry.npmjs.org/safe-regex-test set size:17412 disposed:false
1501 silly fetch manifest set-proto@^1.0.0
1502 silly packumentCache full:https://registry.npmjs.org/set-proto cache-miss
1503 http fetch GET 200 https://registry.npmjs.org/own-keys 27ms (cache miss)
1504 silly packumentCache full:https://registry.npmjs.org/own-keys set size:undefined disposed:false
1505 silly fetch manifest stop-iteration-iterator@^1.1.0
1506 silly packumentCache full:https://registry.npmjs.org/stop-iteration-iterator cache-miss
1507 http fetch GET 200 https://registry.npmjs.org/is-set 45ms (cache miss)
1508 silly packumentCache full:https://registry.npmjs.org/is-set set size:undefined disposed:false
1509 silly fetch manifest string.prototype.trim@^1.2.10
1510 silly packumentCache full:https://registry.npmjs.org/string.prototype.trim cache-miss
1511 http fetch GET 200 https://registry.npmjs.org/regexp.prototype.flags 26ms (cache miss)
1512 silly packumentCache full:https://registry.npmjs.org/regexp.prototype.flags set size:undefined disposed:false
1513 silly fetch manifest string.prototype.trimstart@^1.0.8
1514 silly packumentCache full:https://registry.npmjs.org/string.prototype.trimstart cache-miss
1515 http fetch GET 200 https://registry.npmjs.org/is-typed-array 47ms (cache miss)
1516 silly packumentCache full:https://registry.npmjs.org/is-typed-array set size:undefined disposed:false
1517 silly fetch manifest typed-array-buffer@^1.0.3
1518 silly packumentCache full:https://registry.npmjs.org/typed-array-buffer cache-miss
1519 http fetch GET 200 https://registry.npmjs.org/safe-push-apply 25ms (cache miss)
1520 silly packumentCache full:https://registry.npmjs.org/safe-push-apply set size:undefined disposed:false
1521 silly fetch manifest typed-array-byte-length@^1.0.3
1522 silly packumentCache full:https://registry.npmjs.org/typed-array-byte-length cache-miss
1523 http fetch GET 200 https://registry.npmjs.org/string.prototype.trim 24ms (cache miss)
1524 silly packumentCache full:https://registry.npmjs.org/string.prototype.trim set size:undefined disposed:false
1525 silly fetch manifest typed-array-byte-offset@^1.0.4
1526 silly packumentCache full:https://registry.npmjs.org/typed-array-byte-offset cache-miss
1527 http fetch GET 200 https://registry.npmjs.org/safe-array-concat 47ms (cache miss)
1528 silly packumentCache full:https://registry.npmjs.org/safe-array-concat set size:undefined disposed:false
1529 silly fetch manifest typed-array-length@^1.0.7
1530 silly packumentCache full:https://registry.npmjs.org/typed-array-length cache-miss
1531 http fetch GET 200 https://registry.npmjs.org/string.prototype.trimstart 25ms (cache miss)
1532 silly packumentCache full:https://registry.npmjs.org/string.prototype.trimstart set size:undefined disposed:false
1533 silly fetch manifest unbox-primitive@^1.1.0
1534 silly packumentCache full:https://registry.npmjs.org/unbox-primitive cache-miss
1535 http fetch GET 200 https://registry.npmjs.org/set-proto 51ms (cache miss)
1536 silly packumentCache full:https://registry.npmjs.org/set-proto set size:undefined disposed:false
1537 silly fetch manifest which-typed-array@^1.1.19
1538 silly packumentCache full:https://registry.npmjs.org/which-typed-array cache-miss
1539 http fetch GET 200 https://registry.npmjs.org/stop-iteration-iterator 53ms (cache miss)
1540 silly packumentCache full:https://registry.npmjs.org/stop-iteration-iterator set size:undefined disposed:false
1541 silly fetch manifest has-tostringtag@^1.0.2
1542 silly packumentCache full:https://registry.npmjs.org/has-tostringtag cache-miss
1543 http fetch GET 200 https://registry.npmjs.org/typed-array-buffer 42ms (cache miss)
1544 silly packumentCache full:https://registry.npmjs.org/typed-array-buffer set size:undefined disposed:false
1545 http fetch GET 200 https://registry.npmjs.org/typed-array-byte-length 47ms (cache miss)
1546 silly packumentCache full:https://registry.npmjs.org/typed-array-byte-length set size:undefined disposed:false
1547 http fetch GET 200 https://registry.npmjs.org/typed-array-byte-offset 45ms (cache miss)
1548 silly packumentCache full:https://registry.npmjs.org/typed-array-byte-offset set size:undefined disposed:false
1549 http fetch GET 200 https://registry.npmjs.org/unbox-primitive 32ms (cache miss)
1550 silly packumentCache full:https://registry.npmjs.org/unbox-primitive set size:undefined disposed:false
1551 http fetch GET 200 https://registry.npmjs.org/has-tostringtag 29ms (cache miss)
1552 silly packumentCache full:https://registry.npmjs.org/has-tostringtag set size:undefined disposed:false
1553 http fetch GET 200 https://registry.npmjs.org/typed-array-length 49ms (cache miss)
1554 silly packumentCache full:https://registry.npmjs.org/typed-array-length set size:undefined disposed:false
1555 http fetch GET 200 https://registry.npmjs.org/which-typed-array 51ms (cache miss)
1556 silly packumentCache full:https://registry.npmjs.org/which-typed-array set size:undefined disposed:false
1557 silly placeDep ROOT es-errors@1.3.0 OK for: array.prototype.findlastindex@1.2.6 want: ^1.3.0
1558 silly placeDep ROOT es-shim-unscopables@1.1.0 OK for: array.prototype.findlastindex@1.2.6 want: ^1.1.0
1559 silly placeDep ROOT call-bind-apply-helpers@1.0.2 OK for: call-bind@1.0.8 want: ^1.0.0
1560 silly placeDep ROOT es-define-property@1.0.1 OK for: call-bind@1.0.8 want: ^1.0.0
1561 silly placeDep ROOT set-function-length@1.2.2 OK for: call-bind@1.0.8 want: ^1.2.2
1562 silly fetch manifest define-data-property@^1.1.4
1563 silly packumentCache full:https://registry.npmjs.org/define-data-property cache-miss
1564 silly fetch manifest gopd@^1.0.1
1565 silly packumentCache full:https://registry.npmjs.org/gopd cache-miss
1566 http fetch GET 200 https://registry.npmjs.org/gopd 1ms (cache hit)
1567 silly packumentCache full:https://registry.npmjs.org/gopd set size:11458 disposed:false
1568 http fetch GET 200 https://registry.npmjs.org/define-data-property 2ms (cache hit)
1569 silly packumentCache full:https://registry.npmjs.org/define-data-property set size:28048 disposed:false
1570 silly placeDep ROOT function-bind@1.1.2 OK for: call-bind-apply-helpers@1.0.2 want: ^1.1.2
1571 silly placeDep ROOT define-data-property@1.1.4 OK for: define-properties@1.2.1 want: ^1.0.1
1572 silly placeDep ROOT has-property-descriptors@1.0.2 OK for: define-properties@1.2.1 want: ^1.0.0
1573 silly placeDep ROOT object-keys@1.1.1 OK for: define-properties@1.2.1 want: ^1.1.1
1574 silly placeDep ROOT gopd@1.2.0 OK for: define-data-property@1.1.4 want: ^1.0.1
1575 silly placeDep ROOT array-buffer-byte-length@1.0.2 OK for: es-abstract@1.24.0 want: ^1.0.2
1576 silly placeDep ROOT arraybuffer.prototype.slice@1.0.4 OK for: es-abstract@1.24.0 want: ^1.0.4
1577 silly placeDep ROOT available-typed-arrays@1.0.7 OK for: es-abstract@1.24.0 want: ^1.0.7
1578 silly placeDep ROOT data-view-buffer@1.0.2 OK for: es-abstract@1.24.0 want: ^1.0.2
1579 silly placeDep ROOT data-view-byte-length@1.0.2 OK for: es-abstract@1.24.0 want: ^1.0.2
1580 silly placeDep ROOT data-view-byte-offset@1.0.1 OK for: es-abstract@1.24.0 want: ^1.0.1
1581 silly placeDep ROOT es-set-tostringtag@2.1.0 OK for: es-abstract@1.24.0 want: ^2.1.0
1582 silly placeDep ROOT es-to-primitive@1.3.0 OK for: es-abstract@1.24.0 want: ^1.3.0
1583 silly placeDep ROOT function.prototype.name@1.1.8 OK for: es-abstract@1.24.0 want: ^1.1.8
1584 silly placeDep ROOT get-proto@1.0.1 OK for: es-abstract@1.24.0 want: ^1.0.1
1585 silly placeDep ROOT get-symbol-description@1.1.0 OK for: es-abstract@1.24.0 want: ^1.1.0
1586 silly placeDep ROOT globalthis@1.0.4 OK for: es-abstract@1.24.0 want: ^1.0.4
1587 silly placeDep ROOT has-proto@1.2.0 OK for: es-abstract@1.24.0 want: ^1.2.0
1588 silly placeDep ROOT has-symbols@1.1.0 OK for: es-abstract@1.24.0 want: ^1.1.0
1589 silly placeDep ROOT internal-slot@1.1.0 OK for: es-abstract@1.24.0 want: ^1.1.0
1590 silly placeDep ROOT is-array-buffer@3.0.5 OK for: es-abstract@1.24.0 want: ^3.0.5
1591 silly placeDep ROOT is-callable@1.2.7 OK for: es-abstract@1.24.0 want: ^1.2.7
1592 silly placeDep ROOT is-data-view@1.0.2 OK for: es-abstract@1.24.0 want: ^1.0.2
1593 silly placeDep ROOT is-negative-zero@2.0.3 OK for: es-abstract@1.24.0 want: ^2.0.3
1594 silly placeDep ROOT is-regex@1.2.1 OK for: es-abstract@1.24.0 want: ^1.2.1
1595 silly placeDep ROOT is-set@2.0.3 OK for: es-abstract@1.24.0 want: ^2.0.3
1596 silly placeDep ROOT is-shared-array-buffer@1.0.4 OK for: es-abstract@1.24.0 want: ^1.0.4
1597 silly placeDep ROOT is-typed-array@1.1.15 OK for: es-abstract@1.24.0 want: ^1.1.15
1598 silly placeDep ROOT is-weakref@1.1.1 OK for: es-abstract@1.24.0 want: ^1.1.1
1599 silly placeDep ROOT object-inspect@1.13.4 OK for: es-abstract@1.24.0 want: ^1.13.4
1600 silly placeDep ROOT object.assign@4.1.7 OK for: es-abstract@1.24.0 want: ^4.1.7
1601 silly placeDep ROOT own-keys@1.0.1 OK for: es-abstract@1.24.0 want: ^1.0.1
1602 silly placeDep ROOT regexp.prototype.flags@1.5.4 OK for: es-abstract@1.24.0 want: ^1.5.4
1603 silly placeDep ROOT safe-array-concat@1.1.3 OK for: es-abstract@1.24.0 want: ^1.1.3
1604 silly placeDep ROOT safe-push-apply@1.0.0 OK for: es-abstract@1.24.0 want: ^1.0.0
1605 silly placeDep ROOT safe-regex-test@1.1.0 OK for: es-abstract@1.24.0 want: ^1.1.0
1606 silly placeDep ROOT set-proto@1.0.0 OK for: es-abstract@1.24.0 want: ^1.0.0
1607 silly placeDep ROOT stop-iteration-iterator@1.1.0 OK for: es-abstract@1.24.0 want: ^1.1.0
1608 silly placeDep ROOT string.prototype.trim@1.2.10 OK for: es-abstract@1.24.0 want: ^1.2.10
1609 silly placeDep ROOT string.prototype.trimstart@1.0.8 OK for: es-abstract@1.24.0 want: ^1.0.8
1610 silly placeDep ROOT typed-array-buffer@1.0.3 OK for: es-abstract@1.24.0 want: ^1.0.3
1611 silly placeDep ROOT typed-array-byte-length@1.0.3 OK for: es-abstract@1.24.0 want: ^1.0.3
1612 silly placeDep ROOT typed-array-byte-offset@1.0.4 OK for: es-abstract@1.24.0 want: ^1.0.4
1613 silly placeDep ROOT typed-array-length@1.0.7 OK for: es-abstract@1.24.0 want: ^1.0.7
1614 silly placeDep ROOT unbox-primitive@1.1.0 OK for: es-abstract@1.24.0 want: ^1.1.0
1615 silly placeDep ROOT which-typed-array@1.1.19 OK for: es-abstract@1.24.0 want: ^1.1.19
1616 silly fetch manifest is-array-buffer@^3.0.4
1617 silly packumentCache full:https://registry.npmjs.org/is-array-buffer cache-miss
1618 silly fetch manifest possible-typed-array-names@^1.0.0
1619 silly packumentCache full:https://registry.npmjs.org/possible-typed-array-names cache-miss
1620 silly fetch manifest is-data-view@^1.0.1
1621 silly packumentCache full:https://registry.npmjs.org/is-data-view cache-miss
1622 silly fetch manifest is-date-object@^1.0.5
1623 silly packumentCache full:https://registry.npmjs.org/is-date-object cache-miss
1624 silly fetch manifest is-symbol@^1.0.4
1625 silly packumentCache full:https://registry.npmjs.org/is-symbol cache-miss
1626 silly fetch manifest functions-have-names@^1.2.3
1627 silly packumentCache full:https://registry.npmjs.org/functions-have-names cache-miss
1628 silly fetch manifest dunder-proto@^1.0.1
1629 silly packumentCache full:https://registry.npmjs.org/dunder-proto cache-miss
1630 http fetch GET 200 https://registry.npmjs.org/is-data-view 3ms (cache hit)
1631 silly packumentCache full:https://registry.npmjs.org/is-data-view set size:13756 disposed:false
1632 silly fetch manifest dunder-proto@^1.0.0
1633 silly packumentCache full:https://registry.npmjs.org/dunder-proto cache-miss
1634 http fetch GET 200 https://registry.npmjs.org/is-array-buffer 5ms (cache hit)
1635 silly packumentCache full:https://registry.npmjs.org/is-array-buffer set size:33562 disposed:false
1636 silly fetch manifest side-channel@^1.1.0
1637 silly packumentCache full:https://registry.npmjs.org/side-channel cache-miss
1638 http fetch GET 200 https://registry.npmjs.org/dunder-proto 24ms (cache miss)
1639 silly packumentCache full:https://registry.npmjs.org/dunder-proto set size:undefined disposed:false
1640 silly fetch manifest is-typed-array@^1.1.13
1641 silly packumentCache full:https://registry.npmjs.org/is-typed-array cache-miss
1642 http fetch GET 200 https://registry.npmjs.org/is-typed-array 2ms (cache hit)
1643 silly packumentCache full:https://registry.npmjs.org/is-typed-array set size:79965 disposed:false
1644 silly fetch manifest which-typed-array@^1.1.16
1645 silly packumentCache full:https://registry.npmjs.org/which-typed-array cache-miss
1646 http fetch GET 200 https://registry.npmjs.org/dunder-proto 25ms (cache miss)
1647 silly packumentCache full:https://registry.npmjs.org/dunder-proto set size:undefined disposed:false
1648 silly fetch manifest set-function-name@^2.0.2
1649 silly packumentCache full:https://registry.npmjs.org/set-function-name cache-miss
1650 http fetch GET 200 https://registry.npmjs.org/side-channel 26ms (cache miss)
1651 silly packumentCache full:https://registry.npmjs.org/side-channel set size:undefined disposed:false
1652 silly fetch manifest isarray@^2.0.5
1653 silly packumentCache full:https://registry.npmjs.org/isarray cache-miss
1654 http fetch GET 200 https://registry.npmjs.org/functions-have-names 31ms (cache miss)
1655 silly packumentCache full:https://registry.npmjs.org/functions-have-names set size:undefined disposed:false
1656 silly fetch manifest isarray@^2.0.5
1657 silly packumentCache full:https://registry.npmjs.org/isarray cache-miss
1658 http fetch GET 200 https://registry.npmjs.org/which-typed-array 5ms (cache hit)
1659 silly packumentCache full:https://registry.npmjs.org/which-typed-array set size:89701 disposed:false
1660 silly fetch manifest for-each@^0.3.3
1661 silly packumentCache full:https://registry.npmjs.org/for-each cache-miss
1662 http fetch GET 200 https://registry.npmjs.org/is-symbol 34ms (cache miss)
1663 silly packumentCache full:https://registry.npmjs.org/is-symbol set size:undefined disposed:false
1664 silly fetch manifest for-each@^0.3.3
1665 silly packumentCache full:https://registry.npmjs.org/for-each cache-miss
1666 http fetch GET 200 https://registry.npmjs.org/is-date-object 35ms (cache miss)
1667 silly packumentCache full:https://registry.npmjs.org/is-date-object set size:undefined disposed:false
1668 silly fetch manifest reflect.getprototypeof@^1.0.9
1669 silly packumentCache full:https://registry.npmjs.org/reflect.getprototypeof cache-miss
1670 http fetch GET 200 https://registry.npmjs.org/possible-typed-array-names 72ms (cache miss)
1671 silly packumentCache full:https://registry.npmjs.org/possible-typed-array-names set size:undefined disposed:false
1672 silly fetch manifest for-each@^0.3.3
1673 silly packumentCache full:https://registry.npmjs.org/for-each cache-miss
1674 http fetch GET 200 https://registry.npmjs.org/isarray 79ms (cache miss)
1675 silly packumentCache full:https://registry.npmjs.org/isarray set size:undefined disposed:false
1676 silly fetch manifest reflect.getprototypeof@^1.0.6
1677 silly packumentCache full:https://registry.npmjs.org/reflect.getprototypeof cache-miss
1678 http fetch GET 200 https://registry.npmjs.org/isarray 86ms (cache miss)
1679 silly packumentCache full:https://registry.npmjs.org/isarray set size:undefined disposed:false
1680 silly fetch manifest has-bigints@^1.0.2
1681 silly packumentCache full:https://registry.npmjs.org/has-bigints cache-miss
1682 http fetch GET 200 https://registry.npmjs.org/reflect.getprototypeof 86ms (cache miss)
1683 silly packumentCache full:https://registry.npmjs.org/reflect.getprototypeof set size:undefined disposed:false
1684 silly fetch manifest which-boxed-primitive@^1.1.1
1685 silly packumentCache full:https://registry.npmjs.org/which-boxed-primitive cache-miss
1686 http fetch GET 200 https://registry.npmjs.org/for-each 90ms (cache miss)
1687 silly packumentCache full:https://registry.npmjs.org/for-each set size:undefined disposed:false
1688 silly fetch manifest for-each@^0.3.5
1689 silly packumentCache full:https://registry.npmjs.org/for-each cache-miss
1690 http fetch GET 200 https://registry.npmjs.org/for-each 90ms (cache miss)
1691 silly packumentCache full:https://registry.npmjs.org/for-each set size:undefined disposed:false
1692 http fetch GET 200 https://registry.npmjs.org/set-function-name 97ms (cache miss)
1693 silly packumentCache full:https://registry.npmjs.org/set-function-name set size:undefined disposed:false
1694 http fetch GET 200 https://registry.npmjs.org/reflect.getprototypeof 13ms (cache hit)
1695 silly packumentCache full:https://registry.npmjs.org/reflect.getprototypeof set size:44083 disposed:false
1696 http fetch GET 200 https://registry.npmjs.org/for-each 2ms (cache hit)
1697 silly packumentCache full:https://registry.npmjs.org/for-each set size:14327 disposed:false
1698 http fetch GET 200 https://registry.npmjs.org/for-each 25ms (cache miss)
1699 silly packumentCache full:https://registry.npmjs.org/for-each set size:undefined disposed:false
1700 silly packumentCache full:https://registry.npmjs.org/for-each dispose
1701 http fetch GET 200 https://registry.npmjs.org/has-bigints 24ms (cache miss)
1702 silly packumentCache full:https://registry.npmjs.org/has-bigints set size:undefined disposed:false
1703 http fetch GET 200 https://registry.npmjs.org/which-boxed-primitive 34ms (cache miss)
1704 silly packumentCache full:https://registry.npmjs.org/which-boxed-primitive set size:undefined disposed:false
1705 silly placeDep ROOT possible-typed-array-names@1.1.0 OK for: available-typed-arrays@1.0.7 want: ^1.0.0
1706 silly placeDep ROOT has-tostringtag@1.0.2 OK for: es-set-tostringtag@2.1.0 want: ^1.0.2
1707 silly placeDep ROOT is-date-object@1.1.0 OK for: es-to-primitive@1.3.0 want: ^1.0.5
1708 silly placeDep ROOT is-symbol@1.1.1 OK for: es-to-primitive@1.3.0 want: ^1.0.4
1709 silly placeDep node_modules/eslint-module-utils debug@3.2.7 OK for: eslint-module-utils@2.12.1 want: ^3.2.7
1710 silly placeDep ROOT aria-query@5.3.2 OK for: eslint-plugin-jsx-a11y@6.10.2 want: ^5.3.2
1711 silly placeDep ROOT ast-types-flow@0.0.8 OK for: eslint-plugin-jsx-a11y@6.10.2 want: ^0.0.8
1712 silly placeDep ROOT axe-core@4.11.0 OK for: eslint-plugin-jsx-a11y@6.10.2 want: ^4.10.0
1713 silly placeDep ROOT axobject-query@4.1.0 OK for: eslint-plugin-jsx-a11y@6.10.2 want: ^4.1.0
1714 silly placeDep ROOT damerau-levenshtein@1.0.8 OK for: eslint-plugin-jsx-a11y@6.10.2 want: ^1.0.8
1715 silly placeDep ROOT emoji-regex@9.2.2 OK for: eslint-plugin-jsx-a11y@6.10.2 want: ^9.2.2
1716 silly placeDep ROOT jsx-ast-utils@3.3.5 OK for: eslint-plugin-jsx-a11y@6.10.2 want: ^3.3.5
1717 silly placeDep ROOT language-tags@1.0.9 OK for: eslint-plugin-jsx-a11y@6.10.2 want: ^1.0.9
1718 silly placeDep ROOT string.prototype.includes@2.0.1 OK for: eslint-plugin-jsx-a11y@6.10.2 want: ^2.0.1
1719 silly fetch manifest language-subtag-registry@^0.3.20
1720 silly packumentCache full:https://registry.npmjs.org/language-subtag-registry cache-miss
1721 http fetch GET 200 https://registry.npmjs.org/language-subtag-registry 31ms (cache miss)
1722 silly packumentCache full:https://registry.npmjs.org/language-subtag-registry set size:undefined disposed:false
1723 silly placeDep ROOT array.prototype.findlast@1.2.5 OK for: eslint-plugin-react@7.37.5 want: ^1.2.5
1724 silly placeDep ROOT array.prototype.tosorted@1.1.4 OK for: eslint-plugin-react@7.37.5 want: ^1.1.4
1725 silly placeDep ROOT es-iterator-helpers@1.2.1 OK for: eslint-plugin-react@7.37.5 want: ^1.2.1
1726 silly placeDep ROOT estraverse@5.3.0 OK for: eslint-plugin-react@7.37.5 want: ^5.3.0
1727 silly placeDep ROOT object.entries@1.1.9 OK for: eslint-plugin-react@7.37.5 want: ^1.1.9
1728 silly placeDep ROOT prop-types@15.8.1 OK for: eslint-plugin-react@7.37.5 want: ^15.8.1
1729 silly placeDep node_modules/eslint-plugin-react resolve@2.0.0-next.5 OK for: eslint-plugin-react@7.37.5 want: ^2.0.0-next.5
1730 silly placeDep ROOT string.prototype.matchall@4.0.12 OK for: eslint-plugin-react@7.37.5 want: ^4.0.12
1731 silly placeDep ROOT string.prototype.repeat@1.0.0 OK for: eslint-plugin-react@7.37.5 want: ^1.0.0
1732 silly fetch manifest iterator.prototype@^1.1.4
1733 silly packumentCache full:https://registry.npmjs.org/iterator.prototype cache-miss
1734 silly fetch manifest loose-envify@^1.4.0
1735 silly packumentCache full:https://registry.npmjs.org/loose-envify cache-miss
1736 silly fetch manifest object-assign@^4.1.1
1737 silly packumentCache full:https://registry.npmjs.org/object-assign cache-miss
1738 silly fetch manifest react-is@^16.13.1
1739 silly packumentCache full:https://registry.npmjs.org/react-is cache-miss
1740 http fetch GET 200 https://registry.npmjs.org/loose-envify 29ms (cache miss)
1741 silly packumentCache full:https://registry.npmjs.org/loose-envify set size:undefined disposed:false
1742 http fetch GET 200 https://registry.npmjs.org/object-assign 30ms (cache miss)
1743 silly packumentCache full:https://registry.npmjs.org/object-assign set size:undefined disposed:false
1744 http fetch GET 200 https://registry.npmjs.org/iterator.prototype 33ms (cache miss)
1745 silly packumentCache full:https://registry.npmjs.org/iterator.prototype set size:undefined disposed:false
1746 http fetch GET 200 https://registry.npmjs.org/react-is 116ms (cache miss)
1747 silly packumentCache full:https://registry.npmjs.org/react-is set size:undefined disposed:false
1748 silly placeDep ROOT iterator.prototype@1.1.5 OK for: es-iterator-helpers@1.2.1 want: ^1.1.4
1749 silly placeDep ROOT @babel/core@7.28.5 OK for: eslint-plugin-react-hooks@7.0.1 want: ^7.24.4
1750 silly placeDep ROOT @babel/parser@7.28.5 OK for: eslint-plugin-react-hooks@7.0.1 want: ^7.24.4
1751 silly placeDep ROOT hermes-parser@0.25.1 OK for: eslint-plugin-react-hooks@7.0.1 want: ^0.25.1
1752 silly placeDep ROOT zod@4.1.12 OK for: eslint-plugin-react-hooks@7.0.1 want: ^3.25.0 || ^4.0.0
1753 silly placeDep ROOT zod-validation-error@4.0.2 OK for: eslint-plugin-react-hooks@7.0.1 want: ^3.5.0 || ^4.0.0
1754 silly fetch manifest @babel/code-frame@^7.27.1
1755 silly packumentCache full:https://registry.npmjs.org/@babel%2fcode-frame cache-miss
1756 silly fetch manifest @babel/generator@^7.28.5
1757 silly packumentCache full:https://registry.npmjs.org/@babel%2fgenerator cache-miss
1758 silly fetch manifest @babel/helper-compilation-targets@^7.27.2
1759 silly packumentCache full:https://registry.npmjs.org/@babel%2fhelper-compilation-targets cache-miss
1760 silly fetch manifest @babel/helper-module-transforms@^7.28.3
1761 silly packumentCache full:https://registry.npmjs.org/@babel%2fhelper-module-transforms cache-miss
1762 silly fetch manifest @babel/helpers@^7.28.4
1763 silly packumentCache full:https://registry.npmjs.org/@babel%2fhelpers cache-miss
1764 silly fetch manifest @babel/parser@^7.28.5
1765 silly packumentCache full:https://registry.npmjs.org/@babel%2fparser cache-miss
1766 silly fetch manifest @babel/template@^7.27.2
1767 silly packumentCache full:https://registry.npmjs.org/@babel%2ftemplate cache-miss
1768 http fetch GET 200 https://registry.npmjs.org/@babel%2fparser 12ms (cache hit)
1769 silly packumentCache full:https://registry.npmjs.org/@babel%2fparser set size:702781 disposed:false
1770 silly fetch manifest @babel/traverse@^7.28.5
1771 silly packumentCache full:https://registry.npmjs.org/@babel%2ftraverse cache-miss
1772 http fetch GET 200 https://registry.npmjs.org/@babel%2ftemplate 38ms (cache miss)
1773 silly packumentCache full:https://registry.npmjs.org/@babel%2ftemplate set size:undefined disposed:false
1774 silly fetch manifest @babel/types@^7.28.5
1775 silly packumentCache full:https://registry.npmjs.org/@babel%2ftypes cache-miss
1776 http fetch GET 200 https://registry.npmjs.org/@babel%2fcode-frame 42ms (cache miss)
1777 silly packumentCache full:https://registry.npmjs.org/@babel%2fcode-frame set size:undefined disposed:false
1778 silly fetch manifest convert-source-map@^2.0.0
1779 silly packumentCache full:https://registry.npmjs.org/convert-source-map cache-miss
1780 http fetch GET 200 https://registry.npmjs.org/@babel%2fhelper-module-transforms 43ms (cache miss)
1781 silly packumentCache full:https://registry.npmjs.org/@babel%2fhelper-module-transforms set size:undefined disposed:false
1782 silly fetch manifest gensync@^1.0.0-beta.2
1783 silly packumentCache full:https://registry.npmjs.org/gensync cache-miss
1784 http fetch GET 200 https://registry.npmjs.org/@babel%2fhelper-compilation-targets 50ms (cache miss)
1785 silly packumentCache full:https://registry.npmjs.org/@babel%2fhelper-compilation-targets set size:undefined disposed:false
1786 silly fetch manifest json5@^2.2.3
1787 silly packumentCache full:https://registry.npmjs.org/json5 cache-miss
1788 http fetch GET 200 https://registry.npmjs.org/json5 1ms (cache hit)
1789 silly packumentCache full:https://registry.npmjs.org/json5 set size:86136 disposed:false
1790 silly fetch manifest @babel/types@^7.28.5
1791 silly packumentCache full:https://registry.npmjs.org/@babel%2ftypes cache-miss
1792 http fetch GET 200 https://registry.npmjs.org/@babel%2fgenerator 60ms (cache miss)
1793 silly packumentCache full:https://registry.npmjs.org/@babel%2fgenerator set size:undefined disposed:false
1794 silly fetch manifest hermes-estree@0.25.1
1795 silly packumentCache full:https://registry.npmjs.org/hermes-estree cache-miss
1796 http fetch GET 200 https://registry.npmjs.org/gensync 27ms (cache miss)
1797 silly packumentCache full:https://registry.npmjs.org/gensync set size:undefined disposed:false
1798 http fetch GET 200 https://registry.npmjs.org/@babel%2fhelpers 71ms (cache miss)
1799 silly packumentCache full:https://registry.npmjs.org/@babel%2fhelpers set size:undefined disposed:false
1800 http fetch GET 200 https://registry.npmjs.org/@babel%2ftraverse 57ms (cache miss)
1801 silly packumentCache full:https://registry.npmjs.org/@babel%2ftraverse set size:undefined disposed:false
1802 http fetch GET 200 https://registry.npmjs.org/@babel%2ftypes 37ms (cache miss)
1803 silly packumentCache full:https://registry.npmjs.org/@babel%2ftypes set size:undefined disposed:false
1804 http fetch GET 200 https://registry.npmjs.org/convert-source-map 36ms (cache miss)
1805 silly packumentCache full:https://registry.npmjs.org/convert-source-map set size:undefined disposed:false
1806 http fetch GET 200 https://registry.npmjs.org/hermes-estree 22ms (cache miss)
1807 silly packumentCache full:https://registry.npmjs.org/hermes-estree set size:undefined disposed:false
1808 http fetch GET 200 https://registry.npmjs.org/@babel%2ftypes 43ms (cache miss)
1809 silly packumentCache full:https://registry.npmjs.org/@babel%2ftypes set size:undefined disposed:false
1810 silly fetch manifest @babel/core@^7.0.0
1811 silly packumentCache full:https://registry.npmjs.org/@babel%2fcore cache-miss
1812 http fetch GET 200 https://registry.npmjs.org/@babel%2fcore 1ms (cache hit)
1813 silly packumentCache full:https://registry.npmjs.org/@babel%2fcore set size:738278 disposed:false
1814 silly placeDep ROOT @babel/code-frame@7.27.1 OK for: @babel/core@7.28.5 want: ^7.27.1
1815 silly placeDep ROOT @babel/generator@7.28.5 OK for: @babel/core@7.28.5 want: ^7.28.5
1816 silly placeDep ROOT @babel/helper-compilation-targets@7.27.2 OK for: @babel/core@7.28.5 want: ^7.27.2
1817 silly placeDep ROOT @babel/helper-module-transforms@7.28.3 OK for: @babel/core@7.28.5 want: ^7.28.3
1818 silly placeDep ROOT @babel/helpers@7.28.4 OK for: @babel/core@7.28.5 want: ^7.28.4
1819 silly placeDep ROOT @babel/template@7.27.2 OK for: @babel/core@7.28.5 want: ^7.27.2
1820 silly placeDep ROOT @babel/traverse@7.28.5 OK for: @babel/core@7.28.5 want: ^7.28.5
1821 silly placeDep ROOT @babel/types@7.28.5 OK for: @babel/core@7.28.5 want: ^7.28.5
1822 silly placeDep ROOT convert-source-map@2.0.0 OK for: @babel/core@7.28.5 want: ^2.0.0
1823 silly placeDep ROOT gensync@1.0.0-beta.2 OK for: @babel/core@7.28.5 want: ^1.0.0-beta.2
1824 silly placeDep ROOT json5@2.2.3 OK for: @babel/core@7.28.5 want: ^2.2.3
1825 silly fetch manifest js-tokens@^4.0.0
1826 silly packumentCache full:https://registry.npmjs.org/js-tokens cache-miss
1827 silly fetch manifest @babel/helper-validator-identifier@^7.27.1
1828 silly packumentCache full:https://registry.npmjs.org/@babel%2fhelper-validator-identifier cache-miss
1829 silly fetch manifest jsesc@^3.0.2
1830 silly packumentCache full:https://registry.npmjs.org/jsesc cache-miss
1831 silly fetch manifest lru-cache@^5.1.1
1832 silly packumentCache full:https://registry.npmjs.org/lru-cache cache-miss
1833 silly fetch manifest browserslist@^4.24.0
1834 silly packumentCache full:https://registry.npmjs.org/browserslist cache-miss
1835 silly fetch manifest @babel/compat-data@^7.27.2
1836 silly packumentCache full:https://registry.npmjs.org/@babel%2fcompat-data cache-miss
1837 silly fetch manifest @babel/helper-validator-option@^7.27.1
1838 silly packumentCache full:https://registry.npmjs.org/@babel%2fhelper-validator-option cache-miss
1839 http fetch GET 200 https://registry.npmjs.org/lru-cache 31ms (cache miss)
1840 silly packumentCache full:https://registry.npmjs.org/lru-cache set size:undefined disposed:false
1841 silly fetch manifest @babel/traverse@^7.28.3
1842 silly packumentCache full:https://registry.npmjs.org/@babel%2ftraverse cache-miss
1843 http fetch GET 200 https://registry.npmjs.org/jsesc 36ms (cache miss)
1844 silly packumentCache full:https://registry.npmjs.org/jsesc set size:undefined disposed:false
1845 silly fetch manifest @babel/helper-module-imports@^7.27.1
1846 silly packumentCache full:https://registry.npmjs.org/@babel%2fhelper-module-imports cache-miss
1847 http fetch GET 200 https://registry.npmjs.org/@babel%2ftraverse 4ms (cache hit)
1848 silly packumentCache full:https://registry.npmjs.org/@babel%2ftraverse set size:535703 disposed:false
1849 silly fetch manifest @babel/helper-validator-identifier@^7.27.1
1850 silly packumentCache full:https://registry.npmjs.org/@babel%2fhelper-validator-identifier cache-miss
1851 http fetch GET 200 https://registry.npmjs.org/js-tokens 42ms (cache miss)
1852 silly packumentCache full:https://registry.npmjs.org/js-tokens set size:undefined disposed:false
1853 silly fetch manifest @babel/types@^7.28.4
1854 silly packumentCache full:https://registry.npmjs.org/@babel%2ftypes cache-miss
1855 http fetch GET 200 https://registry.npmjs.org/@babel%2fhelper-validator-identifier 41ms (cache miss)
1856 silly packumentCache full:https://registry.npmjs.org/@babel%2fhelper-validator-identifier set size:undefined disposed:false
1857 silly fetch manifest @babel/types@^7.27.1
1858 silly packumentCache full:https://registry.npmjs.org/@babel%2ftypes cache-miss
1859 http fetch GET 200 https://registry.npmjs.org/browserslist 42ms (cache miss)
1860 silly packumentCache full:https://registry.npmjs.org/browserslist set size:undefined disposed:false
1861 silly fetch manifest @babel/helper-globals@^7.28.0
1862 silly packumentCache full:https://registry.npmjs.org/@babel%2fhelper-globals cache-miss
1863 http fetch GET 200 https://registry.npmjs.org/@babel%2fhelper-validator-identifier 8ms (cache hit)
1864 silly packumentCache full:https://registry.npmjs.org/@babel%2fhelper-validator-identifier set size:108996 disposed:false
1865 silly fetch manifest @babel/helper-string-parser@^7.27.1
1866 silly packumentCache full:https://registry.npmjs.org/@babel%2fhelper-string-parser cache-miss
1867 http fetch GET 200 https://registry.npmjs.org/@babel%2fhelper-validator-option 46ms (cache miss)
1868 silly packumentCache full:https://registry.npmjs.org/@babel%2fhelper-validator-option set size:undefined disposed:false
1869 silly fetch manifest @babel/helper-validator-identifier@^7.28.5
1870 silly packumentCache full:https://registry.npmjs.org/@babel%2fhelper-validator-identifier cache-hit
1871 http fetch GET 200 https://registry.npmjs.org/@babel%2ftypes 7ms (cache hit)
1872 silly packumentCache full:https://registry.npmjs.org/@babel%2ftypes set size:475698 disposed:false
1873 http fetch GET 200 https://registry.npmjs.org/@babel%2ftypes 10ms (cache hit)
1874 silly packumentCache full:https://registry.npmjs.org/@babel%2ftypes set size:475698 disposed:false
1875 silly packumentCache full:https://registry.npmjs.org/@babel%2ftypes dispose
1876 http fetch GET 200 https://registry.npmjs.org/@babel%2fcompat-data 50ms (cache miss)
1877 silly packumentCache full:https://registry.npmjs.org/@babel%2fcompat-data set size:undefined disposed:false
1878 http fetch GET 200 https://registry.npmjs.org/@babel%2fhelper-module-imports 38ms (cache miss)
1879 silly packumentCache full:https://registry.npmjs.org/@babel%2fhelper-module-imports set size:undefined disposed:false
1880 http fetch GET 200 https://registry.npmjs.org/@babel%2fhelper-globals 33ms (cache miss)
1881 silly packumentCache full:https://registry.npmjs.org/@babel%2fhelper-globals set size:undefined disposed:false
1882 http fetch GET 200 https://registry.npmjs.org/@babel%2fhelper-string-parser 53ms (cache miss)
1883 silly packumentCache full:https://registry.npmjs.org/@babel%2fhelper-string-parser set size:undefined disposed:false
1884 silly placeDep ROOT @babel/helper-validator-identifier@7.28.5 OK for: @babel/code-frame@7.27.1 want: ^7.27.1
1885 silly placeDep ROOT js-tokens@4.0.0 OK for: @babel/code-frame@7.27.1 want: ^4.0.0
1886 silly placeDep ROOT picocolors@1.1.1 OK for: @babel/code-frame@7.27.1 want: ^1.1.1
1887 silly placeDep ROOT jsesc@3.1.0 OK for: @babel/generator@7.28.5 want: ^3.0.2
1888 silly placeDep ROOT @babel/compat-data@7.28.5 OK for: @babel/helper-compilation-targets@7.27.2 want: ^7.27.2
1889 silly placeDep ROOT @babel/helper-validator-option@7.27.1 OK for: @babel/helper-compilation-targets@7.27.2 want: ^7.27.1
1890 silly placeDep ROOT browserslist@4.28.0 OK for: @babel/helper-compilation-targets@7.27.2 want: ^4.24.0
1891 silly placeDep ROOT lru-cache@5.1.1 OK for: @babel/helper-compilation-targets@7.27.2 want: ^5.1.1
1892 silly fetch manifest baseline-browser-mapping@^2.8.25
1893 silly packumentCache full:https://registry.npmjs.org/baseline-browser-mapping cache-miss
1894 silly fetch manifest caniuse-lite@^1.0.30001754
1895 silly packumentCache full:https://registry.npmjs.org/caniuse-lite cache-miss
1896 silly fetch manifest electron-to-chromium@^1.5.249
1897 silly packumentCache full:https://registry.npmjs.org/electron-to-chromium cache-miss
1898 silly fetch manifest node-releases@^2.0.27
1899 silly packumentCache full:https://registry.npmjs.org/node-releases cache-miss
1900 silly fetch manifest update-browserslist-db@^1.1.4
1901 silly packumentCache full:https://registry.npmjs.org/update-browserslist-db cache-miss
1902 silly fetch manifest yallist@^3.0.2
1903 silly packumentCache full:https://registry.npmjs.org/yallist cache-miss
1904 http fetch GET 200 https://registry.npmjs.org/caniuse-lite 8ms (cache hit)
1905 silly packumentCache full:https://registry.npmjs.org/caniuse-lite set size:2228194 disposed:false
1906 http fetch GET 200 https://registry.npmjs.org/yallist 26ms (cache miss)
1907 silly packumentCache full:https://registry.npmjs.org/yallist set size:undefined disposed:false
1908 http fetch GET 200 https://registry.npmjs.org/baseline-browser-mapping 28ms (cache miss)
1909 silly packumentCache full:https://registry.npmjs.org/baseline-browser-mapping set size:undefined disposed:false
1910 http fetch GET 200 https://registry.npmjs.org/node-releases 40ms (cache miss)
1911 silly packumentCache full:https://registry.npmjs.org/node-releases set size:undefined disposed:false
1912 http fetch GET 200 https://registry.npmjs.org/update-browserslist-db 49ms (cache miss)
1913 silly packumentCache full:https://registry.npmjs.org/update-browserslist-db set size:undefined disposed:false
1914 http fetch GET 200 https://registry.npmjs.org/electron-to-chromium 101ms (cache miss)
1915 silly packumentCache full:https://registry.npmjs.org/electron-to-chromium set size:undefined disposed:false
1916 silly placeDep ROOT @babel/helper-module-imports@7.27.1 OK for: @babel/helper-module-transforms@7.28.3 want: ^7.27.1
1917 silly placeDep ROOT @babel/helper-globals@7.28.0 OK for: @babel/traverse@7.28.5 want: ^7.28.0
1918 silly placeDep ROOT @babel/helper-string-parser@7.27.1 OK for: @babel/types@7.28.5 want: ^7.27.1
1919 silly fetch manifest browserslist@>= 4.21.0
1920 silly packumentCache full:https://registry.npmjs.org/browserslist cache-miss
1921 http fetch GET 200 https://registry.npmjs.org/browserslist 2ms (cache hit)
1922 silly packumentCache full:https://registry.npmjs.org/browserslist set size:500962 disposed:false
1923 silly placeDep ROOT baseline-browser-mapping@2.8.29 OK for: browserslist@4.28.0 want: ^2.8.25
1924 silly placeDep ROOT caniuse-lite@1.0.30001756 OK for: browserslist@4.28.0 want: ^1.0.30001754
1925 silly placeDep ROOT electron-to-chromium@1.5.256 OK for: browserslist@4.28.0 want: ^1.5.249
1926 silly placeDep ROOT node-releases@2.0.27 OK for: browserslist@4.28.0 want: ^2.0.27
1927 silly placeDep ROOT update-browserslist-db@1.1.4 OK for: browserslist@4.28.0 want: ^1.1.4
1928 silly fetch manifest escalade@^3.2.0
1929 silly packumentCache full:https://registry.npmjs.org/escalade cache-miss
1930 http fetch GET 200 https://registry.npmjs.org/escalade 26ms (cache miss)
1931 silly packumentCache full:https://registry.npmjs.org/escalade set size:undefined disposed:false
1932 silly placeDep ROOT esrecurse@4.3.0 OK for: eslint-scope@8.4.0 want: ^4.3.0
1933 silly placeDep ROOT acorn@8.15.0 OK for: espree@10.4.0 want: ^8.15.0
1934 silly placeDep ROOT acorn-jsx@5.3.2 OK for: espree@10.4.0 want: ^5.3.2
1935 silly placeDep ROOT @nodelib/fs.stat@2.0.5 OK for: fast-glob@3.3.1 want: ^2.0.2
1936 silly placeDep ROOT @nodelib/fs.walk@1.2.8 OK for: fast-glob@3.3.1 want: ^1.2.3
1937 silly placeDep node_modules/fast-glob glob-parent@5.1.2 OK for: fast-glob@3.3.1 want: ^5.1.2
1938 silly placeDep ROOT merge2@1.4.1 OK for: fast-glob@3.3.1 want: ^1.3.0
1939 silly placeDep ROOT micromatch@4.0.8 OK for: fast-glob@3.3.1 want: ^4.0.4
1940 silly fetch manifest fastq@^1.6.0
1941 silly packumentCache full:https://registry.npmjs.org/fastq cache-miss
1942 silly fetch manifest @nodelib/fs.scandir@2.1.5
1943 silly packumentCache full:https://registry.npmjs.org/@nodelib%2ffs.scandir cache-miss
1944 silly fetch manifest braces@^3.0.3
1945 silly packumentCache full:https://registry.npmjs.org/braces cache-miss
1946 silly fetch manifest picomatch@^2.3.1
1947 silly packumentCache full:https://registry.npmjs.org/picomatch cache-miss
1948 http fetch GET 200 https://registry.npmjs.org/picomatch 4ms (cache hit)
1949 silly packumentCache full:https://registry.npmjs.org/picomatch set size:118818 disposed:false
1950 http fetch GET 200 https://registry.npmjs.org/fastq 30ms (cache miss)
1951 silly packumentCache full:https://registry.npmjs.org/fastq set size:undefined disposed:false
1952 http fetch GET 200 https://registry.npmjs.org/braces 32ms (cache miss)
1953 silly packumentCache full:https://registry.npmjs.org/braces set size:undefined disposed:false
1954 http fetch GET 200 https://registry.npmjs.org/@nodelib%2ffs.scandir 42ms (cache miss)
1955 silly packumentCache full:https://registry.npmjs.org/@nodelib%2ffs.scandir set size:undefined disposed:false
1956 silly placeDep ROOT @nodelib/fs.scandir@2.1.5 OK for: @nodelib/fs.walk@1.2.8 want: 2.1.5
1957 silly placeDep ROOT fastq@1.19.1 OK for: @nodelib/fs.walk@1.2.8 want: ^1.6.0
1958 silly fetch manifest run-parallel@^1.1.9
1959 silly packumentCache full:https://registry.npmjs.org/run-parallel cache-miss
1960 silly fetch manifest reusify@^1.0.4
1961 silly packumentCache full:https://registry.npmjs.org/reusify cache-miss
1962 http fetch GET 200 https://registry.npmjs.org/run-parallel 34ms (cache miss)
1963 silly packumentCache full:https://registry.npmjs.org/run-parallel set size:undefined disposed:false
1964 http fetch GET 200 https://registry.npmjs.org/reusify 41ms (cache miss)
1965 silly packumentCache full:https://registry.npmjs.org/reusify set size:undefined disposed:false
1966 silly placeDep ROOT run-parallel@1.2.0 OK for: @nodelib/fs.scandir@2.1.5 want: ^1.1.9
1967 silly fetch manifest queue-microtask@^1.2.2
1968 silly packumentCache full:https://registry.npmjs.org/queue-microtask cache-miss
1969 http fetch GET 200 https://registry.npmjs.org/queue-microtask 29ms (cache miss)
1970 silly packumentCache full:https://registry.npmjs.org/queue-microtask set size:undefined disposed:false
1971 silly placeDep ROOT reusify@1.1.0 OK for: fastq@1.19.1 want: ^1.0.4
1972 silly placeDep ROOT flat-cache@4.0.1 OK for: file-entry-cache@8.0.0 want: ^4.0.0
1973 silly fetch manifest keyv@^4.5.4
1974 silly packumentCache full:https://registry.npmjs.org/keyv cache-miss
1975 silly fetch manifest flatted@^3.2.9
1976 silly packumentCache full:https://registry.npmjs.org/flatted cache-miss
1977 http fetch GET 200 https://registry.npmjs.org/flatted 31ms (cache miss)
1978 silly packumentCache full:https://registry.npmjs.org/flatted set size:undefined disposed:false
1979 http fetch GET 200 https://registry.npmjs.org/keyv 34ms (cache miss)
1980 silly packumentCache full:https://registry.npmjs.org/keyv set size:undefined disposed:false
1981 silly placeDep ROOT locate-path@6.0.0 OK for: find-up@5.0.0 want: ^6.0.0
1982 silly placeDep ROOT path-exists@4.0.0 OK for: find-up@5.0.0 want: ^4.0.0
1983 silly fetch manifest p-locate@^5.0.0
1984 silly packumentCache full:https://registry.npmjs.org/p-locate cache-miss
1985 http fetch GET 200 https://registry.npmjs.org/p-locate 27ms (cache miss)
1986 silly packumentCache full:https://registry.npmjs.org/p-locate set size:undefined disposed:false
1987 silly placeDep ROOT flatted@3.3.3 OK for: flat-cache@4.0.1 want: ^3.2.9
1988 silly placeDep ROOT keyv@4.5.4 OK for: flat-cache@4.0.1 want: ^4.5.4
1989 silly fetch manifest json-buffer@3.0.1
1990 silly packumentCache full:https://registry.npmjs.org/json-buffer cache-miss
1991 http fetch GET 200 https://registry.npmjs.org/json-buffer 31ms (cache miss)
1992 silly packumentCache full:https://registry.npmjs.org/json-buffer set size:undefined disposed:false
1993 silly placeDep ROOT functions-have-names@1.2.3 OK for: function.prototype.name@1.1.8 want: ^1.2.3
1994 silly placeDep ROOT dunder-proto@1.0.1 OK for: get-proto@1.0.1 want: ^1.0.1
1995 silly placeDep ROOT resolve-pkg-maps@1.0.0 OK for: get-tsconfig@4.13.0 want: ^1.0.0
1996 silly placeDep ROOT hermes-estree@0.25.1 OK for: hermes-parser@0.25.1 want: 0.25.1
1997 silly placeDep ROOT parent-module@1.0.1 OK for: import-fresh@3.3.1 want: ^1.0.0
1998 silly placeDep ROOT resolve-from@4.0.0 OK for: import-fresh@3.3.1 want: ^4.0.0
1999 silly fetch manifest callsites@^3.0.0
2000 silly packumentCache full:https://registry.npmjs.org/callsites cache-miss
2001 http fetch GET 200 https://registry.npmjs.org/callsites 31ms (cache miss)
2002 silly packumentCache full:https://registry.npmjs.org/callsites set size:undefined disposed:false
2003 silly placeDep ROOT side-channel@1.1.0 OK for: internal-slot@1.1.0 want: ^1.1.0
2004 silly fetch manifest side-channel-list@^1.0.0
2005 silly packumentCache full:https://registry.npmjs.org/side-channel-list cache-miss
2006 silly fetch manifest side-channel-map@^1.0.1
2007 silly packumentCache full:https://registry.npmjs.org/side-channel-map cache-miss
2008 silly fetch manifest side-channel-weakmap@^1.0.2
2009 silly packumentCache full:https://registry.npmjs.org/side-channel-weakmap cache-miss
2010 http fetch GET 200 https://registry.npmjs.org/side-channel-list 30ms (cache miss)
2011 silly packumentCache full:https://registry.npmjs.org/side-channel-list set size:undefined disposed:false
2012 http fetch GET 200 https://registry.npmjs.org/side-channel-map 35ms (cache miss)
2013 silly packumentCache full:https://registry.npmjs.org/side-channel-map set size:undefined disposed:false
2014 http fetch GET 200 https://registry.npmjs.org/side-channel-weakmap 38ms (cache miss)
2015 silly packumentCache full:https://registry.npmjs.org/side-channel-weakmap set size:undefined disposed:false
2016 silly placeDep node_modules/is-bun-module semver@7.7.3 OK for: is-bun-module@2.0.0 want: ^7.7.1
2017 silly placeDep ROOT is-extglob@2.1.1 OK for: is-glob@4.0.3 want: ^2.1.1
2018 silly placeDep ROOT set-function-name@2.0.2 OK for: iterator.prototype@1.1.5 want: ^2.0.2
2019 silly placeDep ROOT argparse@2.0.1 OK for: js-yaml@4.1.1 want: ^2.0.1
2020 silly placeDep ROOT json-buffer@3.0.1 OK for: keyv@4.5.4 want: 3.0.1
2021 silly placeDep ROOT language-subtag-registry@0.3.23 OK for: language-tags@1.0.9 want: ^0.3.20
2022 silly placeDep ROOT prelude-ls@1.2.1 OK for: levn@0.4.1 want: ^1.2.1
2023 silly placeDep ROOT type-check@0.4.0 OK for: levn@0.4.1 want: ~0.4.0
2024 silly placeDep ROOT detect-libc@2.1.2 OK for: lightningcss@1.30.2 want: ^2.0.3
2025 silly placeDep ROOT lightningcss-android-arm64@1.30.2 OK for: lightningcss@1.30.2 want: 1.30.2
2026 silly placeDep ROOT lightningcss-darwin-arm64@1.30.2 OK for: lightningcss@1.30.2 want: 1.30.2
2027 silly placeDep ROOT lightningcss-darwin-x64@1.30.2 OK for: lightningcss@1.30.2 want: 1.30.2
2028 silly placeDep ROOT lightningcss-freebsd-x64@1.30.2 OK for: lightningcss@1.30.2 want: 1.30.2
2029 silly placeDep ROOT lightningcss-linux-arm-gnueabihf@1.30.2 OK for: lightningcss@1.30.2 want: 1.30.2
2030 silly placeDep ROOT lightningcss-linux-arm64-gnu@1.30.2 OK for: lightningcss@1.30.2 want: 1.30.2
2031 silly placeDep ROOT lightningcss-linux-arm64-musl@1.30.2 OK for: lightningcss@1.30.2 want: 1.30.2
2032 silly placeDep ROOT lightningcss-linux-x64-gnu@1.30.2 OK for: lightningcss@1.30.2 want: 1.30.2
2033 silly placeDep ROOT lightningcss-linux-x64-musl@1.30.2 OK for: lightningcss@1.30.2 want: 1.30.2
2034 silly placeDep ROOT lightningcss-win32-arm64-msvc@1.30.2 OK for: lightningcss@1.30.2 want: 1.30.2
2035 silly placeDep ROOT lightningcss-win32-x64-msvc@1.30.2 OK for: lightningcss@1.30.2 want: 1.30.2
2036 silly placeDep ROOT p-locate@5.0.0 OK for: locate-path@6.0.0 want: ^5.0.0
2037 silly fetch manifest p-limit@^3.0.2
2038 silly packumentCache full:https://registry.npmjs.org/p-limit cache-miss
2039 http fetch GET 200 https://registry.npmjs.org/p-limit 37ms (cache miss)
2040 silly packumentCache full:https://registry.npmjs.org/p-limit set size:undefined disposed:false
2041 silly placeDep ROOT yallist@3.1.1 OK for: lru-cache@5.1.1 want: ^3.0.2
2042 silly placeDep ROOT braces@3.0.3 OK for: micromatch@4.0.8 want: ^3.0.3
2043 silly placeDep ROOT picomatch@2.3.1 OK for: micromatch@4.0.8 want: ^2.3.1
2044 silly fetch manifest fill-range@^7.1.1
2045 silly packumentCache full:https://registry.npmjs.org/fill-range cache-miss
2046 http fetch GET 200 https://registry.npmjs.org/fill-range 32ms (cache miss)
2047 silly packumentCache full:https://registry.npmjs.org/fill-range set size:undefined disposed:false
2048 silly placeDep ROOT fill-range@7.1.1 OK for: braces@3.0.3 want: ^7.1.1
2049 silly fetch manifest to-regex-range@^5.0.1
2050 silly packumentCache full:https://registry.npmjs.org/to-regex-range cache-miss
2051 http fetch GET 200 https://registry.npmjs.org/to-regex-range 30ms (cache miss)
2052 silly packumentCache full:https://registry.npmjs.org/to-regex-range set size:undefined disposed:false
2053 silly placeDep ROOT to-regex-range@5.0.1 OK for: fill-range@7.1.1 want: ^5.0.1
2054 silly fetch manifest is-number@^7.0.0
2055 silly packumentCache full:https://registry.npmjs.org/is-number cache-miss
2056 http fetch GET 200 https://registry.npmjs.org/is-number 31ms (cache miss)
2057 silly packumentCache full:https://registry.npmjs.org/is-number set size:undefined disposed:false
2058 silly placeDep ROOT brace-expansion@1.1.12 OK for: minimatch@3.1.2 want: ^1.1.7
2059 silly fetch manifest balanced-match@^1.0.0
2060 silly packumentCache full:https://registry.npmjs.org/balanced-match cache-miss
2061 silly fetch manifest concat-map@0.0.1
2062 silly packumentCache full:https://registry.npmjs.org/concat-map cache-miss
2063 http fetch GET 200 https://registry.npmjs.org/concat-map 34ms (cache miss)
2064 silly packumentCache full:https://registry.npmjs.org/concat-map set size:undefined disposed:false
2065 http fetch GET 200 https://registry.npmjs.org/balanced-match 34ms (cache miss)
2066 silly packumentCache full:https://registry.npmjs.org/balanced-match set size:undefined disposed:false
2067 silly placeDep ROOT balanced-match@1.0.2 OK for: brace-expansion@1.1.12 want: ^1.0.0
2068 silly placeDep ROOT concat-map@0.0.1 OK for: brace-expansion@1.1.12 want: 0.0.1
2069 silly fetch manifest react@^18.2.0 || 19.0.0-rc-de68d2f4-20241204 || ^19.0.0
2070 silly packumentCache full:https://registry.npmjs.org/react cache-miss
2071 http fetch GET 200 https://registry.npmjs.org/react 11ms (cache hit)
2072 silly packumentCache full:https://registry.npmjs.org/react set size:6275968 disposed:false
2073 silly placeDep ROOT @next/env@16.0.3 OK for: next@16.0.3 want: 16.0.3
2074 silly placeDep ROOT @next/swc-darwin-arm64@16.0.3 OK for: next@16.0.3 want: 16.0.3
2075 silly placeDep ROOT @next/swc-darwin-x64@16.0.3 OK for: next@16.0.3 want: 16.0.3
2076 silly placeDep ROOT @next/swc-linux-arm64-gnu@16.0.3 OK for: next@16.0.3 want: 16.0.3
2077 silly placeDep ROOT @next/swc-linux-arm64-musl@16.0.3 OK for: next@16.0.3 want: 16.0.3
2078 silly placeDep ROOT @next/swc-linux-x64-gnu@16.0.3 OK for: next@16.0.3 want: 16.0.3
2079 silly placeDep ROOT @next/swc-linux-x64-musl@16.0.3 OK for: next@16.0.3 want: 16.0.3
2080 silly placeDep ROOT @next/swc-win32-arm64-msvc@16.0.3 OK for: next@16.0.3 want: 16.0.3
2081 silly placeDep ROOT @next/swc-win32-x64-msvc@16.0.3 OK for: next@16.0.3 want: 16.0.3
2082 silly placeDep ROOT @swc/helpers@0.5.15 OK for: next@16.0.3 want: 0.5.15
2083 silly placeDep node_modules/next postcss@8.4.31 OK for: next@16.0.3 want: 8.4.31
2084 silly placeDep ROOT sharp@0.34.5 OK for: next@16.0.3 want: ^0.34.4
2085 silly placeDep ROOT styled-jsx@5.1.6 OK for: next@16.0.3 want: 5.1.6
2086 silly fetch manifest tslib@^2.8.0
2087 silly packumentCache full:https://registry.npmjs.org/tslib cache-miss
2088 silly fetch manifest nanoid@^3.3.6
2089 silly packumentCache full:https://registry.npmjs.org/nanoid cache-miss
2090 silly fetch manifest @img/colour@^1.0.0
2091 silly packumentCache full:https://registry.npmjs.org/@img%2fcolour cache-miss
2092 silly fetch manifest semver@^7.7.3
2093 silly packumentCache full:https://registry.npmjs.org/semver cache-hit
2094 silly fetch manifest @img/sharp-darwin-arm64@0.34.5
2095 silly packumentCache full:https://registry.npmjs.org/@img%2fsharp-darwin-arm64 cache-miss
2096 silly fetch manifest @img/sharp-darwin-x64@0.34.5
2097 silly packumentCache full:https://registry.npmjs.org/@img%2fsharp-darwin-x64 cache-miss
2098 silly fetch manifest @img/sharp-libvips-darwin-arm64@1.2.4
2099 silly packumentCache full:https://registry.npmjs.org/@img%2fsharp-libvips-darwin-arm64 cache-miss
2100 silly fetch manifest @img/sharp-libvips-darwin-x64@1.2.4
2101 silly packumentCache full:https://registry.npmjs.org/@img%2fsharp-libvips-darwin-x64 cache-miss
2102 http fetch GET 200 https://registry.npmjs.org/nanoid 5ms (cache hit)
2103 silly packumentCache full:https://registry.npmjs.org/nanoid set size:298419 disposed:false
2104 silly fetch manifest @img/sharp-libvips-linux-arm@1.2.4
2105 silly packumentCache full:https://registry.npmjs.org/@img%2fsharp-libvips-linux-arm cache-miss
2106 http fetch GET 200 https://registry.npmjs.org/tslib 25ms (cache miss)
2107 silly packumentCache full:https://registry.npmjs.org/tslib set size:undefined disposed:false
2108 silly fetch manifest @img/sharp-libvips-linux-arm64@1.2.4
2109 silly packumentCache full:https://registry.npmjs.org/@img%2fsharp-libvips-linux-arm64 cache-miss
2110 http fetch GET 200 https://registry.npmjs.org/@img%2fcolour 39ms (cache miss)
2111 silly packumentCache full:https://registry.npmjs.org/@img%2fcolour set size:undefined disposed:false
2112 silly fetch manifest @img/sharp-libvips-linux-ppc64@1.2.4
2113 silly packumentCache full:https://registry.npmjs.org/@img%2fsharp-libvips-linux-ppc64 cache-miss
2114 http fetch GET 200 https://registry.npmjs.org/@img%2fsharp-libvips-darwin-x64 40ms (cache miss)
2115 silly packumentCache full:https://registry.npmjs.org/@img%2fsharp-libvips-darwin-x64 set size:undefined disposed:false
2116 silly fetch manifest @img/sharp-libvips-linux-riscv64@1.2.4
2117 silly packumentCache full:https://registry.npmjs.org/@img%2fsharp-libvips-linux-riscv64 cache-miss
2118 http fetch GET 200 https://registry.npmjs.org/@img%2fsharp-darwin-arm64 43ms (cache miss)
2119 silly packumentCache full:https://registry.npmjs.org/@img%2fsharp-darwin-arm64 set size:undefined disposed:false
2120 silly fetch manifest @img/sharp-libvips-linux-s390x@1.2.4
2121 silly packumentCache full:https://registry.npmjs.org/@img%2fsharp-libvips-linux-s390x cache-miss
2122 http fetch GET 200 https://registry.npmjs.org/@img%2fsharp-libvips-linux-arm 40ms (cache miss)
2123 silly packumentCache full:https://registry.npmjs.org/@img%2fsharp-libvips-linux-arm set size:undefined disposed:false
2124 silly fetch manifest @img/sharp-libvips-linux-x64@1.2.4
2125 silly packumentCache full:https://registry.npmjs.org/@img%2fsharp-libvips-linux-x64 cache-miss
2126 http fetch GET 200 https://registry.npmjs.org/@img%2fsharp-libvips-darwin-arm64 48ms (cache miss)
2127 silly packumentCache full:https://registry.npmjs.org/@img%2fsharp-libvips-darwin-arm64 set size:undefined disposed:false
2128 silly fetch manifest @img/sharp-libvips-linuxmusl-arm64@1.2.4
2129 silly packumentCache full:https://registry.npmjs.org/@img%2fsharp-libvips-linuxmusl-arm64 cache-miss
2130 http fetch GET 200 https://registry.npmjs.org/@img%2fsharp-darwin-x64 54ms (cache miss)
2131 silly packumentCache full:https://registry.npmjs.org/@img%2fsharp-darwin-x64 set size:undefined disposed:false
2132 silly fetch manifest @img/sharp-libvips-linuxmusl-x64@1.2.4
2133 silly packumentCache full:https://registry.npmjs.org/@img%2fsharp-libvips-linuxmusl-x64 cache-miss
2134 http fetch GET 200 https://registry.npmjs.org/@img%2fsharp-libvips-linux-arm64 52ms (cache miss)
2135 silly packumentCache full:https://registry.npmjs.org/@img%2fsharp-libvips-linux-arm64 set size:undefined disposed:false
2136 silly fetch manifest @img/sharp-linux-arm@0.34.5
2137 silly packumentCache full:https://registry.npmjs.org/@img%2fsharp-linux-arm cache-miss
2138 http fetch GET 200 https://registry.npmjs.org/@img%2fsharp-linux-arm 40ms (cache miss)
2139 silly packumentCache full:https://registry.npmjs.org/@img%2fsharp-linux-arm set size:undefined disposed:false
2140 silly fetch manifest @img/sharp-linux-arm64@0.34.5
2141 silly packumentCache full:https://registry.npmjs.org/@img%2fsharp-linux-arm64 cache-miss
2142 http fetch GET 200 https://registry.npmjs.org/@img%2fsharp-linux-arm64 43ms (cache miss)
2143 silly packumentCache full:https://registry.npmjs.org/@img%2fsharp-linux-arm64 set size:undefined disposed:false
2144 silly fetch manifest @img/sharp-linux-ppc64@0.34.5
2145 silly packumentCache full:https://registry.npmjs.org/@img%2fsharp-linux-ppc64 cache-miss
2146 http fetch GET 200 https://registry.npmjs.org/@img%2fsharp-libvips-linux-ppc64 319ms (cache miss)
2147 silly packumentCache full:https://registry.npmjs.org/@img%2fsharp-libvips-linux-ppc64 set size:undefined disposed:false
2148 silly fetch manifest @img/sharp-linux-riscv64@0.34.5
2149 silly packumentCache full:https://registry.npmjs.org/@img%2fsharp-linux-riscv64 cache-miss
2150 http fetch GET 200 https://registry.npmjs.org/@img%2fsharp-libvips-linux-s390x 372ms (cache miss)
2151 silly packumentCache full:https://registry.npmjs.org/@img%2fsharp-libvips-linux-s390x set size:undefined disposed:false
2152 silly fetch manifest @img/sharp-linux-s390x@0.34.5
2153 silly packumentCache full:https://registry.npmjs.org/@img%2fsharp-linux-s390x cache-miss
2154 http fetch GET 200 https://registry.npmjs.org/@img%2fsharp-libvips-linux-riscv64 376ms (cache miss)
2155 silly packumentCache full:https://registry.npmjs.org/@img%2fsharp-libvips-linux-riscv64 set size:undefined disposed:false
2156 silly fetch manifest @img/sharp-linux-x64@0.34.5
2157 silly packumentCache full:https://registry.npmjs.org/@img%2fsharp-linux-x64 cache-miss
2158 http fetch GET 200 https://registry.npmjs.org/@img%2fsharp-libvips-linuxmusl-arm64 372ms (cache miss)
2159 silly packumentCache full:https://registry.npmjs.org/@img%2fsharp-libvips-linuxmusl-arm64 set size:undefined disposed:false
2160 silly fetch manifest @img/sharp-linuxmusl-arm64@0.34.5
2161 silly packumentCache full:https://registry.npmjs.org/@img%2fsharp-linuxmusl-arm64 cache-miss
2162 http fetch GET 200 https://registry.npmjs.org/@img%2fsharp-libvips-linuxmusl-x64 373ms (cache miss)
2163 silly packumentCache full:https://registry.npmjs.org/@img%2fsharp-libvips-linuxmusl-x64 set size:undefined disposed:false
2164 silly fetch manifest @img/sharp-linuxmusl-x64@0.34.5
2165 silly packumentCache full:https://registry.npmjs.org/@img%2fsharp-linuxmusl-x64 cache-miss
2166 http fetch GET 200 https://registry.npmjs.org/@img%2fsharp-linux-x64 51ms (cache miss)
2167 silly packumentCache full:https://registry.npmjs.org/@img%2fsharp-linux-x64 set size:undefined disposed:false
2168 silly fetch manifest @img/sharp-wasm32@0.34.5
2169 silly packumentCache full:https://registry.npmjs.org/@img%2fsharp-wasm32 cache-miss
2170 http fetch GET 200 https://registry.npmjs.org/@img%2fsharp-libvips-linux-x64 438ms (cache miss)
2171 silly packumentCache full:https://registry.npmjs.org/@img%2fsharp-libvips-linux-x64 set size:undefined disposed:false
2172 silly fetch manifest @img/sharp-win32-arm64@0.34.5
2173 silly packumentCache full:https://registry.npmjs.org/@img%2fsharp-win32-arm64 cache-miss
2174 http fetch GET 200 https://registry.npmjs.org/@img%2fsharp-linux-ppc64 379ms (cache miss)
2175 silly packumentCache full:https://registry.npmjs.org/@img%2fsharp-linux-ppc64 set size:undefined disposed:false
2176 silly fetch manifest @img/sharp-win32-ia32@0.34.5
2177 silly packumentCache full:https://registry.npmjs.org/@img%2fsharp-win32-ia32 cache-miss
2178 http fetch GET 200 https://registry.npmjs.org/@img%2fsharp-linux-riscv64 369ms (cache miss)
2179 silly packumentCache full:https://registry.npmjs.org/@img%2fsharp-linux-riscv64 set size:undefined disposed:false
2180 silly fetch manifest @img/sharp-win32-x64@0.34.5
2181 silly packumentCache full:https://registry.npmjs.org/@img%2fsharp-win32-x64 cache-miss
2182 http fetch GET 200 https://registry.npmjs.org/@img%2fsharp-win32-x64 38ms (cache miss)
2183 silly packumentCache full:https://registry.npmjs.org/@img%2fsharp-win32-x64 set size:undefined disposed:false
2184 silly fetch manifest client-only@0.0.1
2185 silly packumentCache full:https://registry.npmjs.org/client-only cache-miss
2186 http fetch GET 200 https://registry.npmjs.org/@img%2fsharp-linux-s390x 368ms (cache miss)
2187 silly packumentCache full:https://registry.npmjs.org/@img%2fsharp-linux-s390x set size:undefined disposed:false
2188 http fetch GET 200 https://registry.npmjs.org/client-only 29ms (cache miss)
2189 silly packumentCache full:https://registry.npmjs.org/client-only set size:undefined disposed:false
2190 http fetch GET 200 https://registry.npmjs.org/@img%2fsharp-linuxmusl-arm64 382ms (cache miss)
2191 silly packumentCache full:https://registry.npmjs.org/@img%2fsharp-linuxmusl-arm64 set size:undefined disposed:false
2192 http fetch GET 200 https://registry.npmjs.org/@img%2fsharp-linuxmusl-x64 377ms (cache miss)
2193 silly packumentCache full:https://registry.npmjs.org/@img%2fsharp-linuxmusl-x64 set size:undefined disposed:false
2194 http fetch GET 200 https://registry.npmjs.org/@img%2fsharp-wasm32 360ms (cache miss)
2195 silly packumentCache full:https://registry.npmjs.org/@img%2fsharp-wasm32 set size:undefined disposed:false
2196 http fetch GET 200 https://registry.npmjs.org/@img%2fsharp-win32-arm64 357ms (cache miss)
2197 silly packumentCache full:https://registry.npmjs.org/@img%2fsharp-win32-arm64 set size:undefined disposed:false
2198 http fetch GET 200 https://registry.npmjs.org/@img%2fsharp-win32-ia32 365ms (cache miss)
2199 silly packumentCache full:https://registry.npmjs.org/@img%2fsharp-win32-ia32 set size:undefined disposed:false
2200 silly placeDep ROOT tslib@2.8.1 OK for: @swc/helpers@0.5.15 want: ^2.8.0
2201 silly placeDep ROOT deep-is@0.1.4 OK for: optionator@0.9.4 want: ^0.1.3
2202 silly placeDep ROOT fast-levenshtein@2.0.6 OK for: optionator@0.9.4 want: ^2.0.6
2203 silly placeDep ROOT word-wrap@1.2.5 OK for: optionator@0.9.4 want: ^1.2.5
2204 silly placeDep ROOT p-limit@3.1.0 OK for: p-locate@5.0.0 want: ^3.0.2
2205 silly fetch manifest yocto-queue@^0.1.0
2206 silly packumentCache full:https://registry.npmjs.org/yocto-queue cache-miss
2207 http fetch GET 200 https://registry.npmjs.org/yocto-queue 23ms (cache miss)
2208 silly packumentCache full:https://registry.npmjs.org/yocto-queue set size:undefined disposed:false
2209 silly placeDep ROOT yocto-queue@0.1.0 OK for: p-limit@3.1.0 want: ^0.1.0
2210 silly placeDep ROOT callsites@3.1.0 OK for: parent-module@1.0.1 want: ^3.0.0
2211 silly placeDep ROOT nanoid@3.3.11 OK for: postcss@8.5.6 want: ^3.3.11
2212 silly placeDep ROOT @prisma/engines@5.22.0 OK for: prisma@5.22.0 want: 5.22.0
2213 silly placeDep ROOT fsevents@2.3.3 OK for: prisma@5.22.0 want: 2.3.3
2214 silly fetch manifest @prisma/debug@5.22.0
2215 silly packumentCache full:https://registry.npmjs.org/@prisma%2fdebug cache-miss
2216 silly fetch manifest @prisma/fetch-engine@5.22.0
2217 silly packumentCache full:https://registry.npmjs.org/@prisma%2ffetch-engine cache-miss
2218 silly fetch manifest @prisma/get-platform@5.22.0
2219 silly packumentCache full:https://registry.npmjs.org/@prisma%2fget-platform cache-miss
2220 silly fetch manifest @prisma/engines-version@5.22.0-44.605197351a3c8bdd595af2d2a9bc3025bca48ea2
2221 silly packumentCache full:https://registry.npmjs.org/@prisma%2fengines-version cache-miss
2222 http fetch GET 200 https://registry.npmjs.org/@prisma%2fget-platform 503ms (cache miss)
2223 silly packumentCache full:https://registry.npmjs.org/@prisma%2fget-platform set size:undefined disposed:false
2224 http fetch GET 200 https://registry.npmjs.org/@prisma%2fdebug 619ms (cache miss)
2225 silly packumentCache full:https://registry.npmjs.org/@prisma%2fdebug set size:undefined disposed:false
2226 http fetch GET 200 https://registry.npmjs.org/@prisma%2fengines-version 875ms (cache miss)
2227 silly packumentCache full:https://registry.npmjs.org/@prisma%2fengines-version set size:undefined disposed:false
2228 http fetch GET 200 https://registry.npmjs.org/@prisma%2ffetch-engine 1233ms (cache miss)
2229 silly packumentCache full:https://registry.npmjs.org/@prisma%2ffetch-engine set size:undefined disposed:false
2230 silly placeDep ROOT @prisma/debug@5.22.0 OK for: @prisma/engines@5.22.0 want: 5.22.0
2231 silly placeDep ROOT @prisma/engines-version@5.22.0-44.605197351a3c8bdd595af2d2a9bc3025bca48ea2 OK for: @prisma/engines@5.22.0 want: 5.22.0-44.605197351a3c8bdd595af2d2a9bc3025bca48ea2
2232 silly placeDep ROOT @prisma/fetch-engine@5.22.0 OK for: @prisma/engines@5.22.0 want: 5.22.0
2233 silly placeDep ROOT @prisma/get-platform@5.22.0 OK for: @prisma/engines@5.22.0 want: 5.22.0
2234 silly placeDep ROOT loose-envify@1.4.0 OK for: prop-types@15.8.1 want: ^1.4.0
2235 silly placeDep ROOT object-assign@4.1.1 OK for: prop-types@15.8.1 want: ^4.1.1
2236 silly placeDep ROOT react-is@16.13.1 OK for: prop-types@15.8.1 want: ^16.13.1
2237 silly placeDep ROOT scheduler@0.27.0 OK for: react-dom@19.2.0 want: ^0.27.0
2238 silly placeDep ROOT path-parse@1.0.7 OK for: resolve@1.22.11 want: ^1.0.7
2239 silly placeDep ROOT supports-preserve-symlinks-flag@1.0.0 OK for: resolve@1.22.11 want: ^1.0.0
2240 silly placeDep ROOT queue-microtask@1.2.3 OK for: run-parallel@1.2.0 want: ^1.2.2
2241 silly placeDep ROOT isarray@2.0.5 OK for: safe-array-concat@1.1.3 want: ^2.0.5
2242 silly placeDep ROOT @img/colour@1.0.0 OK for: sharp@0.34.5 want: ^1.0.0
2243 silly placeDep ROOT @img/sharp-darwin-arm64@0.34.5 OK for: sharp@0.34.5 want: 0.34.5
2244 silly placeDep ROOT @img/sharp-darwin-x64@0.34.5 OK for: sharp@0.34.5 want: 0.34.5
2245 silly placeDep ROOT @img/sharp-libvips-darwin-arm64@1.2.4 OK for: sharp@0.34.5 want: 1.2.4
2246 silly placeDep ROOT @img/sharp-libvips-darwin-x64@1.2.4 OK for: sharp@0.34.5 want: 1.2.4
2247 silly placeDep ROOT @img/sharp-libvips-linux-arm@1.2.4 OK for: sharp@0.34.5 want: 1.2.4
2248 silly placeDep ROOT @img/sharp-libvips-linux-arm64@1.2.4 OK for: sharp@0.34.5 want: 1.2.4
2249 silly placeDep ROOT @img/sharp-libvips-linux-ppc64@1.2.4 OK for: sharp@0.34.5 want: 1.2.4
2250 silly placeDep ROOT @img/sharp-libvips-linux-riscv64@1.2.4 OK for: sharp@0.34.5 want: 1.2.4
2251 silly placeDep ROOT @img/sharp-libvips-linux-s390x@1.2.4 OK for: sharp@0.34.5 want: 1.2.4
2252 silly placeDep ROOT @img/sharp-libvips-linux-x64@1.2.4 OK for: sharp@0.34.5 want: 1.2.4
2253 silly placeDep ROOT @img/sharp-libvips-linuxmusl-arm64@1.2.4 OK for: sharp@0.34.5 want: 1.2.4
2254 silly placeDep ROOT @img/sharp-libvips-linuxmusl-x64@1.2.4 OK for: sharp@0.34.5 want: 1.2.4
2255 silly placeDep ROOT @img/sharp-linux-arm@0.34.5 OK for: sharp@0.34.5 want: 0.34.5
2256 silly placeDep ROOT @img/sharp-linux-arm64@0.34.5 OK for: sharp@0.34.5 want: 0.34.5
2257 silly placeDep ROOT @img/sharp-linux-ppc64@0.34.5 OK for: sharp@0.34.5 want: 0.34.5
2258 silly placeDep ROOT @img/sharp-linux-riscv64@0.34.5 OK for: sharp@0.34.5 want: 0.34.5
2259 silly placeDep ROOT @img/sharp-linux-s390x@0.34.5 OK for: sharp@0.34.5 want: 0.34.5
2260 silly placeDep ROOT @img/sharp-linux-x64@0.34.5 OK for: sharp@0.34.5 want: 0.34.5
2261 silly placeDep ROOT @img/sharp-linuxmusl-arm64@0.34.5 OK for: sharp@0.34.5 want: 0.34.5
2262 silly placeDep ROOT @img/sharp-linuxmusl-x64@0.34.5 OK for: sharp@0.34.5 want: 0.34.5
2263 silly placeDep ROOT @img/sharp-wasm32@0.34.5 OK for: sharp@0.34.5 want: 0.34.5
2264 silly placeDep ROOT @img/sharp-win32-arm64@0.34.5 OK for: sharp@0.34.5 want: 0.34.5
2265 silly placeDep ROOT @img/sharp-win32-ia32@0.34.5 OK for: sharp@0.34.5 want: 0.34.5
2266 silly placeDep ROOT @img/sharp-win32-x64@0.34.5 OK for: sharp@0.34.5 want: 0.34.5
2267 silly placeDep node_modules/sharp semver@7.7.3 OK for: sharp@0.34.5 want: ^7.7.3
2268 silly fetch manifest @emnapi/runtime@^1.7.0
2269 silly packumentCache full:https://registry.npmjs.org/@emnapi%2fruntime cache-miss
2270 http fetch GET 200 https://registry.npmjs.org/@emnapi%2fruntime 43ms (cache miss)
2271 silly packumentCache full:https://registry.npmjs.org/@emnapi%2fruntime set size:undefined disposed:false
2272 silly placeDep ROOT @emnapi/runtime@1.7.1 OK for: @img/sharp-wasm32@0.34.5 want: ^1.7.0
2273 silly placeDep ROOT shebang-regex@3.0.0 OK for: shebang-command@2.0.0 want: ^3.0.0
2274 silly placeDep ROOT side-channel-list@1.0.0 OK for: side-channel@1.1.0 want: ^1.0.0
2275 silly placeDep ROOT side-channel-map@1.0.1 OK for: side-channel@1.1.0 want: ^1.0.1
2276 silly placeDep ROOT side-channel-weakmap@1.0.2 OK for: side-channel@1.1.0 want: ^1.0.2
2277 silly placeDep ROOT client-only@0.0.1 OK for: styled-jsx@5.1.6 want: 0.0.1
2278 silly placeDep ROOT has-flag@4.0.0 OK for: supports-color@7.2.0 want: ^4.0.0
2279 silly placeDep node_modules/tinyglobby fdir@6.5.0 OK for: tinyglobby@0.2.15 want: ^6.5.0
2280 silly placeDep node_modules/tinyglobby picomatch@4.0.3 OK for: fdir@6.5.0 want: ^3 || ^4
2281 silly placeDep ROOT is-number@7.0.0 OK for: to-regex-range@5.0.1 want: ^7.0.0
2282 silly placeDep ROOT @types/json5@0.0.29 OK for: tsconfig-paths@3.15.0 want: ^0.0.29
2283 silly placeDep node_modules/tsconfig-paths json5@1.0.2 OK for: tsconfig-paths@3.15.0 want: ^1.0.2
2284 silly placeDep ROOT minimist@1.2.8 OK for: tsconfig-paths@3.15.0 want: ^1.2.6
2285 silly placeDep ROOT strip-bom@3.0.0 OK for: tsconfig-paths@3.15.0 want: ^3.0.0
2286 silly fetch manifest minimist@^1.2.0
2287 silly packumentCache full:https://registry.npmjs.org/minimist cache-miss
2288 http fetch GET 200 https://registry.npmjs.org/minimist 1ms (cache hit)
2289 silly packumentCache full:https://registry.npmjs.org/minimist set size:77082 disposed:false
2290 silly placeDep ROOT esbuild@0.25.12 OK for: tsx@4.20.6 want: ~0.25.0
2291 silly fetch manifest @esbuild/aix-ppc64@0.25.12
2292 silly packumentCache full:https://registry.npmjs.org/@esbuild%2faix-ppc64 cache-miss
2293 silly fetch manifest @esbuild/linux-arm@0.25.12
2294 silly packumentCache full:https://registry.npmjs.org/@esbuild%2flinux-arm cache-miss
2295 silly fetch manifest @esbuild/linux-x64@0.25.12
2296 silly packumentCache full:https://registry.npmjs.org/@esbuild%2flinux-x64 cache-miss
2297 silly fetch manifest @esbuild/sunos-x64@0.25.12
2298 silly packumentCache full:https://registry.npmjs.org/@esbuild%2fsunos-x64 cache-miss
2299 silly fetch manifest @esbuild/win32-x64@0.25.12
2300 silly packumentCache full:https://registry.npmjs.org/@esbuild%2fwin32-x64 cache-miss
2301 silly fetch manifest @esbuild/darwin-x64@0.25.12
2302 silly packumentCache full:https://registry.npmjs.org/@esbuild%2fdarwin-x64 cache-miss
2303 silly fetch manifest @esbuild/linux-ia32@0.25.12
2304 silly packumentCache full:https://registry.npmjs.org/@esbuild%2flinux-ia32 cache-miss
2305 http fetch GET 200 https://registry.npmjs.org/@esbuild%2faix-ppc64 3ms (cache hit)
2306 silly packumentCache full:https://registry.npmjs.org/@esbuild%2faix-ppc64 set size:51056 disposed:false
2307 silly fetch manifest @esbuild/netbsd-x64@0.25.12
2308 silly packumentCache full:https://registry.npmjs.org/@esbuild%2fnetbsd-x64 cache-miss
2309 http fetch GET 200 https://registry.npmjs.org/@esbuild%2flinux-arm 4ms (cache hit)
2310 silly packumentCache full:https://registry.npmjs.org/@esbuild%2flinux-arm set size:181984 disposed:false
2311 silly fetch manifest @esbuild/win32-ia32@0.25.12
2312 silly packumentCache full:https://registry.npmjs.org/@esbuild%2fwin32-ia32 cache-miss
2313 http fetch GET 200 https://registry.npmjs.org/@esbuild%2flinux-x64 5ms (cache hit)
2314 silly packumentCache full:https://registry.npmjs.org/@esbuild%2flinux-x64 set size:182307 disposed:false
2315 silly fetch manifest @esbuild/android-arm@0.25.12
2316 silly packumentCache full:https://registry.npmjs.org/@esbuild%2fandroid-arm cache-miss
2317 http fetch GET 200 https://registry.npmjs.org/@esbuild%2fsunos-x64 5ms (cache hit)
2318 silly packumentCache full:https://registry.npmjs.org/@esbuild%2fsunos-x64 set size:182527 disposed:false
2319 silly fetch manifest @esbuild/android-x64@0.25.12
2320 silly packumentCache full:https://registry.npmjs.org/@esbuild%2fandroid-x64 cache-miss
2321 http fetch GET 200 https://registry.npmjs.org/@esbuild%2flinux-ia32 5ms (cache hit)
2322 silly packumentCache full:https://registry.npmjs.org/@esbuild%2flinux-ia32 set size:182913 disposed:false
2323 silly fetch manifest @esbuild/freebsd-x64@0.25.12
2324 silly packumentCache full:https://registry.npmjs.org/@esbuild%2ffreebsd-x64 cache-miss
2325 http fetch GET 200 https://registry.npmjs.org/@esbuild%2fwin32-x64 7ms (cache hit)
2326 silly packumentCache full:https://registry.npmjs.org/@esbuild%2fwin32-x64 set size:182530 disposed:false
2327 silly fetch manifest @esbuild/linux-arm64@0.25.12
2328 silly packumentCache full:https://registry.npmjs.org/@esbuild%2flinux-arm64 cache-miss
2329 http fetch GET 200 https://registry.npmjs.org/@esbuild%2fdarwin-x64 8ms (cache hit)
2330 silly packumentCache full:https://registry.npmjs.org/@esbuild%2fdarwin-x64 set size:182962 disposed:false
2331 silly fetch manifest @esbuild/linux-ppc64@0.25.12
2332 silly packumentCache full:https://registry.npmjs.org/@esbuild%2flinux-ppc64 cache-miss
2333 http fetch GET 200 https://registry.npmjs.org/@esbuild%2fwin32-ia32 8ms (cache hit)
2334 silly packumentCache full:https://registry.npmjs.org/@esbuild%2fwin32-ia32 set size:183125 disposed:false
2335 silly fetch manifest @esbuild/linux-s390x@0.25.12
2336 silly packumentCache full:https://registry.npmjs.org/@esbuild%2flinux-s390x cache-miss
2337 http fetch GET 200 https://registry.npmjs.org/@esbuild%2fandroid-arm 7ms (cache hit)
2338 silly packumentCache full:https://registry.npmjs.org/@esbuild%2fandroid-arm set size:208555 disposed:false
2339 silly fetch manifest @esbuild/openbsd-x64@0.25.12
2340 silly packumentCache full:https://registry.npmjs.org/@esbuild%2fopenbsd-x64 cache-miss
2341 http fetch GET 200 https://registry.npmjs.org/@esbuild%2fandroid-x64 7ms (cache hit)
2342 silly packumentCache full:https://registry.npmjs.org/@esbuild%2fandroid-x64 set size:182358 disposed:false
2343 silly fetch manifest @esbuild/win32-arm64@0.25.12
2344 silly packumentCache full:https://registry.npmjs.org/@esbuild%2fwin32-arm64 cache-miss
2345 http fetch GET 200 https://registry.npmjs.org/@esbuild%2ffreebsd-x64 7ms (cache hit)
2346 silly packumentCache full:https://registry.npmjs.org/@esbuild%2ffreebsd-x64 set size:183768 disposed:false
2347 silly fetch manifest @esbuild/darwin-arm64@0.25.12
2348 silly packumentCache full:https://registry.npmjs.org/@esbuild%2fdarwin-arm64 cache-miss
2349 http fetch GET 200 https://registry.npmjs.org/@esbuild%2fnetbsd-x64 12ms (cache hit)
2350 silly packumentCache full:https://registry.npmjs.org/@esbuild%2fnetbsd-x64 set size:180836 disposed:false
2351 silly fetch manifest @esbuild/netbsd-arm64@0.25.12
2352 silly packumentCache full:https://registry.npmjs.org/@esbuild%2fnetbsd-arm64 cache-miss
2353 http fetch GET 200 https://registry.npmjs.org/@esbuild%2flinux-arm64 11ms (cache hit)
2354 silly packumentCache full:https://registry.npmjs.org/@esbuild%2flinux-arm64 set size:183952 disposed:false
2355 silly fetch manifest @esbuild/android-arm64@0.25.12
2356 silly packumentCache full:https://registry.npmjs.org/@esbuild%2fandroid-arm64 cache-miss
2357 http fetch GET 200 https://registry.npmjs.org/@esbuild%2flinux-ppc64 11ms (cache hit)
2358 silly packumentCache full:https://registry.npmjs.org/@esbuild%2flinux-ppc64 set size:185846 disposed:false
2359 silly fetch manifest @esbuild/freebsd-arm64@0.25.12
2360 silly packumentCache full:https://registry.npmjs.org/@esbuild%2ffreebsd-arm64 cache-miss
2361 http fetch GET 200 https://registry.npmjs.org/@esbuild%2flinux-s390x 10ms (cache hit)
2362 silly packumentCache full:https://registry.npmjs.org/@esbuild%2flinux-s390x set size:185358 disposed:false
2363 silly fetch manifest @esbuild/linux-loong64@0.25.12
2364 silly packumentCache full:https://registry.npmjs.org/@esbuild%2flinux-loong64 cache-miss
2365 http fetch GET 200 https://registry.npmjs.org/@esbuild%2fdarwin-arm64 8ms (cache hit)
2366 silly packumentCache full:https://registry.npmjs.org/@esbuild%2fdarwin-arm64 set size:184580 disposed:false
2367 silly fetch manifest @esbuild/linux-riscv64@0.25.12
2368 silly packumentCache full:https://registry.npmjs.org/@esbuild%2flinux-riscv64 cache-miss
2369 http fetch GET 200 https://registry.npmjs.org/@esbuild%2fwin32-arm64 10ms (cache hit)
2370 silly packumentCache full:https://registry.npmjs.org/@esbuild%2fwin32-arm64 set size:184167 disposed:false
2371 silly fetch manifest @esbuild/openbsd-arm64@0.25.12
2372 silly packumentCache full:https://registry.npmjs.org/@esbuild%2fopenbsd-arm64 cache-miss
2373 http fetch GET 200 https://registry.npmjs.org/@esbuild%2fopenbsd-x64 11ms (cache hit)
2374 silly packumentCache full:https://registry.npmjs.org/@esbuild%2fopenbsd-x64 set size:183771 disposed:false
2375 silly fetch manifest @esbuild/linux-mips64el@0.25.12
2376 silly packumentCache full:https://registry.npmjs.org/@esbuild%2flinux-mips64el cache-miss
2377 http fetch GET 200 https://registry.npmjs.org/@esbuild%2fandroid-arm64 7ms (cache hit)
2378 silly packumentCache full:https://registry.npmjs.org/@esbuild%2fandroid-arm64 set size:187235 disposed:false
2379 silly fetch manifest @esbuild/openharmony-arm64@0.25.12
2380 silly packumentCache full:https://registry.npmjs.org/@esbuild%2fopenharmony-arm64 cache-miss
2381 http fetch GET 200 https://registry.npmjs.org/@esbuild%2ffreebsd-arm64 7ms (cache hit)
2382 silly packumentCache full:https://registry.npmjs.org/@esbuild%2ffreebsd-arm64 set size:185403 disposed:false
2383 http fetch GET 200 https://registry.npmjs.org/@esbuild%2flinux-riscv64 5ms (cache hit)
2384 silly packumentCache full:https://registry.npmjs.org/@esbuild%2flinux-riscv64 set size:185523 disposed:false
2385 http fetch GET 200 https://registry.npmjs.org/@esbuild%2fopenbsd-arm64 5ms (cache hit)
2386 silly packumentCache full:https://registry.npmjs.org/@esbuild%2fopenbsd-arm64 set size:32662 disposed:false
2387 http fetch GET 200 https://registry.npmjs.org/@esbuild%2flinux-loong64 6ms (cache hit)
2388 silly packumentCache full:https://registry.npmjs.org/@esbuild%2flinux-loong64 set size:238725 disposed:false
2389 http fetch GET 200 https://registry.npmjs.org/@esbuild%2flinux-mips64el 7ms (cache hit)
2390 silly packumentCache full:https://registry.npmjs.org/@esbuild%2flinux-mips64el set size:187453 disposed:false
2391 http fetch GET 200 https://registry.npmjs.org/@esbuild%2fnetbsd-arm64 44ms (cache revalidated)
2392 silly packumentCache full:https://registry.npmjs.org/@esbuild%2fnetbsd-arm64 set size:27408 disposed:false
2393 http fetch GET 200 https://registry.npmjs.org/@esbuild%2fopenharmony-arm64 37ms (cache revalidated)
2394 silly packumentCache full:https://registry.npmjs.org/@esbuild%2fopenharmony-arm64 set size:15916 disposed:false
2395 silly placeDep ROOT @esbuild/aix-ppc64@0.25.12 OK for: esbuild@0.25.12 want: 0.25.12
2396 silly placeDep ROOT @esbuild/android-arm@0.25.12 OK for: esbuild@0.25.12 want: 0.25.12
2397 silly placeDep ROOT @esbuild/android-arm64@0.25.12 OK for: esbuild@0.25.12 want: 0.25.12
2398 silly placeDep ROOT @esbuild/android-x64@0.25.12 OK for: esbuild@0.25.12 want: 0.25.12
2399 silly placeDep ROOT @esbuild/darwin-arm64@0.25.12 OK for: esbuild@0.25.12 want: 0.25.12
2400 silly placeDep ROOT @esbuild/darwin-x64@0.25.12 OK for: esbuild@0.25.12 want: 0.25.12
2401 silly placeDep ROOT @esbuild/freebsd-arm64@0.25.12 OK for: esbuild@0.25.12 want: 0.25.12
2402 silly placeDep ROOT @esbuild/freebsd-x64@0.25.12 OK for: esbuild@0.25.12 want: 0.25.12
2403 silly placeDep ROOT @esbuild/linux-arm@0.25.12 OK for: esbuild@0.25.12 want: 0.25.12
2404 silly placeDep ROOT @esbuild/linux-arm64@0.25.12 OK for: esbuild@0.25.12 want: 0.25.12
2405 silly placeDep ROOT @esbuild/linux-ia32@0.25.12 OK for: esbuild@0.25.12 want: 0.25.12
2406 silly placeDep ROOT @esbuild/linux-loong64@0.25.12 OK for: esbuild@0.25.12 want: 0.25.12
2407 silly placeDep ROOT @esbuild/linux-mips64el@0.25.12 OK for: esbuild@0.25.12 want: 0.25.12
2408 silly placeDep ROOT @esbuild/linux-ppc64@0.25.12 OK for: esbuild@0.25.12 want: 0.25.12
2409 silly placeDep ROOT @esbuild/linux-riscv64@0.25.12 OK for: esbuild@0.25.12 want: 0.25.12
2410 silly placeDep ROOT @esbuild/linux-s390x@0.25.12 OK for: esbuild@0.25.12 want: 0.25.12
2411 silly placeDep ROOT @esbuild/linux-x64@0.25.12 OK for: esbuild@0.25.12 want: 0.25.12
2412 silly placeDep ROOT @esbuild/netbsd-arm64@0.25.12 OK for: esbuild@0.25.12 want: 0.25.12
2413 silly placeDep ROOT @esbuild/netbsd-x64@0.25.12 OK for: esbuild@0.25.12 want: 0.25.12
2414 silly placeDep ROOT @esbuild/openbsd-arm64@0.25.12 OK for: esbuild@0.25.12 want: 0.25.12
2415 silly placeDep ROOT @esbuild/openbsd-x64@0.25.12 OK for: esbuild@0.25.12 want: 0.25.12
2416 silly placeDep ROOT @esbuild/openharmony-arm64@0.25.12 OK for: esbuild@0.25.12 want: 0.25.12
2417 silly placeDep ROOT @esbuild/sunos-x64@0.25.12 OK for: esbuild@0.25.12 want: 0.25.12
2418 silly placeDep ROOT @esbuild/win32-arm64@0.25.12 OK for: esbuild@0.25.12 want: 0.25.12
2419 silly placeDep ROOT @esbuild/win32-ia32@0.25.12 OK for: esbuild@0.25.12 want: 0.25.12
2420 silly placeDep ROOT @esbuild/win32-x64@0.25.12 OK for: esbuild@0.25.12 want: 0.25.12
2421 silly placeDep ROOT for-each@0.3.5 OK for: typed-array-byte-length@1.0.3 want: ^0.3.3
2422 silly placeDep ROOT reflect.getprototypeof@1.0.10 OK for: typed-array-byte-offset@1.0.4 want: ^1.0.9
2423 silly fetch manifest which-builtin-type@^1.2.1
2424 silly packumentCache full:https://registry.npmjs.org/which-builtin-type cache-miss
2425 http fetch GET 200 https://registry.npmjs.org/which-builtin-type 26ms (cache miss)
2426 silly packumentCache full:https://registry.npmjs.org/which-builtin-type set size:undefined disposed:false
2427 silly placeDep ROOT which-builtin-type@1.2.1 OK for: reflect.getprototypeof@1.0.10 want: ^1.2.1
2428 silly fetch manifest is-async-function@^2.0.0
2429 silly packumentCache full:https://registry.npmjs.org/is-async-function cache-miss
2430 silly fetch manifest is-finalizationregistry@^1.1.0
2431 silly packumentCache full:https://registry.npmjs.org/is-finalizationregistry cache-miss
2432 silly fetch manifest is-generator-function@^1.0.10
2433 silly packumentCache full:https://registry.npmjs.org/is-generator-function cache-miss
2434 silly fetch manifest which-boxed-primitive@^1.1.0
2435 silly packumentCache full:https://registry.npmjs.org/which-boxed-primitive cache-miss
2436 silly fetch manifest which-collection@^1.0.2
2437 silly packumentCache full:https://registry.npmjs.org/which-collection cache-miss
2438 http fetch GET 200 https://registry.npmjs.org/which-boxed-primitive 3ms (cache hit)
2439 silly packumentCache full:https://registry.npmjs.org/which-boxed-primitive set size:19407 disposed:false
2440 http fetch GET 200 https://registry.npmjs.org/which-collection 29ms (cache miss)
2441 silly packumentCache full:https://registry.npmjs.org/which-collection set size:undefined disposed:false
2442 http fetch GET 200 https://registry.npmjs.org/is-finalizationregistry 30ms (cache miss)
2443 silly packumentCache full:https://registry.npmjs.org/is-finalizationregistry set size:undefined disposed:false
2444 http fetch GET 200 https://registry.npmjs.org/is-generator-function 32ms (cache miss)
2445 silly packumentCache full:https://registry.npmjs.org/is-generator-function set size:undefined disposed:false
2446 http fetch GET 200 https://registry.npmjs.org/is-async-function 33ms (cache miss)
2447 silly packumentCache full:https://registry.npmjs.org/is-async-function set size:undefined disposed:false
2448 silly fetch manifest eslint@^8.57.0 || ^9.0.0
2449 silly packumentCache full:https://registry.npmjs.org/eslint cache-miss
2450 http fetch GET 200 https://registry.npmjs.org/eslint 3ms (cache hit)
2451 silly packumentCache full:https://registry.npmjs.org/eslint set size:1859273 disposed:false
2452 silly fetch manifest typescript@>=4.8.4 <6.0.0
2453 silly packumentCache full:https://registry.npmjs.org/typescript cache-miss
2454 http fetch GET 200 https://registry.npmjs.org/typescript 13ms (cache hit)
2455 silly packumentCache full:https://registry.npmjs.org/typescript set size:14915330 disposed:false
2456 silly placeDep ROOT @typescript-eslint/eslint-plugin@8.47.0 OK for: typescript-eslint@8.47.0 want: 8.47.0
2457 silly placeDep ROOT @typescript-eslint/parser@8.47.0 OK for: @typescript-eslint/eslint-plugin@8.47.0 want: ^8.47.0
2458 silly placeDep ROOT @typescript-eslint/typescript-estree@8.47.0 OK for: typescript-eslint@8.47.0 want: 8.47.0
2459 silly placeDep ROOT @typescript-eslint/utils@8.47.0 OK for: typescript-eslint@8.47.0 want: 8.47.0
2460 silly fetch manifest ignore@^7.0.0
2461 silly packumentCache full:https://registry.npmjs.org/ignore cache-miss
2462 silly fetch manifest graphemer@^1.4.0
2463 silly packumentCache full:https://registry.npmjs.org/graphemer cache-miss
2464 silly fetch manifest ts-api-utils@^2.1.0
2465 silly packumentCache full:https://registry.npmjs.org/ts-api-utils cache-miss
2466 silly fetch manifest @typescript-eslint/type-utils@8.47.0
2467 silly packumentCache full:https://registry.npmjs.org/@typescript-eslint%2ftype-utils cache-miss
2468 silly fetch manifest @typescript-eslint/visitor-keys@8.47.0
2469 silly packumentCache full:https://registry.npmjs.org/@typescript-eslint%2fvisitor-keys cache-miss
2470 silly fetch manifest @typescript-eslint/scope-manager@8.47.0
2471 silly packumentCache full:https://registry.npmjs.org/@typescript-eslint%2fscope-manager cache-miss
2472 silly fetch manifest @typescript-eslint/types@8.47.0
2473 silly packumentCache full:https://registry.npmjs.org/@typescript-eslint%2ftypes cache-miss
2474 http fetch GET 200 https://registry.npmjs.org/ignore 7ms (cache hit)
2475 silly packumentCache full:https://registry.npmjs.org/ignore set size:237380 disposed:false
2476 silly fetch manifest @typescript-eslint/visitor-keys@8.47.0
2477 silly packumentCache full:https://registry.npmjs.org/@typescript-eslint%2fvisitor-keys cache-miss
2478 http fetch GET 200 https://registry.npmjs.org/graphemer 32ms (cache miss)
2479 silly packumentCache full:https://registry.npmjs.org/graphemer set size:undefined disposed:false
2480 silly fetch manifest @typescript-eslint/scope-manager@8.47.0
2481 silly packumentCache full:https://registry.npmjs.org/@typescript-eslint%2fscope-manager cache-miss
2482 http fetch GET 200 https://registry.npmjs.org/ts-api-utils 33ms (cache miss)
2483 silly packumentCache full:https://registry.npmjs.org/ts-api-utils set size:undefined disposed:false
2484 silly fetch manifest semver@^7.6.0
2485 silly packumentCache full:https://registry.npmjs.org/semver cache-hit
2486 silly fetch manifest fast-glob@^3.3.2
2487 silly packumentCache full:https://registry.npmjs.org/fast-glob cache-miss
2488 http fetch GET 200 https://registry.npmjs.org/fast-glob 2ms (cache hit)
2489 silly packumentCache full:https://registry.npmjs.org/fast-glob set size:220556 disposed:false
2490 silly fetch manifest minimatch@^9.0.4
2491 silly packumentCache full:https://registry.npmjs.org/minimatch cache-miss
2492 http fetch GET 200 https://registry.npmjs.org/minimatch 1ms (cache hit)
2493 silly packumentCache full:https://registry.npmjs.org/minimatch set size:303959 disposed:false
2494 silly fetch manifest @typescript-eslint/types@8.47.0
2495 silly packumentCache full:https://registry.npmjs.org/@typescript-eslint%2ftypes cache-miss
2496 http fetch GET 200 https://registry.npmjs.org/@typescript-eslint%2ftype-utils 300ms (cache miss)
2497 silly packumentCache full:https://registry.npmjs.org/@typescript-eslint%2ftype-utils set size:undefined disposed:false
2498 silly fetch manifest @typescript-eslint/visitor-keys@8.47.0
2499 silly packumentCache full:https://registry.npmjs.org/@typescript-eslint%2fvisitor-keys cache-miss
2500 http fetch GET 200 https://registry.npmjs.org/@typescript-eslint%2fvisitor-keys 330ms (cache miss)
2501 silly packumentCache full:https://registry.npmjs.org/@typescript-eslint%2fvisitor-keys set size:undefined disposed:false
2502 silly fetch manifest @typescript-eslint/tsconfig-utils@8.47.0
2503 silly packumentCache full:https://registry.npmjs.org/@typescript-eslint%2ftsconfig-utils cache-miss
2504 http fetch GET 200 https://registry.npmjs.org/@typescript-eslint%2fscope-manager 381ms (cache miss)
2505 silly packumentCache full:https://registry.npmjs.org/@typescript-eslint%2fscope-manager set size:undefined disposed:false
2506 silly fetch manifest @typescript-eslint/project-service@8.47.0
2507 silly packumentCache full:https://registry.npmjs.org/@typescript-eslint%2fproject-service cache-miss
2508 http fetch GET 200 https://registry.npmjs.org/@typescript-eslint%2ftypes 428ms (cache miss)
2509 silly packumentCache full:https://registry.npmjs.org/@typescript-eslint%2ftypes set size:undefined disposed:false
2510 http fetch GET 200 https://registry.npmjs.org/@typescript-eslint%2ftsconfig-utils 101ms (cache miss)
2511 silly packumentCache full:https://registry.npmjs.org/@typescript-eslint%2ftsconfig-utils set size:undefined disposed:false
2512 http fetch GET 200 https://registry.npmjs.org/@typescript-eslint%2fproject-service 52ms (cache miss)
2513 silly packumentCache full:https://registry.npmjs.org/@typescript-eslint%2fproject-service set size:undefined disposed:false
2514 http fetch GET 200 https://registry.npmjs.org/@typescript-eslint%2fvisitor-keys 476ms (cache miss)
2515 silly packumentCache full:https://registry.npmjs.org/@typescript-eslint%2fvisitor-keys set size:undefined disposed:false
2516 http fetch GET 200 https://registry.npmjs.org/@typescript-eslint%2ftypes 489ms (cache miss)
2517 silly packumentCache full:https://registry.npmjs.org/@typescript-eslint%2ftypes set size:undefined disposed:false
2518 http fetch GET 200 https://registry.npmjs.org/@typescript-eslint%2fscope-manager 548ms (cache miss)
2519 silly packumentCache full:https://registry.npmjs.org/@typescript-eslint%2fscope-manager set size:undefined disposed:false
2520 http fetch GET 200 https://registry.npmjs.org/@typescript-eslint%2fvisitor-keys 339ms (cache miss)
2521 silly packumentCache full:https://registry.npmjs.org/@typescript-eslint%2fvisitor-keys set size:undefined disposed:false
2522 silly placeDep ROOT @typescript-eslint/scope-manager@8.47.0 OK for: @typescript-eslint/eslint-plugin@8.47.0 want: 8.47.0
2523 silly placeDep ROOT @typescript-eslint/type-utils@8.47.0 OK for: @typescript-eslint/eslint-plugin@8.47.0 want: 8.47.0
2524 silly placeDep ROOT @typescript-eslint/visitor-keys@8.47.0 OK for: @typescript-eslint/eslint-plugin@8.47.0 want: 8.47.0
2525 silly placeDep ROOT graphemer@1.4.0 OK for: @typescript-eslint/eslint-plugin@8.47.0 want: ^1.4.0
2526 silly placeDep node_modules/@typescript-eslint/eslint-plugin ignore@7.0.5 OK for: @typescript-eslint/eslint-plugin@8.47.0 want: ^7.0.0
2527 silly placeDep ROOT ts-api-utils@2.1.0 OK for: @typescript-eslint/eslint-plugin@8.47.0 want: ^2.1.0
2528 silly placeDep ROOT @typescript-eslint/types@8.47.0 OK for: @typescript-eslint/parser@8.47.0 want: 8.47.0
2529 silly placeDep ROOT @typescript-eslint/project-service@8.47.0 OK for: @typescript-eslint/typescript-estree@8.47.0 want: 8.47.0
2530 silly placeDep ROOT @typescript-eslint/tsconfig-utils@8.47.0 OK for: @typescript-eslint/typescript-estree@8.47.0 want: 8.47.0
2531 silly placeDep node_modules/@typescript-eslint/typescript-estree fast-glob@3.3.3 OK for: @typescript-eslint/typescript-estree@8.47.0 want: ^3.3.2
2532 silly placeDep node_modules/@typescript-eslint/typescript-estree minimatch@9.0.5 OK for: @typescript-eslint/typescript-estree@8.47.0 want: ^9.0.4
2533 silly placeDep node_modules/@typescript-eslint/typescript-estree semver@7.7.3 OK for: @typescript-eslint/typescript-estree@8.47.0 want: ^7.6.0
2534 silly fetch manifest @typescript-eslint/tsconfig-utils@^8.47.0
2535 silly packumentCache full:https://registry.npmjs.org/@typescript-eslint%2ftsconfig-utils cache-miss
2536 silly fetch manifest brace-expansion@^2.0.1
2537 silly packumentCache full:https://registry.npmjs.org/brace-expansion cache-miss
2538 http fetch GET 200 https://registry.npmjs.org/@typescript-eslint%2ftsconfig-utils 2ms (cache hit)
2539 silly packumentCache full:https://registry.npmjs.org/@typescript-eslint%2ftsconfig-utils set size:555493 disposed:false
2540 http fetch GET 200 https://registry.npmjs.org/brace-expansion 3ms (cache hit)
2541 silly packumentCache full:https://registry.npmjs.org/brace-expansion set size:46250 disposed:false
2542 silly placeDep ROOT has-bigints@1.1.0 OK for: unbox-primitive@1.1.0 want: ^1.0.2
2543 silly placeDep ROOT which-boxed-primitive@1.1.1 OK for: unbox-primitive@1.1.0 want: ^1.1.1
2544 silly fetch manifest is-bigint@^1.1.0
2545 silly packumentCache full:https://registry.npmjs.org/is-bigint cache-miss
2546 silly fetch manifest is-boolean-object@^1.2.1
2547 silly packumentCache full:https://registry.npmjs.org/is-boolean-object cache-miss
2548 silly fetch manifest is-number-object@^1.1.1
2549 silly packumentCache full:https://registry.npmjs.org/is-number-object cache-miss
2550 http fetch GET 200 https://registry.npmjs.org/is-bigint 24ms (cache miss)
2551 silly packumentCache full:https://registry.npmjs.org/is-bigint set size:undefined disposed:false
2552 http fetch GET 200 https://registry.npmjs.org/is-number-object 26ms (cache miss)
2553 silly packumentCache full:https://registry.npmjs.org/is-number-object set size:undefined disposed:false
2554 http fetch GET 200 https://registry.npmjs.org/is-boolean-object 40ms (cache miss)
2555 silly packumentCache full:https://registry.npmjs.org/is-boolean-object set size:undefined disposed:false
2556 silly placeDep ROOT @unrs/resolver-binding-android-arm-eabi@1.11.1 OK for: unrs-resolver@1.11.1 want: 1.11.1
2557 silly placeDep ROOT @unrs/resolver-binding-android-arm64@1.11.1 OK for: unrs-resolver@1.11.1 want: 1.11.1
2558 silly placeDep ROOT @unrs/resolver-binding-darwin-arm64@1.11.1 OK for: unrs-resolver@1.11.1 want: 1.11.1
2559 silly placeDep ROOT @unrs/resolver-binding-darwin-x64@1.11.1 OK for: unrs-resolver@1.11.1 want: 1.11.1
2560 silly placeDep ROOT @unrs/resolver-binding-freebsd-x64@1.11.1 OK for: unrs-resolver@1.11.1 want: 1.11.1
2561 silly placeDep ROOT @unrs/resolver-binding-linux-arm-gnueabihf@1.11.1 OK for: unrs-resolver@1.11.1 want: 1.11.1
2562 silly placeDep ROOT @unrs/resolver-binding-linux-arm-musleabihf@1.11.1 OK for: unrs-resolver@1.11.1 want: 1.11.1
2563 silly placeDep ROOT @unrs/resolver-binding-linux-arm64-gnu@1.11.1 OK for: unrs-resolver@1.11.1 want: 1.11.1
2564 silly placeDep ROOT @unrs/resolver-binding-linux-arm64-musl@1.11.1 OK for: unrs-resolver@1.11.1 want: 1.11.1
2565 silly placeDep ROOT @unrs/resolver-binding-linux-ppc64-gnu@1.11.1 OK for: unrs-resolver@1.11.1 want: 1.11.1
2566 silly placeDep ROOT @unrs/resolver-binding-linux-riscv64-gnu@1.11.1 OK for: unrs-resolver@1.11.1 want: 1.11.1
2567 silly placeDep ROOT @unrs/resolver-binding-linux-riscv64-musl@1.11.1 OK for: unrs-resolver@1.11.1 want: 1.11.1
2568 silly placeDep ROOT @unrs/resolver-binding-linux-s390x-gnu@1.11.1 OK for: unrs-resolver@1.11.1 want: 1.11.1
2569 silly placeDep ROOT @unrs/resolver-binding-linux-x64-gnu@1.11.1 OK for: unrs-resolver@1.11.1 want: 1.11.1
2570 silly placeDep ROOT @unrs/resolver-binding-linux-x64-musl@1.11.1 OK for: unrs-resolver@1.11.1 want: 1.11.1
2571 silly placeDep ROOT @unrs/resolver-binding-wasm32-wasi@1.11.1 OK for: unrs-resolver@1.11.1 want: 1.11.1
2572 silly placeDep ROOT @unrs/resolver-binding-win32-arm64-msvc@1.11.1 OK for: unrs-resolver@1.11.1 want: 1.11.1
2573 silly placeDep ROOT @unrs/resolver-binding-win32-ia32-msvc@1.11.1 OK for: unrs-resolver@1.11.1 want: 1.11.1
2574 silly placeDep ROOT @unrs/resolver-binding-win32-x64-msvc@1.11.1 OK for: unrs-resolver@1.11.1 want: 1.11.1
2575 silly placeDep ROOT napi-postinstall@0.3.4 OK for: unrs-resolver@1.11.1 want: ^0.3.0
2576 silly fetch manifest @napi-rs/wasm-runtime@^0.2.11
2577 silly packumentCache full:https://registry.npmjs.org/@napi-rs%2fwasm-runtime cache-miss
2578 http fetch GET 200 https://registry.npmjs.org/@napi-rs%2fwasm-runtime 380ms (cache miss)
2579 silly packumentCache full:https://registry.npmjs.org/@napi-rs%2fwasm-runtime set size:undefined disposed:false
2580 silly placeDep ROOT @napi-rs/wasm-runtime@0.2.12 OK for: @unrs/resolver-binding-wasm32-wasi@1.11.1 want: ^0.2.11
2581 silly fetch manifest @emnapi/core@^1.4.3
2582 silly packumentCache full:https://registry.npmjs.org/@emnapi%2fcore cache-miss
2583 silly fetch manifest @tybys/wasm-util@^0.10.0
2584 silly packumentCache full:https://registry.npmjs.org/@tybys%2fwasm-util cache-miss
2585 http fetch GET 200 https://registry.npmjs.org/@emnapi%2fcore 58ms (cache miss)
2586 silly packumentCache full:https://registry.npmjs.org/@emnapi%2fcore set size:undefined disposed:false
2587 http fetch GET 200 https://registry.npmjs.org/@tybys%2fwasm-util 479ms (cache miss)
2588 silly packumentCache full:https://registry.npmjs.org/@tybys%2fwasm-util set size:undefined disposed:false
2589 silly placeDep ROOT @emnapi/core@1.7.1 OK for: @napi-rs/wasm-runtime@0.2.12 want: ^1.4.3
2590 silly placeDep ROOT @tybys/wasm-util@0.10.1 OK for: @napi-rs/wasm-runtime@0.2.12 want: ^0.10.0
2591 silly fetch manifest @emnapi/wasi-threads@1.1.0
2592 silly packumentCache full:https://registry.npmjs.org/@emnapi%2fwasi-threads cache-miss
2593 http fetch GET 200 https://registry.npmjs.org/@emnapi%2fwasi-threads 336ms (cache miss)
2594 silly packumentCache full:https://registry.npmjs.org/@emnapi%2fwasi-threads set size:undefined disposed:false
2595 silly placeDep ROOT @emnapi/wasi-threads@1.1.0 OK for: @emnapi/core@1.7.1 want: 1.1.0
2596 silly placeDep ROOT escalade@3.2.0 OK for: update-browserslist-db@1.1.4 want: ^3.2.0
2597 silly placeDep ROOT punycode@2.3.1 OK for: uri-js@4.4.1 want: ^2.1.0
2598 silly placeDep ROOT isexe@2.0.0 OK for: which@2.0.2 want: ^2.0.0
2599 silly placeDep ROOT is-bigint@1.1.0 OK for: which-boxed-primitive@1.1.1 want: ^1.1.0
2600 silly placeDep ROOT is-boolean-object@1.2.2 OK for: which-boxed-primitive@1.1.1 want: ^1.2.1
2601 silly placeDep ROOT is-number-object@1.1.1 OK for: which-boxed-primitive@1.1.1 want: ^1.1.1
2602 silly placeDep ROOT is-async-function@2.1.1 OK for: which-builtin-type@1.2.1 want: ^2.0.0
2603 silly placeDep ROOT is-finalizationregistry@1.1.1 OK for: which-builtin-type@1.2.1 want: ^1.1.0
2604 silly placeDep ROOT is-generator-function@1.1.2 OK for: which-builtin-type@1.2.1 want: ^1.0.10
2605 silly placeDep ROOT which-collection@1.0.2 OK for: which-builtin-type@1.2.1 want: ^1.0.2
2606 silly fetch manifest async-function@^1.0.0
2607 silly packumentCache full:https://registry.npmjs.org/async-function cache-miss
2608 silly fetch manifest generator-function@^2.0.0
2609 silly packumentCache full:https://registry.npmjs.org/generator-function cache-miss
2610 silly fetch manifest is-map@^2.0.3
2611 silly packumentCache full:https://registry.npmjs.org/is-map cache-miss
2612 silly fetch manifest is-weakmap@^2.0.2
2613 silly packumentCache full:https://registry.npmjs.org/is-weakmap cache-miss
2614 silly fetch manifest is-weakset@^2.0.3
2615 silly packumentCache full:https://registry.npmjs.org/is-weakset cache-miss
2616 http fetch GET 200 https://registry.npmjs.org/is-weakmap 29ms (cache miss)
2617 silly packumentCache full:https://registry.npmjs.org/is-weakmap set size:undefined disposed:false
2618 http fetch GET 200 https://registry.npmjs.org/is-map 36ms (cache miss)
2619 silly packumentCache full:https://registry.npmjs.org/is-map set size:undefined disposed:false
2620 http fetch GET 200 https://registry.npmjs.org/generator-function 38ms (cache miss)
2621 silly packumentCache full:https://registry.npmjs.org/generator-function set size:undefined disposed:false
2622 http fetch GET 200 https://registry.npmjs.org/async-function 40ms (cache miss)
2623 silly packumentCache full:https://registry.npmjs.org/async-function set size:undefined disposed:false
2624 http fetch GET 200 https://registry.npmjs.org/is-weakset 38ms (cache miss)
2625 silly packumentCache full:https://registry.npmjs.org/is-weakset set size:undefined disposed:false
2626 silly placeDep ROOT async-function@1.0.0 OK for: is-async-function@2.1.1 want: ^1.0.0
2627 silly placeDep ROOT generator-function@2.0.1 OK for: is-generator-function@1.1.2 want: ^2.0.0
2628 silly placeDep ROOT is-map@2.0.3 OK for: which-collection@1.0.2 want: ^2.0.3
2629 silly placeDep ROOT is-weakmap@2.0.2 OK for: which-collection@1.0.2 want: ^2.0.2
2630 silly placeDep ROOT is-weakset@2.0.4 OK for: which-collection@1.0.2 want: ^2.0.3
2631 silly placeDep node_modules/@typescript-eslint/typescript-estree glob-parent@5.1.2 OK for: fast-glob@3.3.3 want: ^5.1.2
2632 silly placeDep node_modules/@typescript-eslint/typescript-estree brace-expansion@2.0.2 OK for: minimatch@9.0.5 want: ^2.0.1
2633 silly reify moves {}
2634 verbose reify failed optional dependency /Users/k1zzle/Desktop/velou-shopping-assistant/node_modules/@tailwindcss/oxide-wasm32-wasi
2635 silly reify mark deleted [
2635 silly reify   '/Users/k1zzle/Desktop/velou-shopping-assistant/node_modules/@tailwindcss/oxide-wasm32-wasi'
2635 silly reify ]
2636 silly audit bulk request {
2636 silly audit   '@prisma/client': [ '5.22.0' ],
2636 silly audit   '@tailwindcss/postcss': [ '4.1.17' ],
2636 silly audit   '@types/node': [ '20.19.25' ],
2636 silly audit   '@types/react': [ '19.2.6' ],
2636 silly audit   '@types/react-dom': [ '19.2.3' ],
2636 silly audit   eslint: [ '9.39.1' ],
2636 silly audit   'eslint-config-next': [ '16.0.3' ],
2636 silly audit   next: [ '16.0.3' ],
2636 silly audit   react: [ '19.2.0' ],
2636 silly audit   'react-dom': [ '19.2.0' ],
2636 silly audit   prisma: [ '5.22.0' ],
2636 silly audit   tailwindcss: [ '4.1.17' ],
2636 silly audit   tsx: [ '4.20.6' ],
2636 silly audit   typescript: [ '5.9.3' ],
2636 silly audit   '@alloc/quick-lru': [ '5.2.0' ],
2636 silly audit   '@tailwindcss/node': [ '4.1.17' ],
2636 silly audit   '@tailwindcss/oxide': [ '4.1.17' ],
2636 silly audit   postcss: [ '8.5.6', '8.4.31' ],
2636 silly audit   '@jridgewell/remapping': [ '2.3.5' ],
2636 silly audit   'enhanced-resolve': [ '5.18.3' ],
2636 silly audit   jiti: [ '2.6.1' ],
2636 silly audit   lightningcss: [ '1.30.2' ],
2636 silly audit   'magic-string': [ '0.30.21' ],
2636 silly audit   'source-map-js': [ '1.2.1' ],
2636 silly audit   '@jridgewell/gen-mapping': [ '0.3.13' ],
2636 silly audit   '@jridgewell/trace-mapping': [ '0.3.31' ],
2636 silly audit   '@jridgewell/sourcemap-codec': [ '1.5.5' ],
2636 silly audit   '@jridgewell/resolve-uri': [ '3.1.2' ],
2636 silly audit   '@tailwindcss/oxide-android-arm64': [ '4.1.17' ],
2636 silly audit   '@tailwindcss/oxide-darwin-arm64': [ '4.1.17' ],
2636 silly audit   '@tailwindcss/oxide-darwin-x64': [ '4.1.17' ],
2636 silly audit   '@tailwindcss/oxide-freebsd-x64': [ '4.1.17' ],
2636 silly audit   '@tailwindcss/oxide-linux-arm-gnueabihf': [ '4.1.17' ],
2636 silly audit   '@tailwindcss/oxide-linux-arm64-gnu': [ '4.1.17' ],
2636 silly audit   '@tailwindcss/oxide-linux-arm64-musl': [ '4.1.17' ],
2636 silly audit   '@tailwindcss/oxide-linux-x64-gnu': [ '4.1.17' ],
2636 silly audit   '@tailwindcss/oxide-linux-x64-musl': [ '4.1.17' ],
2636 silly audit   '@tailwindcss/oxide-win32-arm64-msvc': [ '4.1.17' ],
2636 silly audit   '@tailwindcss/oxide-win32-x64-msvc': [ '4.1.17' ],
2636 silly audit   'undici-types': [ '6.21.0' ],
2636 silly audit   csstype: [ '3.2.3' ],
2636 silly audit   'graceful-fs': [ '4.2.11' ],
2636 silly audit   tapable: [ '2.3.0' ],
2636 silly audit   '@eslint-community/eslint-utils': [ '4.9.0' ],
2636 silly audit   '@eslint-community/regexpp': [ '4.12.2' ],
2636 silly audit   '@eslint/config-array': [ '0.21.1' ],
2636 silly audit   '@eslint/config-helpers': [ '0.4.2' ],
2636 silly audit   '@eslint/core': [ '0.17.0' ],
2636 silly audit   '@eslint/eslintrc': [ '3.3.1' ],
2636 silly audit   '@eslint/js': [ '9.39.1' ],
2636 silly audit   '@eslint/plugin-kit': [ '0.4.1' ],
2636 silly audit   '@humanfs/node': [ '0.16.7' ],
2636 silly audit   '@humanwhocodes/module-importer': [ '1.0.1' ],
2636 silly audit   '@humanwhocodes/retry': [ '0.4.3' ],
2636 silly audit   '@types/estree': [ '1.0.8' ],
2636 silly audit   ajv: [ '6.12.6' ],
2636 silly audit   chalk: [ '4.1.2' ],
2636 silly audit   'cross-spawn': [ '7.0.6' ],
2636 silly audit   debug: [ '4.4.3', '3.2.7' ],
2636 silly audit   'escape-string-regexp': [ '4.0.0' ],
2636 silly audit   'eslint-scope': [ '8.4.0' ],
2636 silly audit   'eslint-visitor-keys': [ '4.2.1', '3.4.3' ],
2636 silly audit   espree: [ '10.4.0' ],
2636 silly audit   esquery: [ '1.6.0' ],
2636 silly audit   esutils: [ '2.0.3' ],
2636 silly audit   'fast-deep-equal': [ '3.1.3' ],
2636 silly audit   'file-entry-cache': [ '8.0.0' ],
2636 silly audit   'find-up': [ '5.0.0' ],
2636 silly audit   'glob-parent': [ '6.0.2', '5.1.2' ],
2636 silly audit   ignore: [ '5.3.2', '7.0.5' ],
2636 silly audit   imurmurhash: [ '0.1.4' ],
2636 silly audit   'is-glob': [ '4.0.3' ],
2636 silly audit   'json-stable-stringify-without-jsonify': [ '1.0.1' ],
2636 silly audit   'lodash.merge': [ '4.6.2' ],
2636 silly audit   minimatch: [ '3.1.2', '9.0.5' ],
2636 silly audit   'natural-compare': [ '1.4.0' ],
2636 silly audit   optionator: [ '0.9.4' ],
2636 silly audit   '@eslint/object-schema': [ '2.1.7' ],
2636 silly audit   '@types/json-schema': [ '7.0.15' ],
2636 silly audit   globals: [ '14.0.0', '16.4.0' ],
2636 silly audit   'import-fresh': [ '3.3.1' ],
2636 silly audit   'js-yaml': [ '4.1.1' ],
2636 silly audit   'strip-json-comments': [ '3.1.1' ],
2636 silly audit   levn: [ '0.4.1' ],
2636 silly audit   '@humanfs/core': [ '0.19.1' ],
2636 silly audit   'fast-json-stable-stringify': [ '2.1.0' ],
2636 silly audit   'json-schema-traverse': [ '0.4.1' ],
2636 silly audit   'uri-js': [ '4.4.1' ],
2636 silly audit   'ansi-styles': [ '4.3.0' ],
2636 silly audit   'supports-color': [ '7.2.0' ],
2636 silly audit   'color-convert': [ '2.0.1' ],
2636 silly audit   'color-name': [ '1.1.4' ],
2636 silly audit   'path-key': [ '3.1.1' ],
2636 silly audit   'shebang-command': [ '2.0.0' ],
2636 silly audit   which: [ '2.0.2' ],
2636 silly audit   ms: [ '2.1.3' ],
2636 silly audit   '@next/eslint-plugin-next': [ '16.0.3' ],
2636 silly audit   'eslint-import-resolver-node': [ '0.3.9' ],
2636 silly audit   'eslint-import-resolver-typescript': [ '3.10.1' ],
2636 silly audit   'eslint-plugin-import': [ '2.32.0' ],
2636 silly audit   'eslint-plugin-jsx-a11y': [ '6.10.2' ],
2636 silly audit   'eslint-plugin-react': [ '7.37.5' ],
2636 silly audit   'eslint-plugin-react-hooks': [ '7.0.1' ],
2636 silly audit   'typescript-eslint': [ '8.47.0' ],
2636 silly audit   'fast-glob': [ '3.3.1', '3.3.3' ],
2636 silly audit   'is-core-module': [ '2.16.1' ],
2636 silly audit   resolve: [ '1.22.11', '2.0.0-next.5' ],
2636 silly audit   '@nolyfill/is-core-module': [ '1.0.39' ],
2636 silly audit   'get-tsconfig': [ '4.13.0' ],
2636 silly audit   'is-bun-module': [ '2.0.0' ],
2636 silly audit   'stable-hash': [ '0.0.5' ],
2636 silly audit   tinyglobby: [ '0.2.15' ],
2636 silly audit   'unrs-resolver': [ '1.11.1' ],
2636 silly audit   '@rtsao/scc': [ '1.1.0' ],
2636 silly audit   'array-includes': [ '3.1.9' ],
2636 silly audit   'array.prototype.findlastindex': [ '1.2.6' ],
2636 silly audit   'array.prototype.flat': [ '1.3.3' ],
2636 silly audit   'array.prototype.flatmap': [ '1.3.3' ],
2636 silly audit   doctrine: [ '2.1.0' ],
2636 silly audit   'eslint-module-utils': [ '2.12.1' ],
2636 silly audit   hasown: [ '2.0.2' ],
2636 silly audit   'object.fromentries': [ '2.0.8' ],
2636 silly audit   'object.groupby': [ '1.0.3' ],
2636 silly audit   'object.values': [ '1.2.1' ],
2636 silly audit   semver: [ '6.3.1', '7.7.3' ],
2636 silly audit   'string.prototype.trimend': [ '1.0.9' ],
2636 silly audit   'tsconfig-paths': [ '3.15.0' ],
2636 silly audit   'call-bind': [ '1.0.8' ],
2636 silly audit   'call-bound': [ '1.0.4' ],
2636 silly audit   'define-properties': [ '1.2.1' ],
2636 silly audit   'es-abstract': [ '1.24.0' ],
2636 silly audit   'es-object-atoms': [ '1.1.1' ],
2636 silly audit   'get-intrinsic': [ '1.3.0' ],
2636 silly audit   'is-string': [ '1.1.1' ],
2636 silly audit   'math-intrinsics': [ '1.1.0' ],
2636 silly audit   'es-errors': [ '1.3.0' ],
2636 silly audit   'es-shim-unscopables': [ '1.1.0' ],
2636 silly audit   'call-bind-apply-helpers': [ '1.0.2' ],
2636 silly audit   'es-define-property': [ '1.0.1' ],
2636 silly audit   'set-function-length': [ '1.2.2' ],
2636 silly audit   'function-bind': [ '1.1.2' ],
2636 silly audit   'define-data-property': [ '1.1.4' ],
2636 silly audit   'has-property-descriptors': [ '1.0.2' ],
2636 silly audit   'object-keys': [ '1.1.1' ],
2636 silly audit   gopd: [ '1.2.0' ],
2636 silly audit   'array-buffer-byte-length': [ '1.0.2' ],
2636 silly audit   'arraybuffer.prototype.slice': [ '1.0.4' ],
2636 silly audit   'available-typed-arrays': [ '1.0.7' ],
2636 silly audit   'data-view-buffer': [ '1.0.2' ],
2636 silly audit   'data-view-byte-length': [ '1.0.2' ],
2636 silly audit   'data-view-byte-offset': [ '1.0.1' ],
2636 silly audit   'es-set-tostringtag': [ '2.1.0' ],
2636 silly audit   'es-to-primitive': [ '1.3.0' ],
2636 silly audit   'function.prototype.name': [ '1.1.8' ],
2636 silly audit   'get-proto': [ '1.0.1' ],
2636 silly audit   'get-symbol-description': [ '1.1.0' ],
2636 silly audit   globalthis: [ '1.0.4' ],
2636 silly audit   'has-proto': [ '1.2.0' ],
2636 silly audit   'has-symbols': [ '1.1.0' ],
2636 silly audit   'internal-slot': [ '1.1.0' ],
2636 silly audit   'is-array-buffer': [ '3.0.5' ],
2636 silly audit   'is-callable': [ '1.2.7' ],
2636 silly audit   'is-data-view': [ '1.0.2' ],
2636 silly audit   'is-negative-zero': [ '2.0.3' ],
2636 silly audit   'is-regex': [ '1.2.1' ],
2636 silly audit   'is-set': [ '2.0.3' ],
2636 silly audit   'is-shared-array-buffer': [ '1.0.4' ],
2636 silly audit   'is-typed-array': [ '1.1.15' ],
2636 silly audit   'is-weakref': [ '1.1.1' ],
2636 silly audit   'object-inspect': [ '1.13.4' ],
2636 silly audit   'object.assign': [ '4.1.7' ],
2636 silly audit   'own-keys': [ '1.0.1' ],
2636 silly audit   'regexp.prototype.flags': [ '1.5.4' ],
2636 silly audit   'safe-array-concat': [ '1.1.3' ],
2636 silly audit   'safe-push-apply': [ '1.0.0' ],
2636 silly audit   'safe-regex-test': [ '1.1.0' ],
2636 silly audit   'set-proto': [ '1.0.0' ],
2636 silly audit   'stop-iteration-iterator': [ '1.1.0' ],
2636 silly audit   'string.prototype.trim': [ '1.2.10' ],
2636 silly audit   'string.prototype.trimstart': [ '1.0.8' ],
2636 silly audit   'typed-array-buffer': [ '1.0.3' ],
2636 silly audit   'typed-array-byte-length': [ '1.0.3' ],
2636 silly audit   'typed-array-byte-offset': [ '1.0.4' ],
2636 silly audit   'typed-array-length': [ '1.0.7' ],
2636 silly audit   'unbox-primitive': [ '1.1.0' ],
2636 silly audit   'which-typed-array': [ '1.1.19' ],
2636 silly audit   'possible-typed-array-names': [ '1.1.0' ],
2636 silly audit   'has-tostringtag': [ '1.0.2' ],
2636 silly audit   'is-date-object': [ '1.1.0' ],
2636 silly audit   'is-symbol': [ '1.1.1' ],
2636 silly audit   'aria-query': [ '5.3.2' ],
2636 silly audit   'ast-types-flow': [ '0.0.8' ],
2636 silly audit   'axe-core': [ '4.11.0' ],
2636 silly audit   'axobject-query': [ '4.1.0' ],
2636 silly audit   'damerau-levenshtein': [ '1.0.8' ],
2636 silly audit   'emoji-regex': [ '9.2.2' ],
2636 silly audit   'jsx-ast-utils': [ '3.3.5' ],
2636 silly audit   'language-tags': [ '1.0.9' ],
2636 silly audit   'string.prototype.includes': [ '2.0.1' ],
2636 silly audit   'array.prototype.findlast': [ '1.2.5' ],
2636 silly audit   'array.prototype.tosorted': [ '1.1.4' ],
2636 silly audit   'es-iterator-helpers': [ '1.2.1' ],
2636 silly audit   estraverse: [ '5.3.0' ],
2636 silly audit   'object.entries': [ '1.1.9' ],
2636 silly audit   'prop-types': [ '15.8.1' ],
2636 silly audit   'string.prototype.matchall': [ '4.0.12' ],
2636 silly audit   'string.prototype.repeat': [ '1.0.0' ],
2636 silly audit   'iterator.prototype': [ '1.1.5' ],
2636 silly audit   '@babel/core': [ '7.28.5' ],
2636 silly audit   '@babel/parser': [ '7.28.5' ],
2636 silly audit   'hermes-parser': [ '0.25.1' ],
2636 silly audit   zod: [ '4.1.12' ],
2636 silly audit   'zod-validation-error': [ '4.0.2' ],
2636 silly audit   '@babel/code-frame': [ '7.27.1' ],
2636 silly audit   '@babel/generator': [ '7.28.5' ],
2636 silly audit   '@babel/helper-compilation-targets': [ '7.27.2' ],
2636 silly audit   '@babel/helper-module-transforms': [ '7.28.3' ],
2636 silly audit   '@babel/helpers': [ '7.28.4' ],
2636 silly audit   '@babel/template': [ '7.27.2' ],
2636 silly audit   '@babel/traverse': [ '7.28.5' ],
2636 silly audit   '@babel/types': [ '7.28.5' ],
2636 silly audit   'convert-source-map': [ '2.0.0' ],
2636 silly audit   gensync: [ '1.0.0-beta.2' ],
2636 silly audit   json5: [ '2.2.3', '1.0.2' ],
2636 silly audit   '@babel/helper-validator-identifier': [ '7.28.5' ],
2636 silly audit   'js-tokens': [ '4.0.0' ],
2636 silly audit   picocolors: [ '1.1.1' ],
2636 silly audit   jsesc: [ '3.1.0' ],
2636 silly audit   '@babel/compat-data': [ '7.28.5' ],
2636 silly audit   '@babel/helper-validator-option': [ '7.27.1' ],
2636 silly audit   browserslist: [ '4.28.0' ],
2636 silly audit   'lru-cache': [ '5.1.1' ],
2636 silly audit   '@babel/helper-module-imports': [ '7.27.1' ],
2636 silly audit   '@babel/helper-globals': [ '7.28.0' ],
2636 silly audit   '@babel/helper-string-parser': [ '7.27.1' ],
2636 silly audit   'baseline-browser-mapping': [ '2.8.29' ],
2636 silly audit   'caniuse-lite': [ '1.0.30001756' ],
2636 silly audit   'electron-to-chromium': [ '1.5.256' ],
2636 silly audit   'node-releases': [ '2.0.27' ],
2636 silly audit   'update-browserslist-db': [ '1.1.4' ],
2636 silly audit   esrecurse: [ '4.3.0' ],
2636 silly audit   acorn: [ '8.15.0' ],
2636 silly audit   'acorn-jsx': [ '5.3.2' ],
2636 silly audit   '@nodelib/fs.stat': [ '2.0.5' ],
2636 silly audit   '@nodelib/fs.walk': [ '1.2.8' ],
2636 silly audit   merge2: [ '1.4.1' ],
2636 silly audit   micromatch: [ '4.0.8' ],
2636 silly audit   '@nodelib/fs.scandir': [ '2.1.5' ],
2636 silly audit   fastq: [ '1.19.1' ],
2636 silly audit   'run-parallel': [ '1.2.0' ],
2636 silly audit   reusify: [ '1.1.0' ],
2636 silly audit   'flat-cache': [ '4.0.1' ],
2636 silly audit   'locate-path': [ '6.0.0' ],
2636 silly audit   'path-exists': [ '4.0.0' ],
2636 silly audit   flatted: [ '3.3.3' ],
2636 silly audit   keyv: [ '4.5.4' ],
2636 silly audit   'functions-have-names': [ '1.2.3' ],
2636 silly audit   'dunder-proto': [ '1.0.1' ],
2636 silly audit   'resolve-pkg-maps': [ '1.0.0' ],
2636 silly audit   'hermes-estree': [ '0.25.1' ],
2636 silly audit   'parent-module': [ '1.0.1' ],
2636 silly audit   'resolve-from': [ '4.0.0' ],
2636 silly audit   'side-channel': [ '1.1.0' ],
2636 silly audit   'is-extglob': [ '2.1.1' ],
2636 silly audit   'set-function-name': [ '2.0.2' ],
2636 silly audit   argparse: [ '2.0.1' ],
2636 silly audit   'json-buffer': [ '3.0.1' ],
2636 silly audit   'language-subtag-registry': [ '0.3.23' ],
2636 silly audit   'prelude-ls': [ '1.2.1' ],
2636 silly audit   'type-check': [ '0.4.0' ],
2636 silly audit   'detect-libc': [ '2.1.2' ],
2636 silly audit   'lightningcss-android-arm64': [ '1.30.2' ],
2636 silly audit   'lightningcss-darwin-arm64': [ '1.30.2' ],
2636 silly audit   'lightningcss-darwin-x64': [ '1.30.2' ],
2636 silly audit   'lightningcss-freebsd-x64': [ '1.30.2' ],
2636 silly audit   'lightningcss-linux-arm-gnueabihf': [ '1.30.2' ],
2636 silly audit   'lightningcss-linux-arm64-gnu': [ '1.30.2' ],
2636 silly audit   'lightningcss-linux-arm64-musl': [ '1.30.2' ],
2636 silly audit   'lightningcss-linux-x64-gnu': [ '1.30.2' ],
2636 silly audit   'lightningcss-linux-x64-musl': [ '1.30.2' ],
2636 silly audit   'lightningcss-win32-arm64-msvc': [ '1.30.2' ],
2636 silly audit   'lightningcss-win32-x64-msvc': [ '1.30.2' ],
2636 silly audit   'p-locate': [ '5.0.0' ],
2636 silly audit   yallist: [ '3.1.1' ],
2636 silly audit   braces: [ '3.0.3' ],
2636 silly audit   picomatch: [ '2.3.1', '4.0.3' ],
2636 silly audit   'fill-range': [ '7.1.1' ],
2636 silly audit   'to-regex-range': [ '5.0.1' ],
2636 silly audit   'brace-expansion': [ '1.1.12', '2.0.2' ],
2636 silly audit   'balanced-match': [ '1.0.2' ],
2636 silly audit   'concat-map': [ '0.0.1' ],
2636 silly audit   '@next/env': [ '16.0.3' ],
2636 silly audit   '@next/swc-darwin-arm64': [ '16.0.3' ],
2636 silly audit   '@next/swc-darwin-x64': [ '16.0.3' ],
2636 silly audit   '@next/swc-linux-arm64-gnu': [ '16.0.3' ],
2636 silly audit   '@next/swc-linux-arm64-musl': [ '16.0.3' ],
2636 silly audit   '@next/swc-linux-x64-gnu': [ '16.0.3' ],
2636 silly audit   '@next/swc-linux-x64-musl': [ '16.0.3' ],
2636 silly audit   '@next/swc-win32-arm64-msvc': [ '16.0.3' ],
2636 silly audit   '@next/swc-win32-x64-msvc': [ '16.0.3' ],
2636 silly audit   '@swc/helpers': [ '0.5.15' ],
2636 silly audit   sharp: [ '0.34.5' ],
2636 silly audit   'styled-jsx': [ '5.1.6' ],
2636 silly audit   tslib: [ '2.8.1' ],
2636 silly audit   'deep-is': [ '0.1.4' ],
2636 silly audit   'fast-levenshtein': [ '2.0.6' ],
2636 silly audit   'word-wrap': [ '1.2.5' ],
2636 silly audit   'p-limit': [ '3.1.0' ],
2636 silly audit   'yocto-queue': [ '0.1.0' ],
2636 silly audit   callsites: [ '3.1.0' ],
2636 silly audit   nanoid: [ '3.3.11' ],
2636 silly audit   '@prisma/engines': [ '5.22.0' ],
2636 silly audit   fsevents: [ '2.3.3' ],
2636 silly audit   '@prisma/debug': [ '5.22.0' ],
2636 silly audit   '@prisma/engines-version': [ '5.22.0-44.605197351a3c8bdd595af2d2a9bc3025bca48ea2' ],
2636 silly audit   '@prisma/fetch-engine': [ '5.22.0' ],
2636 silly audit   '@prisma/get-platform': [ '5.22.0' ],
2636 silly audit   'loose-envify': [ '1.4.0' ],
2636 silly audit   'object-assign': [ '4.1.1' ],
2636 silly audit   'react-is': [ '16.13.1' ],
2636 silly audit   scheduler: [ '0.27.0' ],
2636 silly audit   'path-parse': [ '1.0.7' ],
2636 silly audit   'supports-preserve-symlinks-flag': [ '1.0.0' ],
2636 silly audit   'queue-microtask': [ '1.2.3' ],
2636 silly audit   isarray: [ '2.0.5' ],
2636 silly audit   '@img/colour': [ '1.0.0' ],
2636 silly audit   '@img/sharp-darwin-arm64': [ '0.34.5' ],
2636 silly audit   '@img/sharp-darwin-x64': [ '0.34.5' ],
2636 silly audit   '@img/sharp-libvips-darwin-arm64': [ '1.2.4' ],
2636 silly audit   '@img/sharp-libvips-darwin-x64': [ '1.2.4' ],
2636 silly audit   '@img/sharp-libvips-linux-arm': [ '1.2.4' ],
2636 silly audit   '@img/sharp-libvips-linux-arm64': [ '1.2.4' ],
2636 silly audit   '@img/sharp-libvips-linux-ppc64': [ '1.2.4' ],
2636 silly audit   '@img/sharp-libvips-linux-riscv64': [ '1.2.4' ],
2636 silly audit   '@img/sharp-libvips-linux-s390x': [ '1.2.4' ],
2636 silly audit   '@img/sharp-libvips-linux-x64': [ '1.2.4' ],
2636 silly audit   '@img/sharp-libvips-linuxmusl-arm64': [ '1.2.4' ],
2636 silly audit   '@img/sharp-libvips-linuxmusl-x64': [ '1.2.4' ],
2636 silly audit   '@img/sharp-linux-arm': [ '0.34.5' ],
2636 silly audit   '@img/sharp-linux-arm64': [ '0.34.5' ],
2636 silly audit   '@img/sharp-linux-ppc64': [ '0.34.5' ],
2636 silly audit   '@img/sharp-linux-riscv64': [ '0.34.5' ],
2636 silly audit   '@img/sharp-linux-s390x': [ '0.34.5' ],
2636 silly audit   '@img/sharp-linux-x64': [ '0.34.5' ],
2636 silly audit   '@img/sharp-linuxmusl-arm64': [ '0.34.5' ],
2636 silly audit   '@img/sharp-linuxmusl-x64': [ '0.34.5' ],
2636 silly audit   '@img/sharp-wasm32': [ '0.34.5' ],
2636 silly audit   '@img/sharp-win32-arm64': [ '0.34.5' ],
2636 silly audit   '@img/sharp-win32-ia32': [ '0.34.5' ],
2636 silly audit   '@img/sharp-win32-x64': [ '0.34.5' ],
2636 silly audit   '@emnapi/runtime': [ '1.7.1' ],
2636 silly audit   'shebang-regex': [ '3.0.0' ],
2636 silly audit   'side-channel-list': [ '1.0.0' ],
2636 silly audit   'side-channel-map': [ '1.0.1' ],
2636 silly audit   'side-channel-weakmap': [ '1.0.2' ],
2636 silly audit   'client-only': [ '0.0.1' ],
2636 silly audit   'has-flag': [ '4.0.0' ],
2636 silly audit   fdir: [ '6.5.0' ],
2636 silly audit   'is-number': [ '7.0.0' ],
2636 silly audit   '@types/json5': [ '0.0.29' ],
2636 silly audit   minimist: [ '1.2.8' ],
2636 silly audit   'strip-bom': [ '3.0.0' ],
2636 silly audit   esbuild: [ '0.25.12' ],
2636 silly audit   '@esbuild/aix-ppc64': [ '0.25.12' ],
2636 silly audit   '@esbuild/android-arm': [ '0.25.12' ],
2636 silly audit   '@esbuild/android-arm64': [ '0.25.12' ],
2636 silly audit   '@esbuild/android-x64': [ '0.25.12' ],
2636 silly audit   '@esbuild/darwin-arm64': [ '0.25.12' ],
2636 silly audit   '@esbuild/darwin-x64': [ '0.25.12' ],
2636 silly audit   '@esbuild/freebsd-arm64': [ '0.25.12' ],
2636 silly audit   '@esbuild/freebsd-x64': [ '0.25.12' ],
2636 silly audit   '@esbuild/linux-arm': [ '0.25.12' ],
2636 silly audit   '@esbuild/linux-arm64': [ '0.25.12' ],
2636 silly audit   '@esbuild/linux-ia32': [ '0.25.12' ],
2636 silly audit   '@esbuild/linux-loong64': [ '0.25.12' ],
2636 silly audit   '@esbuild/linux-mips64el': [ '0.25.12' ],
2636 silly audit   '@esbuild/linux-ppc64': [ '0.25.12' ],
2636 silly audit   '@esbuild/linux-riscv64': [ '0.25.12' ],
2636 silly audit   '@esbuild/linux-s390x': [ '0.25.12' ],
2636 silly audit   '@esbuild/linux-x64': [ '0.25.12' ],
2636 silly audit   '@esbuild/netbsd-arm64': [ '0.25.12' ],
2636 silly audit   '@esbuild/netbsd-x64': [ '0.25.12' ],
2636 silly audit   '@esbuild/openbsd-arm64': [ '0.25.12' ],
2636 silly audit   '@esbuild/openbsd-x64': [ '0.25.12' ],
2636 silly audit   '@esbuild/openharmony-arm64': [ '0.25.12' ],
2636 silly audit   '@esbuild/sunos-x64': [ '0.25.12' ],
2636 silly audit   '@esbuild/win32-arm64': [ '0.25.12' ],
2636 silly audit   '@esbuild/win32-ia32': [ '0.25.12' ],
2636 silly audit   '@esbuild/win32-x64': [ '0.25.12' ],
2636 silly audit   'for-each': [ '0.3.5' ],
2636 silly audit   'reflect.getprototypeof': [ '1.0.10' ],
2636 silly audit   'which-builtin-type': [ '1.2.1' ],
2636 silly audit   '@typescript-eslint/eslint-plugin': [ '8.47.0' ],
2636 silly audit   '@typescript-eslint/parser': [ '8.47.0' ],
2636 silly audit   '@typescript-eslint/typescript-estree': [ '8.47.0' ],
2636 silly audit   '@typescript-eslint/utils': [ '8.47.0' ],
2636 silly audit   '@typescript-eslint/scope-manager': [ '8.47.0' ],
2636 silly audit   '@typescript-eslint/type-utils': [ '8.47.0' ],
2636 silly audit   '@typescript-eslint/visitor-keys': [ '8.47.0' ],
2636 silly audit   graphemer: [ '1.4.0' ],
2636 silly audit   'ts-api-utils': [ '2.1.0' ],
2636 silly audit   '@typescript-eslint/types': [ '8.47.0' ],
2636 silly audit   '@typescript-eslint/project-service': [ '8.47.0' ],
2636 silly audit   '@typescript-eslint/tsconfig-utils': [ '8.47.0' ],
2636 silly audit   'has-bigints': [ '1.1.0' ],
2636 silly audit   'which-boxed-primitive': [ '1.1.1' ],
2636 silly audit   '@unrs/resolver-binding-android-arm-eabi': [ '1.11.1' ],
2636 silly audit   '@unrs/resolver-binding-android-arm64': [ '1.11.1' ],
2636 silly audit   '@unrs/resolver-binding-darwin-arm64': [ '1.11.1' ],
2636 silly audit   '@unrs/resolver-binding-darwin-x64': [ '1.11.1' ],
2636 silly audit   '@unrs/resolver-binding-freebsd-x64': [ '1.11.1' ],
2636 silly audit   '@unrs/resolver-binding-linux-arm-gnueabihf': [ '1.11.1' ],
2636 silly audit   '@unrs/resolver-binding-linux-arm-musleabihf': [ '1.11.1' ],
2636 silly audit   '@unrs/resolver-binding-linux-arm64-gnu': [ '1.11.1' ],
2636 silly audit   '@unrs/resolver-binding-linux-arm64-musl': [ '1.11.1' ],
2636 silly audit   '@unrs/resolver-binding-linux-ppc64-gnu': [ '1.11.1' ],
2636 silly audit   '@unrs/resolver-binding-linux-riscv64-gnu': [ '1.11.1' ],
2636 silly audit   '@unrs/resolver-binding-linux-riscv64-musl': [ '1.11.1' ],
2636 silly audit   '@unrs/resolver-binding-linux-s390x-gnu': [ '1.11.1' ],
2636 silly audit   '@unrs/resolver-binding-linux-x64-gnu': [ '1.11.1' ],
2636 silly audit   '@unrs/resolver-binding-linux-x64-musl': [ '1.11.1' ],
2636 silly audit   '@unrs/resolver-binding-wasm32-wasi': [ '1.11.1' ],
2636 silly audit   '@unrs/resolver-binding-win32-arm64-msvc': [ '1.11.1' ],
2636 silly audit   '@unrs/resolver-binding-win32-ia32-msvc': [ '1.11.1' ],
2636 silly audit   '@unrs/resolver-binding-win32-x64-msvc': [ '1.11.1' ],
2636 silly audit   'napi-postinstall': [ '0.3.4' ],
2636 silly audit   '@napi-rs/wasm-runtime': [ '0.2.12' ],
2636 silly audit   '@emnapi/core': [ '1.7.1' ],
2636 silly audit   '@tybys/wasm-util': [ '0.10.1' ],
2636 silly audit   '@emnapi/wasi-threads': [ '1.1.0' ],
2636 silly audit   escalade: [ '3.2.0' ],
2636 silly audit   punycode: [ '2.3.1' ],
2636 silly audit   isexe: [ '2.0.0' ],
2636 silly audit   'is-bigint': [ '1.1.0' ],
2636 silly audit   'is-boolean-object': [ '1.2.2' ],
2636 silly audit   'is-number-object': [ '1.1.1' ],
2636 silly audit   'is-async-function': [ '2.1.1' ],
2636 silly audit   'is-finalizationregistry': [ '1.1.1' ],
2636 silly audit   'is-generator-function': [ '1.1.2' ],
2636 silly audit   'which-collection': [ '1.0.2' ],
2636 silly audit   'async-function': [ '1.0.0' ],
2636 silly audit   'generator-function': [ '2.0.1' ],
2636 silly audit   'is-map': [ '2.0.3' ],
2636 silly audit   'is-weakmap': [ '2.0.2' ],
2636 silly audit   'is-weakset': [ '2.0.4' ],
2636 silly audit   '@tailwindcss/oxide-wasm32-wasi': [ '4.1.17' ]
2636 silly audit }
2637 verbose reify failed optional dependency /Users/k1zzle/Desktop/velou-shopping-assistant/node_modules/@unrs/resolver-binding-win32-x64-msvc
2638 silly reify mark deleted [
2638 silly reify   '/Users/k1zzle/Desktop/velou-shopping-assistant/node_modules/@unrs/resolver-binding-win32-x64-msvc'
2638 silly reify ]
2639 verbose reify failed optional dependency /Users/k1zzle/Desktop/velou-shopping-assistant/node_modules/@unrs/resolver-binding-win32-ia32-msvc
2640 silly reify mark deleted [
2640 silly reify   '/Users/k1zzle/Desktop/velou-shopping-assistant/node_modules/@unrs/resolver-binding-win32-ia32-msvc'
2640 silly reify ]
2641 verbose reify failed optional dependency /Users/k1zzle/Desktop/velou-shopping-assistant/node_modules/@unrs/resolver-binding-win32-arm64-msvc
2642 silly reify mark deleted [
2642 silly reify   '/Users/k1zzle/Desktop/velou-shopping-assistant/node_modules/@unrs/resolver-binding-win32-arm64-msvc'
2642 silly reify ]
2643 verbose reify failed optional dependency /Users/k1zzle/Desktop/velou-shopping-assistant/node_modules/@unrs/resolver-binding-wasm32-wasi
2644 silly reify mark deleted [
2644 silly reify   '/Users/k1zzle/Desktop/velou-shopping-assistant/node_modules/@unrs/resolver-binding-wasm32-wasi'
2644 silly reify ]
2645 verbose reify failed optional dependency /Users/k1zzle/Desktop/velou-shopping-assistant/node_modules/@unrs/resolver-binding-linux-x64-musl
2646 silly reify mark deleted [
2646 silly reify   '/Users/k1zzle/Desktop/velou-shopping-assistant/node_modules/@unrs/resolver-binding-linux-x64-musl'
2646 silly reify ]
2647 verbose reify failed optional dependency /Users/k1zzle/Desktop/velou-shopping-assistant/node_modules/@unrs/resolver-binding-linux-x64-gnu
2648 silly reify mark deleted [
2648 silly reify   '/Users/k1zzle/Desktop/velou-shopping-assistant/node_modules/@unrs/resolver-binding-linux-x64-gnu'
2648 silly reify ]
2649 verbose reify failed optional dependency /Users/k1zzle/Desktop/velou-shopping-assistant/node_modules/@unrs/resolver-binding-linux-s390x-gnu
2650 silly reify mark deleted [
2650 silly reify   '/Users/k1zzle/Desktop/velou-shopping-assistant/node_modules/@unrs/resolver-binding-linux-s390x-gnu'
2650 silly reify ]
2651 verbose reify failed optional dependency /Users/k1zzle/Desktop/velou-shopping-assistant/node_modules/@unrs/resolver-binding-linux-riscv64-musl
2652 silly reify mark deleted [
2652 silly reify   '/Users/k1zzle/Desktop/velou-shopping-assistant/node_modules/@unrs/resolver-binding-linux-riscv64-musl'
2652 silly reify ]
2653 verbose reify failed optional dependency /Users/k1zzle/Desktop/velou-shopping-assistant/node_modules/@unrs/resolver-binding-linux-riscv64-gnu
2654 silly reify mark deleted [
2654 silly reify   '/Users/k1zzle/Desktop/velou-shopping-assistant/node_modules/@unrs/resolver-binding-linux-riscv64-gnu'
2654 silly reify ]
2655 verbose reify failed optional dependency /Users/k1zzle/Desktop/velou-shopping-assistant/node_modules/@unrs/resolver-binding-linux-ppc64-gnu
2656 silly reify mark deleted [
2656 silly reify   '/Users/k1zzle/Desktop/velou-shopping-assistant/node_modules/@unrs/resolver-binding-linux-ppc64-gnu'
2656 silly reify ]
2657 verbose reify failed optional dependency /Users/k1zzle/Desktop/velou-shopping-assistant/node_modules/@unrs/resolver-binding-linux-arm64-musl
2658 silly reify mark deleted [
2658 silly reify   '/Users/k1zzle/Desktop/velou-shopping-assistant/node_modules/@unrs/resolver-binding-linux-arm64-musl'
2658 silly reify ]
2659 verbose reify failed optional dependency /Users/k1zzle/Desktop/velou-shopping-assistant/node_modules/@unrs/resolver-binding-linux-arm64-gnu
2660 silly reify mark deleted [
2660 silly reify   '/Users/k1zzle/Desktop/velou-shopping-assistant/node_modules/@unrs/resolver-binding-linux-arm64-gnu'
2660 silly reify ]
2661 verbose reify failed optional dependency /Users/k1zzle/Desktop/velou-shopping-assistant/node_modules/@unrs/resolver-binding-linux-arm-musleabihf
2662 silly reify mark deleted [
2662 silly reify   '/Users/k1zzle/Desktop/velou-shopping-assistant/node_modules/@unrs/resolver-binding-linux-arm-musleabihf'
2662 silly reify ]
2663 verbose reify failed optional dependency /Users/k1zzle/Desktop/velou-shopping-assistant/node_modules/@unrs/resolver-binding-linux-arm-gnueabihf
2664 silly reify mark deleted [
2664 silly reify   '/Users/k1zzle/Desktop/velou-shopping-assistant/node_modules/@unrs/resolver-binding-linux-arm-gnueabihf'
2664 silly reify ]
2665 verbose reify failed optional dependency /Users/k1zzle/Desktop/velou-shopping-assistant/node_modules/@unrs/resolver-binding-freebsd-x64
2666 silly reify mark deleted [
2666 silly reify   '/Users/k1zzle/Desktop/velou-shopping-assistant/node_modules/@unrs/resolver-binding-freebsd-x64'
2666 silly reify ]
2667 verbose reify failed optional dependency /Users/k1zzle/Desktop/velou-shopping-assistant/node_modules/@unrs/resolver-binding-darwin-x64
2668 silly reify mark deleted [
2668 silly reify   '/Users/k1zzle/Desktop/velou-shopping-assistant/node_modules/@unrs/resolver-binding-darwin-x64'
2668 silly reify ]
2669 verbose reify failed optional dependency /Users/k1zzle/Desktop/velou-shopping-assistant/node_modules/@unrs/resolver-binding-android-arm64
2670 silly reify mark deleted [
2670 silly reify   '/Users/k1zzle/Desktop/velou-shopping-assistant/node_modules/@unrs/resolver-binding-android-arm64'
2670 silly reify ]
2671 verbose reify failed optional dependency /Users/k1zzle/Desktop/velou-shopping-assistant/node_modules/@unrs/resolver-binding-android-arm-eabi
2672 silly reify mark deleted [
2672 silly reify   '/Users/k1zzle/Desktop/velou-shopping-assistant/node_modules/@unrs/resolver-binding-android-arm-eabi'
2672 silly reify ]
2673 verbose reify failed optional dependency /Users/k1zzle/Desktop/velou-shopping-assistant/node_modules/@esbuild/win32-x64
2674 silly reify mark deleted [
2674 silly reify   '/Users/k1zzle/Desktop/velou-shopping-assistant/node_modules/@esbuild/win32-x64'
2674 silly reify ]
2675 verbose reify failed optional dependency /Users/k1zzle/Desktop/velou-shopping-assistant/node_modules/@esbuild/win32-ia32
2676 silly reify mark deleted [
2676 silly reify   '/Users/k1zzle/Desktop/velou-shopping-assistant/node_modules/@esbuild/win32-ia32'
2676 silly reify ]
2677 verbose reify failed optional dependency /Users/k1zzle/Desktop/velou-shopping-assistant/node_modules/@esbuild/win32-arm64
2678 silly reify mark deleted [
2678 silly reify   '/Users/k1zzle/Desktop/velou-shopping-assistant/node_modules/@esbuild/win32-arm64'
2678 silly reify ]
2679 verbose reify failed optional dependency /Users/k1zzle/Desktop/velou-shopping-assistant/node_modules/@esbuild/sunos-x64
2680 silly reify mark deleted [
2680 silly reify   '/Users/k1zzle/Desktop/velou-shopping-assistant/node_modules/@esbuild/sunos-x64'
2680 silly reify ]
2681 verbose reify failed optional dependency /Users/k1zzle/Desktop/velou-shopping-assistant/node_modules/@esbuild/openharmony-arm64
2682 silly reify mark deleted [
2682 silly reify   '/Users/k1zzle/Desktop/velou-shopping-assistant/node_modules/@esbuild/openharmony-arm64'
2682 silly reify ]
2683 verbose reify failed optional dependency /Users/k1zzle/Desktop/velou-shopping-assistant/node_modules/@esbuild/openbsd-x64
2684 silly reify mark deleted [
2684 silly reify   '/Users/k1zzle/Desktop/velou-shopping-assistant/node_modules/@esbuild/openbsd-x64'
2684 silly reify ]
2685 verbose reify failed optional dependency /Users/k1zzle/Desktop/velou-shopping-assistant/node_modules/@esbuild/openbsd-arm64
2686 silly reify mark deleted [
2686 silly reify   '/Users/k1zzle/Desktop/velou-shopping-assistant/node_modules/@esbuild/openbsd-arm64'
2686 silly reify ]
2687 verbose reify failed optional dependency /Users/k1zzle/Desktop/velou-shopping-assistant/node_modules/@esbuild/netbsd-x64
2688 silly reify mark deleted [
2688 silly reify   '/Users/k1zzle/Desktop/velou-shopping-assistant/node_modules/@esbuild/netbsd-x64'
2688 silly reify ]
2689 verbose reify failed optional dependency /Users/k1zzle/Desktop/velou-shopping-assistant/node_modules/@esbuild/netbsd-arm64
2690 silly reify mark deleted [
2690 silly reify   '/Users/k1zzle/Desktop/velou-shopping-assistant/node_modules/@esbuild/netbsd-arm64'
2690 silly reify ]
2691 verbose reify failed optional dependency /Users/k1zzle/Desktop/velou-shopping-assistant/node_modules/@esbuild/linux-x64
2692 silly reify mark deleted [
2692 silly reify   '/Users/k1zzle/Desktop/velou-shopping-assistant/node_modules/@esbuild/linux-x64'
2692 silly reify ]
2693 verbose reify failed optional dependency /Users/k1zzle/Desktop/velou-shopping-assistant/node_modules/@esbuild/linux-s390x
2694 silly reify mark deleted [
2694 silly reify   '/Users/k1zzle/Desktop/velou-shopping-assistant/node_modules/@esbuild/linux-s390x'
2694 silly reify ]
2695 verbose reify failed optional dependency /Users/k1zzle/Desktop/velou-shopping-assistant/node_modules/@esbuild/linux-riscv64
2696 silly reify mark deleted [
2696 silly reify   '/Users/k1zzle/Desktop/velou-shopping-assistant/node_modules/@esbuild/linux-riscv64'
2696 silly reify ]
2697 verbose reify failed optional dependency /Users/k1zzle/Desktop/velou-shopping-assistant/node_modules/@esbuild/linux-ppc64
2698 silly reify mark deleted [
2698 silly reify   '/Users/k1zzle/Desktop/velou-shopping-assistant/node_modules/@esbuild/linux-ppc64'
2698 silly reify ]
2699 verbose reify failed optional dependency /Users/k1zzle/Desktop/velou-shopping-assistant/node_modules/@esbuild/linux-mips64el
2700 silly reify mark deleted [
2700 silly reify   '/Users/k1zzle/Desktop/velou-shopping-assistant/node_modules/@esbuild/linux-mips64el'
2700 silly reify ]
2701 verbose reify failed optional dependency /Users/k1zzle/Desktop/velou-shopping-assistant/node_modules/@esbuild/linux-loong64
2702 silly reify mark deleted [
2702 silly reify   '/Users/k1zzle/Desktop/velou-shopping-assistant/node_modules/@esbuild/linux-loong64'
2702 silly reify ]
2703 verbose reify failed optional dependency /Users/k1zzle/Desktop/velou-shopping-assistant/node_modules/@esbuild/linux-ia32
2704 silly reify mark deleted [
2704 silly reify   '/Users/k1zzle/Desktop/velou-shopping-assistant/node_modules/@esbuild/linux-ia32'
2704 silly reify ]
2705 verbose reify failed optional dependency /Users/k1zzle/Desktop/velou-shopping-assistant/node_modules/@esbuild/linux-arm64
2706 silly reify mark deleted [
2706 silly reify   '/Users/k1zzle/Desktop/velou-shopping-assistant/node_modules/@esbuild/linux-arm64'
2706 silly reify ]
2707 verbose reify failed optional dependency /Users/k1zzle/Desktop/velou-shopping-assistant/node_modules/@esbuild/linux-arm
2708 silly reify mark deleted [
2708 silly reify   '/Users/k1zzle/Desktop/velou-shopping-assistant/node_modules/@esbuild/linux-arm'
2708 silly reify ]
2709 verbose reify failed optional dependency /Users/k1zzle/Desktop/velou-shopping-assistant/node_modules/@esbuild/freebsd-x64
2710 silly reify mark deleted [
2710 silly reify   '/Users/k1zzle/Desktop/velou-shopping-assistant/node_modules/@esbuild/freebsd-x64'
2710 silly reify ]
2711 verbose reify failed optional dependency /Users/k1zzle/Desktop/velou-shopping-assistant/node_modules/@esbuild/freebsd-arm64
2712 silly reify mark deleted [
2712 silly reify   '/Users/k1zzle/Desktop/velou-shopping-assistant/node_modules/@esbuild/freebsd-arm64'
2712 silly reify ]
2713 verbose reify failed optional dependency /Users/k1zzle/Desktop/velou-shopping-assistant/node_modules/@esbuild/darwin-x64
2714 silly reify mark deleted [
2714 silly reify   '/Users/k1zzle/Desktop/velou-shopping-assistant/node_modules/@esbuild/darwin-x64'
2714 silly reify ]
2715 verbose reify failed optional dependency /Users/k1zzle/Desktop/velou-shopping-assistant/node_modules/@esbuild/android-x64
2716 silly reify mark deleted [
2716 silly reify   '/Users/k1zzle/Desktop/velou-shopping-assistant/node_modules/@esbuild/android-x64'
2716 silly reify ]
2717 verbose reify failed optional dependency /Users/k1zzle/Desktop/velou-shopping-assistant/node_modules/@esbuild/android-arm64
2718 silly reify mark deleted [
2718 silly reify   '/Users/k1zzle/Desktop/velou-shopping-assistant/node_modules/@esbuild/android-arm64'
2718 silly reify ]
2719 verbose reify failed optional dependency /Users/k1zzle/Desktop/velou-shopping-assistant/node_modules/@esbuild/android-arm
2720 silly reify mark deleted [
2720 silly reify   '/Users/k1zzle/Desktop/velou-shopping-assistant/node_modules/@esbuild/android-arm'
2720 silly reify ]
2721 verbose reify failed optional dependency /Users/k1zzle/Desktop/velou-shopping-assistant/node_modules/@esbuild/aix-ppc64
2722 silly reify mark deleted [
2722 silly reify   '/Users/k1zzle/Desktop/velou-shopping-assistant/node_modules/@esbuild/aix-ppc64'
2722 silly reify ]
2723 verbose reify failed optional dependency /Users/k1zzle/Desktop/velou-shopping-assistant/node_modules/@img/sharp-win32-x64
2724 silly reify mark deleted [
2724 silly reify   '/Users/k1zzle/Desktop/velou-shopping-assistant/node_modules/@img/sharp-win32-x64'
2724 silly reify ]
2725 verbose reify failed optional dependency /Users/k1zzle/Desktop/velou-shopping-assistant/node_modules/@img/sharp-win32-ia32
2726 silly reify mark deleted [
2726 silly reify   '/Users/k1zzle/Desktop/velou-shopping-assistant/node_modules/@img/sharp-win32-ia32'
2726 silly reify ]
2727 verbose reify failed optional dependency /Users/k1zzle/Desktop/velou-shopping-assistant/node_modules/@img/sharp-win32-arm64
2728 silly reify mark deleted [
2728 silly reify   '/Users/k1zzle/Desktop/velou-shopping-assistant/node_modules/@img/sharp-win32-arm64'
2728 silly reify ]
2729 verbose reify failed optional dependency /Users/k1zzle/Desktop/velou-shopping-assistant/node_modules/@img/sharp-wasm32
2730 silly reify mark deleted [
2730 silly reify   '/Users/k1zzle/Desktop/velou-shopping-assistant/node_modules/@img/sharp-wasm32'
2730 silly reify ]
2731 verbose reify failed optional dependency /Users/k1zzle/Desktop/velou-shopping-assistant/node_modules/@img/sharp-linuxmusl-x64
2732 silly reify mark deleted [
2732 silly reify   '/Users/k1zzle/Desktop/velou-shopping-assistant/node_modules/@img/sharp-linuxmusl-x64'
2732 silly reify ]
2733 verbose reify failed optional dependency /Users/k1zzle/Desktop/velou-shopping-assistant/node_modules/@img/sharp-linuxmusl-arm64
2734 silly reify mark deleted [
2734 silly reify   '/Users/k1zzle/Desktop/velou-shopping-assistant/node_modules/@img/sharp-linuxmusl-arm64'
2734 silly reify ]
2735 verbose reify failed optional dependency /Users/k1zzle/Desktop/velou-shopping-assistant/node_modules/@img/sharp-linux-x64
2736 silly reify mark deleted [
2736 silly reify   '/Users/k1zzle/Desktop/velou-shopping-assistant/node_modules/@img/sharp-linux-x64'
2736 silly reify ]
2737 verbose reify failed optional dependency /Users/k1zzle/Desktop/velou-shopping-assistant/node_modules/@img/sharp-linux-s390x
2738 silly reify mark deleted [
2738 silly reify   '/Users/k1zzle/Desktop/velou-shopping-assistant/node_modules/@img/sharp-linux-s390x'
2738 silly reify ]
2739 verbose reify failed optional dependency /Users/k1zzle/Desktop/velou-shopping-assistant/node_modules/@img/sharp-linux-riscv64
2740 silly reify mark deleted [
2740 silly reify   '/Users/k1zzle/Desktop/velou-shopping-assistant/node_modules/@img/sharp-linux-riscv64'
2740 silly reify ]
2741 verbose reify failed optional dependency /Users/k1zzle/Desktop/velou-shopping-assistant/node_modules/@img/sharp-linux-ppc64
2742 silly reify mark deleted [
2742 silly reify   '/Users/k1zzle/Desktop/velou-shopping-assistant/node_modules/@img/sharp-linux-ppc64'
2742 silly reify ]
2743 verbose reify failed optional dependency /Users/k1zzle/Desktop/velou-shopping-assistant/node_modules/@img/sharp-linux-arm64
2744 silly reify mark deleted [
2744 silly reify   '/Users/k1zzle/Desktop/velou-shopping-assistant/node_modules/@img/sharp-linux-arm64'
2744 silly reify ]
2745 verbose reify failed optional dependency /Users/k1zzle/Desktop/velou-shopping-assistant/node_modules/@img/sharp-linux-arm
2746 silly reify mark deleted [
2746 silly reify   '/Users/k1zzle/Desktop/velou-shopping-assistant/node_modules/@img/sharp-linux-arm'
2746 silly reify ]
2747 verbose reify failed optional dependency /Users/k1zzle/Desktop/velou-shopping-assistant/node_modules/@img/sharp-libvips-linuxmusl-x64
2748 silly reify mark deleted [
2748 silly reify   '/Users/k1zzle/Desktop/velou-shopping-assistant/node_modules/@img/sharp-libvips-linuxmusl-x64'
2748 silly reify ]
2749 verbose reify failed optional dependency /Users/k1zzle/Desktop/velou-shopping-assistant/node_modules/@img/sharp-libvips-linuxmusl-arm64
2750 silly reify mark deleted [
2750 silly reify   '/Users/k1zzle/Desktop/velou-shopping-assistant/node_modules/@img/sharp-libvips-linuxmusl-arm64'
2750 silly reify ]
2751 verbose reify failed optional dependency /Users/k1zzle/Desktop/velou-shopping-assistant/node_modules/@img/sharp-libvips-linux-x64
2752 silly reify mark deleted [
2752 silly reify   '/Users/k1zzle/Desktop/velou-shopping-assistant/node_modules/@img/sharp-libvips-linux-x64'
2752 silly reify ]
2753 verbose reify failed optional dependency /Users/k1zzle/Desktop/velou-shopping-assistant/node_modules/@img/sharp-libvips-linux-s390x
2754 silly reify mark deleted [
2754 silly reify   '/Users/k1zzle/Desktop/velou-shopping-assistant/node_modules/@img/sharp-libvips-linux-s390x'
2754 silly reify ]
2755 verbose reify failed optional dependency /Users/k1zzle/Desktop/velou-shopping-assistant/node_modules/@img/sharp-libvips-linux-riscv64
2756 silly reify mark deleted [
2756 silly reify   '/Users/k1zzle/Desktop/velou-shopping-assistant/node_modules/@img/sharp-libvips-linux-riscv64'
2756 silly reify ]
2757 verbose reify failed optional dependency /Users/k1zzle/Desktop/velou-shopping-assistant/node_modules/@img/sharp-libvips-linux-ppc64
2758 silly reify mark deleted [
2758 silly reify   '/Users/k1zzle/Desktop/velou-shopping-assistant/node_modules/@img/sharp-libvips-linux-ppc64'
2758 silly reify ]
2759 verbose reify failed optional dependency /Users/k1zzle/Desktop/velou-shopping-assistant/node_modules/@img/sharp-libvips-linux-arm64
2760 silly reify mark deleted [
2760 silly reify   '/Users/k1zzle/Desktop/velou-shopping-assistant/node_modules/@img/sharp-libvips-linux-arm64'
2760 silly reify ]
2761 verbose reify failed optional dependency /Users/k1zzle/Desktop/velou-shopping-assistant/node_modules/@img/sharp-libvips-linux-arm
2762 silly reify mark deleted [
2762 silly reify   '/Users/k1zzle/Desktop/velou-shopping-assistant/node_modules/@img/sharp-libvips-linux-arm'
2762 silly reify ]
2763 verbose reify failed optional dependency /Users/k1zzle/Desktop/velou-shopping-assistant/node_modules/@img/sharp-libvips-darwin-x64
2764 silly reify mark deleted [
2764 silly reify   '/Users/k1zzle/Desktop/velou-shopping-assistant/node_modules/@img/sharp-libvips-darwin-x64'
2764 silly reify ]
2765 verbose reify failed optional dependency /Users/k1zzle/Desktop/velou-shopping-assistant/node_modules/@img/sharp-darwin-x64
2766 silly reify mark deleted [
2766 silly reify   '/Users/k1zzle/Desktop/velou-shopping-assistant/node_modules/@img/sharp-darwin-x64'
2766 silly reify ]
2767 verbose reify failed optional dependency /Users/k1zzle/Desktop/velou-shopping-assistant/node_modules/@next/swc-win32-x64-msvc
2768 silly reify mark deleted [
2768 silly reify   '/Users/k1zzle/Desktop/velou-shopping-assistant/node_modules/@next/swc-win32-x64-msvc'
2768 silly reify ]
2769 verbose reify failed optional dependency /Users/k1zzle/Desktop/velou-shopping-assistant/node_modules/@next/swc-win32-arm64-msvc
2770 silly reify mark deleted [
2770 silly reify   '/Users/k1zzle/Desktop/velou-shopping-assistant/node_modules/@next/swc-win32-arm64-msvc'
2770 silly reify ]
2771 verbose reify failed optional dependency /Users/k1zzle/Desktop/velou-shopping-assistant/node_modules/@next/swc-linux-x64-musl
2772 silly reify mark deleted [
2772 silly reify   '/Users/k1zzle/Desktop/velou-shopping-assistant/node_modules/@next/swc-linux-x64-musl'
2772 silly reify ]
2773 verbose reify failed optional dependency /Users/k1zzle/Desktop/velou-shopping-assistant/node_modules/@next/swc-linux-x64-gnu
2774 silly reify mark deleted [
2774 silly reify   '/Users/k1zzle/Desktop/velou-shopping-assistant/node_modules/@next/swc-linux-x64-gnu'
2774 silly reify ]
2775 verbose reify failed optional dependency /Users/k1zzle/Desktop/velou-shopping-assistant/node_modules/@next/swc-linux-arm64-musl
2776 silly reify mark deleted [
2776 silly reify   '/Users/k1zzle/Desktop/velou-shopping-assistant/node_modules/@next/swc-linux-arm64-musl'
2776 silly reify ]
2777 verbose reify failed optional dependency /Users/k1zzle/Desktop/velou-shopping-assistant/node_modules/@next/swc-linux-arm64-gnu
2778 silly reify mark deleted [
2778 silly reify   '/Users/k1zzle/Desktop/velou-shopping-assistant/node_modules/@next/swc-linux-arm64-gnu'
2778 silly reify ]
2779 verbose reify failed optional dependency /Users/k1zzle/Desktop/velou-shopping-assistant/node_modules/@next/swc-darwin-x64
2780 silly reify mark deleted [
2780 silly reify   '/Users/k1zzle/Desktop/velou-shopping-assistant/node_modules/@next/swc-darwin-x64'
2780 silly reify ]
2781 verbose reify failed optional dependency /Users/k1zzle/Desktop/velou-shopping-assistant/node_modules/lightningcss-win32-x64-msvc
2782 silly reify mark deleted [
2782 silly reify   '/Users/k1zzle/Desktop/velou-shopping-assistant/node_modules/lightningcss-win32-x64-msvc'
2782 silly reify ]
2783 verbose reify failed optional dependency /Users/k1zzle/Desktop/velou-shopping-assistant/node_modules/lightningcss-win32-arm64-msvc
2784 silly reify mark deleted [
2784 silly reify   '/Users/k1zzle/Desktop/velou-shopping-assistant/node_modules/lightningcss-win32-arm64-msvc'
2784 silly reify ]
2785 verbose reify failed optional dependency /Users/k1zzle/Desktop/velou-shopping-assistant/node_modules/lightningcss-linux-x64-musl
2786 silly reify mark deleted [
2786 silly reify   '/Users/k1zzle/Desktop/velou-shopping-assistant/node_modules/lightningcss-linux-x64-musl'
2786 silly reify ]
2787 verbose reify failed optional dependency /Users/k1zzle/Desktop/velou-shopping-assistant/node_modules/lightningcss-linux-x64-gnu
2788 silly reify mark deleted [
2788 silly reify   '/Users/k1zzle/Desktop/velou-shopping-assistant/node_modules/lightningcss-linux-x64-gnu'
2788 silly reify ]
2789 verbose reify failed optional dependency /Users/k1zzle/Desktop/velou-shopping-assistant/node_modules/lightningcss-linux-arm64-musl
2790 silly reify mark deleted [
2790 silly reify   '/Users/k1zzle/Desktop/velou-shopping-assistant/node_modules/lightningcss-linux-arm64-musl'
2790 silly reify ]
2791 verbose reify failed optional dependency /Users/k1zzle/Desktop/velou-shopping-assistant/node_modules/lightningcss-linux-arm64-gnu
2792 silly reify mark deleted [
2792 silly reify   '/Users/k1zzle/Desktop/velou-shopping-assistant/node_modules/lightningcss-linux-arm64-gnu'
2792 silly reify ]
2793 verbose reify failed optional dependency /Users/k1zzle/Desktop/velou-shopping-assistant/node_modules/lightningcss-linux-arm-gnueabihf
2794 silly reify mark deleted [
2794 silly reify   '/Users/k1zzle/Desktop/velou-shopping-assistant/node_modules/lightningcss-linux-arm-gnueabihf'
2794 silly reify ]
2795 verbose reify failed optional dependency /Users/k1zzle/Desktop/velou-shopping-assistant/node_modules/lightningcss-freebsd-x64
2796 silly reify mark deleted [
2796 silly reify   '/Users/k1zzle/Desktop/velou-shopping-assistant/node_modules/lightningcss-freebsd-x64'
2796 silly reify ]
2797 verbose reify failed optional dependency /Users/k1zzle/Desktop/velou-shopping-assistant/node_modules/lightningcss-darwin-x64
2798 silly reify mark deleted [
2798 silly reify   '/Users/k1zzle/Desktop/velou-shopping-assistant/node_modules/lightningcss-darwin-x64'
2798 silly reify ]
2799 verbose reify failed optional dependency /Users/k1zzle/Desktop/velou-shopping-assistant/node_modules/lightningcss-android-arm64
2800 silly reify mark deleted [
2800 silly reify   '/Users/k1zzle/Desktop/velou-shopping-assistant/node_modules/lightningcss-android-arm64'
2800 silly reify ]
2801 verbose reify failed optional dependency /Users/k1zzle/Desktop/velou-shopping-assistant/node_modules/@tailwindcss/oxide-win32-x64-msvc
2802 silly reify mark deleted [
2802 silly reify   '/Users/k1zzle/Desktop/velou-shopping-assistant/node_modules/@tailwindcss/oxide-win32-x64-msvc'
2802 silly reify ]
2803 verbose reify failed optional dependency /Users/k1zzle/Desktop/velou-shopping-assistant/node_modules/@tailwindcss/oxide-win32-arm64-msvc
2804 silly reify mark deleted [
2804 silly reify   '/Users/k1zzle/Desktop/velou-shopping-assistant/node_modules/@tailwindcss/oxide-win32-arm64-msvc'
2804 silly reify ]
2805 verbose reify failed optional dependency /Users/k1zzle/Desktop/velou-shopping-assistant/node_modules/@tailwindcss/oxide-linux-x64-musl
2806 silly reify mark deleted [
2806 silly reify   '/Users/k1zzle/Desktop/velou-shopping-assistant/node_modules/@tailwindcss/oxide-linux-x64-musl'
2806 silly reify ]
2807 verbose reify failed optional dependency /Users/k1zzle/Desktop/velou-shopping-assistant/node_modules/@tailwindcss/oxide-linux-x64-gnu
2808 silly reify mark deleted [
2808 silly reify   '/Users/k1zzle/Desktop/velou-shopping-assistant/node_modules/@tailwindcss/oxide-linux-x64-gnu'
2808 silly reify ]
2809 verbose reify failed optional dependency /Users/k1zzle/Desktop/velou-shopping-assistant/node_modules/@tailwindcss/oxide-linux-arm64-musl
2810 silly reify mark deleted [
2810 silly reify   '/Users/k1zzle/Desktop/velou-shopping-assistant/node_modules/@tailwindcss/oxide-linux-arm64-musl'
2810 silly reify ]
2811 verbose reify failed optional dependency /Users/k1zzle/Desktop/velou-shopping-assistant/node_modules/@tailwindcss/oxide-linux-arm64-gnu
2812 silly reify mark deleted [
2812 silly reify   '/Users/k1zzle/Desktop/velou-shopping-assistant/node_modules/@tailwindcss/oxide-linux-arm64-gnu'
2812 silly reify ]
2813 verbose reify failed optional dependency /Users/k1zzle/Desktop/velou-shopping-assistant/node_modules/@tailwindcss/oxide-linux-arm-gnueabihf
2814 silly reify mark deleted [
2814 silly reify   '/Users/k1zzle/Desktop/velou-shopping-assistant/node_modules/@tailwindcss/oxide-linux-arm-gnueabihf'
2814 silly reify ]
2815 verbose reify failed optional dependency /Users/k1zzle/Desktop/velou-shopping-assistant/node_modules/@tailwindcss/oxide-freebsd-x64
2816 silly reify mark deleted [
2816 silly reify   '/Users/k1zzle/Desktop/velou-shopping-assistant/node_modules/@tailwindcss/oxide-freebsd-x64'
2816 silly reify ]
2817 verbose reify failed optional dependency /Users/k1zzle/Desktop/velou-shopping-assistant/node_modules/@tailwindcss/oxide-darwin-x64
2818 silly reify mark deleted [
2818 silly reify   '/Users/k1zzle/Desktop/velou-shopping-assistant/node_modules/@tailwindcss/oxide-darwin-x64'
2818 silly reify ]
2819 verbose reify failed optional dependency /Users/k1zzle/Desktop/velou-shopping-assistant/node_modules/@tailwindcss/oxide-android-arm64
2820 silly reify mark deleted [
2820 silly reify   '/Users/k1zzle/Desktop/velou-shopping-assistant/node_modules/@tailwindcss/oxide-android-arm64'
2820 silly reify ]
2821 silly tarball no local data for is-weakmap@https://registry.npmjs.org/is-weakmap/-/is-weakmap-2.0.2.tgz. Extracting by manifest.
2822 silly tarball no local data for is-weakset@https://registry.npmjs.org/is-weakset/-/is-weakset-2.0.4.tgz. Extracting by manifest.
2823 silly tarball no local data for is-map@https://registry.npmjs.org/is-map/-/is-map-2.0.3.tgz. Extracting by manifest.
2824 silly tarball no local data for generator-function@https://registry.npmjs.org/generator-function/-/generator-function-2.0.1.tgz. Extracting by manifest.
2825 silly tarball no local data for async-function@https://registry.npmjs.org/async-function/-/async-function-1.0.0.tgz. Extracting by manifest.
2826 silly tarball no local data for which-collection@https://registry.npmjs.org/which-collection/-/which-collection-1.0.2.tgz. Extracting by manifest.
2827 silly tarball no local data for is-generator-function@https://registry.npmjs.org/is-generator-function/-/is-generator-function-1.1.2.tgz. Extracting by manifest.
2828 silly tarball no local data for is-finalizationregistry@https://registry.npmjs.org/is-finalizationregistry/-/is-finalizationregistry-1.1.1.tgz. Extracting by manifest.
2829 silly tarball no local data for is-async-function@https://registry.npmjs.org/is-async-function/-/is-async-function-2.1.1.tgz. Extracting by manifest.
2830 silly tarball no local data for is-number-object@https://registry.npmjs.org/is-number-object/-/is-number-object-1.1.1.tgz. Extracting by manifest.
2831 silly tarball no local data for is-boolean-object@https://registry.npmjs.org/is-boolean-object/-/is-boolean-object-1.2.2.tgz. Extracting by manifest.
2832 silly tarball no local data for is-bigint@https://registry.npmjs.org/is-bigint/-/is-bigint-1.1.0.tgz. Extracting by manifest.
2833 silly tarball no local data for isexe@https://registry.npmjs.org/isexe/-/isexe-2.0.0.tgz. Extracting by manifest.
2834 silly tarball no local data for punycode@https://registry.npmjs.org/punycode/-/punycode-2.3.1.tgz. Extracting by manifest.
2835 silly tarball no local data for escalade@https://registry.npmjs.org/escalade/-/escalade-3.2.0.tgz. Extracting by manifest.
2836 silly tarball no local data for @emnapi/wasi-threads@https://registry.npmjs.org/@emnapi/wasi-threads/-/wasi-threads-1.1.0.tgz. Extracting by manifest.
2837 silly tarball no local data for @tybys/wasm-util@https://registry.npmjs.org/@tybys/wasm-util/-/wasm-util-0.10.1.tgz. Extracting by manifest.
2838 silly tarball no local data for @emnapi/core@https://registry.npmjs.org/@emnapi/core/-/core-1.7.1.tgz. Extracting by manifest.
2839 silly tarball no local data for @napi-rs/wasm-runtime@https://registry.npmjs.org/@napi-rs/wasm-runtime/-/wasm-runtime-0.2.12.tgz. Extracting by manifest.
2840 silly tarball no local data for napi-postinstall@https://registry.npmjs.org/napi-postinstall/-/napi-postinstall-0.3.4.tgz. Extracting by manifest.
2841 silly tarball no local data for @unrs/resolver-binding-darwin-arm64@https://registry.npmjs.org/@unrs/resolver-binding-darwin-arm64/-/resolver-binding-darwin-arm64-1.11.1.tgz. Extracting by manifest.
2842 silly tarball no local data for which-boxed-primitive@https://registry.npmjs.org/which-boxed-primitive/-/which-boxed-primitive-1.1.1.tgz. Extracting by manifest.
2843 silly tarball no local data for has-bigints@https://registry.npmjs.org/has-bigints/-/has-bigints-1.1.0.tgz. Extracting by manifest.
2844 silly tarball no local data for @typescript-eslint/project-service@https://registry.npmjs.org/@typescript-eslint/project-service/-/project-service-8.47.0.tgz. Extracting by manifest.
2845 silly tarball no local data for @typescript-eslint/tsconfig-utils@https://registry.npmjs.org/@typescript-eslint/tsconfig-utils/-/tsconfig-utils-8.47.0.tgz. Extracting by manifest.
2846 silly tarball no local data for @typescript-eslint/types@https://registry.npmjs.org/@typescript-eslint/types/-/types-8.47.0.tgz. Extracting by manifest.
2847 silly tarball no local data for graphemer@https://registry.npmjs.org/graphemer/-/graphemer-1.4.0.tgz. Extracting by manifest.
2848 silly tarball no local data for @typescript-eslint/visitor-keys@https://registry.npmjs.org/@typescript-eslint/visitor-keys/-/visitor-keys-8.47.0.tgz. Extracting by manifest.
2849 silly tarball no local data for @typescript-eslint/type-utils@https://registry.npmjs.org/@typescript-eslint/type-utils/-/type-utils-8.47.0.tgz. Extracting by manifest.
2850 silly tarball no local data for ts-api-utils@https://registry.npmjs.org/ts-api-utils/-/ts-api-utils-2.1.0.tgz. Extracting by manifest.
2851 silly tarball no local data for @typescript-eslint/scope-manager@https://registry.npmjs.org/@typescript-eslint/scope-manager/-/scope-manager-8.47.0.tgz. Extracting by manifest.
2852 silly tarball no local data for @typescript-eslint/utils@https://registry.npmjs.org/@typescript-eslint/utils/-/utils-8.47.0.tgz. Extracting by manifest.
2853 silly tarball no local data for @typescript-eslint/typescript-estree@https://registry.npmjs.org/@typescript-eslint/typescript-estree/-/typescript-estree-8.47.0.tgz. Extracting by manifest.
2854 silly tarball no local data for @typescript-eslint/eslint-plugin@https://registry.npmjs.org/@typescript-eslint/eslint-plugin/-/eslint-plugin-8.47.0.tgz. Extracting by manifest.
2855 silly tarball no local data for @typescript-eslint/parser@https://registry.npmjs.org/@typescript-eslint/parser/-/parser-8.47.0.tgz. Extracting by manifest.
2856 silly tarball no local data for which-builtin-type@https://registry.npmjs.org/which-builtin-type/-/which-builtin-type-1.2.1.tgz. Extracting by manifest.
2857 silly tarball no local data for reflect.getprototypeof@https://registry.npmjs.org/reflect.getprototypeof/-/reflect.getprototypeof-1.0.10.tgz. Extracting by manifest.
2858 silly tarball no local data for for-each@https://registry.npmjs.org/for-each/-/for-each-0.3.5.tgz. Extracting by manifest.
2859 silly tarball no local data for strip-bom@https://registry.npmjs.org/strip-bom/-/strip-bom-3.0.0.tgz. Extracting by manifest.
2860 silly tarball no local data for minimist@https://registry.npmjs.org/minimist/-/minimist-1.2.8.tgz. Extracting by manifest.
2861 silly tarball no local data for @types/json5@https://registry.npmjs.org/@types/json5/-/json5-0.0.29.tgz. Extracting by manifest.
2862 silly tarball no local data for is-number@https://registry.npmjs.org/is-number/-/is-number-7.0.0.tgz. Extracting by manifest.
2863 silly tarball no local data for client-only@https://registry.npmjs.org/client-only/-/client-only-0.0.1.tgz. Extracting by manifest.
2864 silly tarball no local data for has-flag@https://registry.npmjs.org/has-flag/-/has-flag-4.0.0.tgz. Extracting by manifest.
2865 silly tarball no local data for side-channel-weakmap@https://registry.npmjs.org/side-channel-weakmap/-/side-channel-weakmap-1.0.2.tgz. Extracting by manifest.
2866 silly tarball no local data for side-channel-map@https://registry.npmjs.org/side-channel-map/-/side-channel-map-1.0.1.tgz. Extracting by manifest.
2867 silly tarball no local data for side-channel-list@https://registry.npmjs.org/side-channel-list/-/side-channel-list-1.0.0.tgz. Extracting by manifest.
2868 silly tarball no local data for shebang-regex@https://registry.npmjs.org/shebang-regex/-/shebang-regex-3.0.0.tgz. Extracting by manifest.
2869 silly tarball no local data for @emnapi/runtime@https://registry.npmjs.org/@emnapi/runtime/-/runtime-1.7.1.tgz. Extracting by manifest.
2870 silly tarball no local data for @img/sharp-libvips-darwin-arm64@https://registry.npmjs.org/@img/sharp-libvips-darwin-arm64/-/sharp-libvips-darwin-arm64-1.2.4.tgz. Extracting by manifest.
2871 silly tarball no local data for @img/sharp-darwin-arm64@https://registry.npmjs.org/@img/sharp-darwin-arm64/-/sharp-darwin-arm64-0.34.5.tgz. Extracting by manifest.
2872 silly tarball no local data for @img/colour@https://registry.npmjs.org/@img/colour/-/colour-1.0.0.tgz. Extracting by manifest.
2873 silly tarball no local data for isarray@https://registry.npmjs.org/isarray/-/isarray-2.0.5.tgz. Extracting by manifest.
2874 silly tarball no local data for queue-microtask@https://registry.npmjs.org/queue-microtask/-/queue-microtask-1.2.3.tgz. Extracting by manifest.
2875 silly tarball no local data for supports-preserve-symlinks-flag@https://registry.npmjs.org/supports-preserve-symlinks-flag/-/supports-preserve-symlinks-flag-1.0.0.tgz. Extracting by manifest.
2876 silly tarball no local data for path-parse@https://registry.npmjs.org/path-parse/-/path-parse-1.0.7.tgz. Extracting by manifest.
2877 silly tarball no local data for scheduler@https://registry.npmjs.org/scheduler/-/scheduler-0.27.0.tgz. Extracting by manifest.
2878 silly tarball no local data for react-is@https://registry.npmjs.org/react-is/-/react-is-16.13.1.tgz. Extracting by manifest.
2879 silly tarball no local data for object-assign@https://registry.npmjs.org/object-assign/-/object-assign-4.1.1.tgz. Extracting by manifest.
2880 silly tarball no local data for loose-envify@https://registry.npmjs.org/loose-envify/-/loose-envify-1.4.0.tgz. Extracting by manifest.
2881 silly tarball no local data for @prisma/get-platform@https://registry.npmjs.org/@prisma/get-platform/-/get-platform-5.22.0.tgz. Extracting by manifest.
2882 silly tarball no local data for @prisma/fetch-engine@https://registry.npmjs.org/@prisma/fetch-engine/-/fetch-engine-5.22.0.tgz. Extracting by manifest.
2883 silly tarball no local data for @prisma/engines-version@https://registry.npmjs.org/@prisma/engines-version/-/engines-version-5.22.0-44.605197351a3c8bdd595af2d2a9bc3025bca48ea2.tgz. Extracting by manifest.
2884 silly tarball no local data for fsevents@https://registry.npmjs.org/fsevents/-/fsevents-2.3.3.tgz. Extracting by manifest.
2885 silly tarball no local data for @prisma/debug@https://registry.npmjs.org/@prisma/debug/-/debug-5.22.0.tgz. Extracting by manifest.
2886 silly tarball no local data for @prisma/engines@https://registry.npmjs.org/@prisma/engines/-/engines-5.22.0.tgz. Extracting by manifest.
2887 silly tarball no local data for nanoid@https://registry.npmjs.org/nanoid/-/nanoid-3.3.11.tgz. Extracting by manifest.
2888 silly tarball no local data for callsites@https://registry.npmjs.org/callsites/-/callsites-3.1.0.tgz. Extracting by manifest.
2889 silly tarball no local data for yocto-queue@https://registry.npmjs.org/yocto-queue/-/yocto-queue-0.1.0.tgz. Extracting by manifest.
2890 silly tarball no local data for p-limit@https://registry.npmjs.org/p-limit/-/p-limit-3.1.0.tgz. Extracting by manifest.
2891 silly tarball no local data for word-wrap@https://registry.npmjs.org/word-wrap/-/word-wrap-1.2.5.tgz. Extracting by manifest.
2892 silly tarball no local data for fast-levenshtein@https://registry.npmjs.org/fast-levenshtein/-/fast-levenshtein-2.0.6.tgz. Extracting by manifest.
2893 silly tarball no local data for deep-is@https://registry.npmjs.org/deep-is/-/deep-is-0.1.4.tgz. Extracting by manifest.
2894 silly tarball no local data for tslib@https://registry.npmjs.org/tslib/-/tslib-2.8.1.tgz. Extracting by manifest.
2895 silly tarball no local data for styled-jsx@https://registry.npmjs.org/styled-jsx/-/styled-jsx-5.1.6.tgz. Extracting by manifest.
2896 silly tarball no local data for sharp@https://registry.npmjs.org/sharp/-/sharp-0.34.5.tgz. Extracting by manifest.
2897 silly tarball no local data for @swc/helpers@https://registry.npmjs.org/@swc/helpers/-/helpers-0.5.15.tgz. Extracting by manifest.
2898 silly tarball no local data for @next/env@https://registry.npmjs.org/@next/env/-/env-16.0.3.tgz. Extracting by manifest.
2899 silly tarball no local data for @next/swc-darwin-arm64@https://registry.npmjs.org/@next/swc-darwin-arm64/-/swc-darwin-arm64-16.0.3.tgz. Extracting by manifest.
2900 silly tarball no local data for concat-map@https://registry.npmjs.org/concat-map/-/concat-map-0.0.1.tgz. Extracting by manifest.
2901 silly tarball no local data for balanced-match@https://registry.npmjs.org/balanced-match/-/balanced-match-1.0.2.tgz. Extracting by manifest.
2902 silly tarball no local data for brace-expansion@https://registry.npmjs.org/brace-expansion/-/brace-expansion-1.1.12.tgz. Extracting by manifest.
2903 silly tarball no local data for to-regex-range@https://registry.npmjs.org/to-regex-range/-/to-regex-range-5.0.1.tgz. Extracting by manifest.
2904 silly tarball no local data for fill-range@https://registry.npmjs.org/fill-range/-/fill-range-7.1.1.tgz. Extracting by manifest.
2905 silly tarball no local data for picomatch@https://registry.npmjs.org/picomatch/-/picomatch-2.3.1.tgz. Extracting by manifest.
2906 silly tarball no local data for braces@https://registry.npmjs.org/braces/-/braces-3.0.3.tgz. Extracting by manifest.
2907 silly tarball no local data for yallist@https://registry.npmjs.org/yallist/-/yallist-3.1.1.tgz. Extracting by manifest.
2908 silly tarball no local data for p-locate@https://registry.npmjs.org/p-locate/-/p-locate-5.0.0.tgz. Extracting by manifest.
2909 silly tarball no local data for detect-libc@https://registry.npmjs.org/detect-libc/-/detect-libc-2.1.2.tgz. Extracting by manifest.
2910 silly tarball no local data for type-check@https://registry.npmjs.org/type-check/-/type-check-0.4.0.tgz. Extracting by manifest.
2911 silly tarball no local data for lightningcss-darwin-arm64@https://registry.npmjs.org/lightningcss-darwin-arm64/-/lightningcss-darwin-arm64-1.30.2.tgz. Extracting by manifest.
2912 silly tarball no local data for prelude-ls@https://registry.npmjs.org/prelude-ls/-/prelude-ls-1.2.1.tgz. Extracting by manifest.
2913 silly tarball no local data for language-subtag-registry@https://registry.npmjs.org/language-subtag-registry/-/language-subtag-registry-0.3.23.tgz. Extracting by manifest.
2914 silly tarball no local data for json-buffer@https://registry.npmjs.org/json-buffer/-/json-buffer-3.0.1.tgz. Extracting by manifest.
2915 silly tarball no local data for argparse@https://registry.npmjs.org/argparse/-/argparse-2.0.1.tgz. Extracting by manifest.
2916 silly tarball no local data for set-function-name@https://registry.npmjs.org/set-function-name/-/set-function-name-2.0.2.tgz. Extracting by manifest.
2917 silly tarball no local data for is-extglob@https://registry.npmjs.org/is-extglob/-/is-extglob-2.1.1.tgz. Extracting by manifest.
2918 silly tarball no local data for side-channel@https://registry.npmjs.org/side-channel/-/side-channel-1.1.0.tgz. Extracting by manifest.
2919 silly tarball no local data for resolve-from@https://registry.npmjs.org/resolve-from/-/resolve-from-4.0.0.tgz. Extracting by manifest.
2920 silly tarball no local data for parent-module@https://registry.npmjs.org/parent-module/-/parent-module-1.0.1.tgz. Extracting by manifest.
2921 silly tarball no local data for resolve-pkg-maps@https://registry.npmjs.org/resolve-pkg-maps/-/resolve-pkg-maps-1.0.0.tgz. Extracting by manifest.
2922 silly tarball no local data for dunder-proto@https://registry.npmjs.org/dunder-proto/-/dunder-proto-1.0.1.tgz. Extracting by manifest.
2923 silly tarball no local data for keyv@https://registry.npmjs.org/keyv/-/keyv-4.5.4.tgz. Extracting by manifest.
2924 silly tarball no local data for functions-have-names@https://registry.npmjs.org/functions-have-names/-/functions-have-names-1.2.3.tgz. Extracting by manifest.
2925 silly tarball no local data for hermes-estree@https://registry.npmjs.org/hermes-estree/-/hermes-estree-0.25.1.tgz. Extracting by manifest.
2926 silly tarball no local data for flatted@https://registry.npmjs.org/flatted/-/flatted-3.3.3.tgz. Extracting by manifest.
2927 silly tarball no local data for path-exists@https://registry.npmjs.org/path-exists/-/path-exists-4.0.0.tgz. Extracting by manifest.
2928 silly tarball no local data for locate-path@https://registry.npmjs.org/locate-path/-/locate-path-6.0.0.tgz. Extracting by manifest.
2929 silly tarball no local data for reusify@https://registry.npmjs.org/reusify/-/reusify-1.1.0.tgz. Extracting by manifest.
2930 silly tarball no local data for run-parallel@https://registry.npmjs.org/run-parallel/-/run-parallel-1.2.0.tgz. Extracting by manifest.
2931 silly tarball no local data for fastq@https://registry.npmjs.org/fastq/-/fastq-1.19.1.tgz. Extracting by manifest.
2932 silly tarball no local data for @nodelib/fs.scandir@https://registry.npmjs.org/@nodelib/fs.scandir/-/fs.scandir-2.1.5.tgz. Extracting by manifest.
2933 silly tarball no local data for micromatch@https://registry.npmjs.org/micromatch/-/micromatch-4.0.8.tgz. Extracting by manifest.
2934 silly tarball no local data for merge2@https://registry.npmjs.org/merge2/-/merge2-1.4.1.tgz. Extracting by manifest.
2935 silly tarball no local data for @nodelib/fs.walk@https://registry.npmjs.org/@nodelib/fs.walk/-/fs.walk-1.2.8.tgz. Extracting by manifest.
2936 silly tarball no local data for acorn-jsx@https://registry.npmjs.org/acorn-jsx/-/acorn-jsx-5.3.2.tgz. Extracting by manifest.
2937 silly tarball no local data for @nodelib/fs.stat@https://registry.npmjs.org/@nodelib/fs.stat/-/fs.stat-2.0.5.tgz. Extracting by manifest.
2938 silly tarball no local data for acorn@https://registry.npmjs.org/acorn/-/acorn-8.15.0.tgz. Extracting by manifest.
2939 silly tarball no local data for flat-cache@https://registry.npmjs.org/flat-cache/-/flat-cache-4.0.1.tgz. Extracting by manifest.
2940 silly tarball no local data for esrecurse@https://registry.npmjs.org/esrecurse/-/esrecurse-4.3.0.tgz. Extracting by manifest.
2941 silly tarball no local data for node-releases@https://registry.npmjs.org/node-releases/-/node-releases-2.0.27.tgz. Extracting by manifest.
2942 silly tarball no local data for update-browserslist-db@https://registry.npmjs.org/update-browserslist-db/-/update-browserslist-db-1.1.4.tgz. Extracting by manifest.
2943 silly tarball no local data for caniuse-lite@https://registry.npmjs.org/caniuse-lite/-/caniuse-lite-1.0.30001756.tgz. Extracting by manifest.
2944 silly tarball no local data for baseline-browser-mapping@https://registry.npmjs.org/baseline-browser-mapping/-/baseline-browser-mapping-2.8.29.tgz. Extracting by manifest.
2945 silly tarball no local data for @babel/helper-string-parser@https://registry.npmjs.org/@babel/helper-string-parser/-/helper-string-parser-7.27.1.tgz. Extracting by manifest.
2946 silly tarball no local data for @babel/helper-globals@https://registry.npmjs.org/@babel/helper-globals/-/helper-globals-7.28.0.tgz. Extracting by manifest.
2947 silly tarball no local data for @babel/helper-module-imports@https://registry.npmjs.org/@babel/helper-module-imports/-/helper-module-imports-7.27.1.tgz. Extracting by manifest.
2948 silly tarball no local data for browserslist@https://registry.npmjs.org/browserslist/-/browserslist-4.28.0.tgz. Extracting by manifest.
2949 silly tarball no local data for @babel/helper-validator-option@https://registry.npmjs.org/@babel/helper-validator-option/-/helper-validator-option-7.27.1.tgz. Extracting by manifest.
2950 silly tarball no local data for lru-cache@https://registry.npmjs.org/lru-cache/-/lru-cache-5.1.1.tgz. Extracting by manifest.
2951 silly tarball no local data for @babel/compat-data@https://registry.npmjs.org/@babel/compat-data/-/compat-data-7.28.5.tgz. Extracting by manifest.
2952 silly tarball no local data for jsesc@https://registry.npmjs.org/jsesc/-/jsesc-3.1.0.tgz. Extracting by manifest.
2953 silly tarball no local data for electron-to-chromium@https://registry.npmjs.org/electron-to-chromium/-/electron-to-chromium-1.5.256.tgz. Extracting by manifest.
2954 silly tarball no local data for picocolors@https://registry.npmjs.org/picocolors/-/picocolors-1.1.1.tgz. Extracting by manifest.
2955 silly tarball no local data for js-tokens@https://registry.npmjs.org/js-tokens/-/js-tokens-4.0.0.tgz. Extracting by manifest.
2956 silly tarball no local data for json5@https://registry.npmjs.org/json5/-/json5-2.2.3.tgz. Extracting by manifest.
2957 silly tarball no local data for @babel/helper-validator-identifier@https://registry.npmjs.org/@babel/helper-validator-identifier/-/helper-validator-identifier-7.28.5.tgz. Extracting by manifest.
2958 silly tarball no local data for gensync@https://registry.npmjs.org/gensync/-/gensync-1.0.0-beta.2.tgz. Extracting by manifest.
2959 silly tarball no local data for convert-source-map@https://registry.npmjs.org/convert-source-map/-/convert-source-map-2.0.0.tgz. Extracting by manifest.
2960 silly tarball no local data for @babel/types@https://registry.npmjs.org/@babel/types/-/types-7.28.5.tgz. Extracting by manifest.
2961 silly tarball no local data for @babel/traverse@https://registry.npmjs.org/@babel/traverse/-/traverse-7.28.5.tgz. Extracting by manifest.
2962 silly tarball no local data for @babel/template@https://registry.npmjs.org/@babel/template/-/template-7.27.2.tgz. Extracting by manifest.
2963 silly tarball no local data for @babel/helpers@https://registry.npmjs.org/@babel/helpers/-/helpers-7.28.4.tgz. Extracting by manifest.
2964 silly tarball no local data for @babel/helper-module-transforms@https://registry.npmjs.org/@babel/helper-module-transforms/-/helper-module-transforms-7.28.3.tgz. Extracting by manifest.
2965 silly tarball no local data for @babel/generator@https://registry.npmjs.org/@babel/generator/-/generator-7.28.5.tgz. Extracting by manifest.
2966 silly tarball no local data for @babel/helper-compilation-targets@https://registry.npmjs.org/@babel/helper-compilation-targets/-/helper-compilation-targets-7.27.2.tgz. Extracting by manifest.
2967 silly tarball no local data for @babel/code-frame@https://registry.npmjs.org/@babel/code-frame/-/code-frame-7.27.1.tgz. Extracting by manifest.
2968 silly tarball no local data for zod-validation-error@https://registry.npmjs.org/zod-validation-error/-/zod-validation-error-4.0.2.tgz. Extracting by manifest.
2969 silly tarball no local data for hermes-parser@https://registry.npmjs.org/hermes-parser/-/hermes-parser-0.25.1.tgz. Extracting by manifest.
2970 silly tarball no local data for @babel/parser@https://registry.npmjs.org/@babel/parser/-/parser-7.28.5.tgz. Extracting by manifest.
2971 silly tarball no local data for @babel/core@https://registry.npmjs.org/@babel/core/-/core-7.28.5.tgz. Extracting by manifest.
2972 silly tarball no local data for zod@https://registry.npmjs.org/zod/-/zod-4.1.12.tgz. Extracting by manifest.
2973 silly tarball no local data for iterator.prototype@https://registry.npmjs.org/iterator.prototype/-/iterator.prototype-1.1.5.tgz. Extracting by manifest.
2974 silly tarball no local data for string.prototype.repeat@https://registry.npmjs.org/string.prototype.repeat/-/string.prototype.repeat-1.0.0.tgz. Extracting by manifest.
2975 silly tarball no local data for string.prototype.matchall@https://registry.npmjs.org/string.prototype.matchall/-/string.prototype.matchall-4.0.12.tgz. Extracting by manifest.
2976 silly tarball no local data for prop-types@https://registry.npmjs.org/prop-types/-/prop-types-15.8.1.tgz. Extracting by manifest.
2977 silly tarball no local data for object.entries@https://registry.npmjs.org/object.entries/-/object.entries-1.1.9.tgz. Extracting by manifest.
2978 silly tarball no local data for estraverse@https://registry.npmjs.org/estraverse/-/estraverse-5.3.0.tgz. Extracting by manifest.
2979 silly tarball no local data for es-iterator-helpers@https://registry.npmjs.org/es-iterator-helpers/-/es-iterator-helpers-1.2.1.tgz. Extracting by manifest.
2980 silly tarball no local data for array.prototype.tosorted@https://registry.npmjs.org/array.prototype.tosorted/-/array.prototype.tosorted-1.1.4.tgz. Extracting by manifest.
2981 silly tarball no local data for array.prototype.findlast@https://registry.npmjs.org/array.prototype.findlast/-/array.prototype.findlast-1.2.5.tgz. Extracting by manifest.
2982 silly tarball no local data for string.prototype.includes@https://registry.npmjs.org/string.prototype.includes/-/string.prototype.includes-2.0.1.tgz. Extracting by manifest.
2983 silly tarball no local data for language-tags@https://registry.npmjs.org/language-tags/-/language-tags-1.0.9.tgz. Extracting by manifest.
2984 silly tarball no local data for jsx-ast-utils@https://registry.npmjs.org/jsx-ast-utils/-/jsx-ast-utils-3.3.5.tgz. Extracting by manifest.
2985 silly tarball no local data for emoji-regex@https://registry.npmjs.org/emoji-regex/-/emoji-regex-9.2.2.tgz. Extracting by manifest.
2986 silly tarball no local data for damerau-levenshtein@https://registry.npmjs.org/damerau-levenshtein/-/damerau-levenshtein-1.0.8.tgz. Extracting by manifest.
2987 silly tarball no local data for axobject-query@https://registry.npmjs.org/axobject-query/-/axobject-query-4.1.0.tgz. Extracting by manifest.
2988 silly tarball no local data for axe-core@https://registry.npmjs.org/axe-core/-/axe-core-4.11.0.tgz. Extracting by manifest.
2989 silly tarball no local data for ast-types-flow@https://registry.npmjs.org/ast-types-flow/-/ast-types-flow-0.0.8.tgz. Extracting by manifest.
2990 silly tarball no local data for aria-query@https://registry.npmjs.org/aria-query/-/aria-query-5.3.2.tgz. Extracting by manifest.
2991 silly tarball no local data for is-symbol@https://registry.npmjs.org/is-symbol/-/is-symbol-1.1.1.tgz. Extracting by manifest.
2992 silly tarball no local data for is-date-object@https://registry.npmjs.org/is-date-object/-/is-date-object-1.1.0.tgz. Extracting by manifest.
2993 silly tarball no local data for has-tostringtag@https://registry.npmjs.org/has-tostringtag/-/has-tostringtag-1.0.2.tgz. Extracting by manifest.
2994 silly tarball no local data for possible-typed-array-names@https://registry.npmjs.org/possible-typed-array-names/-/possible-typed-array-names-1.1.0.tgz. Extracting by manifest.
2995 silly tarball no local data for which-typed-array@https://registry.npmjs.org/which-typed-array/-/which-typed-array-1.1.19.tgz. Extracting by manifest.
2996 silly tarball no local data for unbox-primitive@https://registry.npmjs.org/unbox-primitive/-/unbox-primitive-1.1.0.tgz. Extracting by manifest.
2997 silly tarball no local data for typed-array-byte-offset@https://registry.npmjs.org/typed-array-byte-offset/-/typed-array-byte-offset-1.0.4.tgz. Extracting by manifest.
2998 silly tarball no local data for typed-array-length@https://registry.npmjs.org/typed-array-length/-/typed-array-length-1.0.7.tgz. Extracting by manifest.
2999 silly tarball no local data for typed-array-byte-length@https://registry.npmjs.org/typed-array-byte-length/-/typed-array-byte-length-1.0.3.tgz. Extracting by manifest.
3000 silly tarball no local data for typed-array-buffer@https://registry.npmjs.org/typed-array-buffer/-/typed-array-buffer-1.0.3.tgz. Extracting by manifest.
3001 silly tarball no local data for string.prototype.trimstart@https://registry.npmjs.org/string.prototype.trimstart/-/string.prototype.trimstart-1.0.8.tgz. Extracting by manifest.
3002 silly tarball no local data for string.prototype.trim@https://registry.npmjs.org/string.prototype.trim/-/string.prototype.trim-1.2.10.tgz. Extracting by manifest.
3003 silly tarball no local data for stop-iteration-iterator@https://registry.npmjs.org/stop-iteration-iterator/-/stop-iteration-iterator-1.1.0.tgz. Extracting by manifest.
3004 silly tarball no local data for set-proto@https://registry.npmjs.org/set-proto/-/set-proto-1.0.0.tgz. Extracting by manifest.
3005 silly tarball no local data for safe-regex-test@https://registry.npmjs.org/safe-regex-test/-/safe-regex-test-1.1.0.tgz. Extracting by manifest.
3006 silly tarball no local data for safe-push-apply@https://registry.npmjs.org/safe-push-apply/-/safe-push-apply-1.0.0.tgz. Extracting by manifest.
3007 silly tarball no local data for safe-array-concat@https://registry.npmjs.org/safe-array-concat/-/safe-array-concat-1.1.3.tgz. Extracting by manifest.
3008 silly tarball no local data for regexp.prototype.flags@https://registry.npmjs.org/regexp.prototype.flags/-/regexp.prototype.flags-1.5.4.tgz. Extracting by manifest.
3009 silly tarball no local data for own-keys@https://registry.npmjs.org/own-keys/-/own-keys-1.0.1.tgz. Extracting by manifest.
3010 silly tarball no local data for object.assign@https://registry.npmjs.org/object.assign/-/object.assign-4.1.7.tgz. Extracting by manifest.
3011 silly tarball no local data for object-inspect@https://registry.npmjs.org/object-inspect/-/object-inspect-1.13.4.tgz. Extracting by manifest.
3012 silly tarball no local data for is-weakref@https://registry.npmjs.org/is-weakref/-/is-weakref-1.1.1.tgz. Extracting by manifest.
3013 silly tarball no local data for is-typed-array@https://registry.npmjs.org/is-typed-array/-/is-typed-array-1.1.15.tgz. Extracting by manifest.
3014 silly tarball no local data for is-shared-array-buffer@https://registry.npmjs.org/is-shared-array-buffer/-/is-shared-array-buffer-1.0.4.tgz. Extracting by manifest.
3015 silly tarball no local data for is-set@https://registry.npmjs.org/is-set/-/is-set-2.0.3.tgz. Extracting by manifest.
3016 silly tarball no local data for is-regex@https://registry.npmjs.org/is-regex/-/is-regex-1.2.1.tgz. Extracting by manifest.
3017 silly tarball no local data for is-negative-zero@https://registry.npmjs.org/is-negative-zero/-/is-negative-zero-2.0.3.tgz. Extracting by manifest.
3018 silly tarball no local data for is-data-view@https://registry.npmjs.org/is-data-view/-/is-data-view-1.0.2.tgz. Extracting by manifest.
3019 silly tarball no local data for is-callable@https://registry.npmjs.org/is-callable/-/is-callable-1.2.7.tgz. Extracting by manifest.
3020 silly tarball no local data for is-array-buffer@https://registry.npmjs.org/is-array-buffer/-/is-array-buffer-3.0.5.tgz. Extracting by manifest.
3021 silly tarball no local data for internal-slot@https://registry.npmjs.org/internal-slot/-/internal-slot-1.1.0.tgz. Extracting by manifest.
3022 silly tarball no local data for has-symbols@https://registry.npmjs.org/has-symbols/-/has-symbols-1.1.0.tgz. Extracting by manifest.
3023 silly tarball no local data for has-proto@https://registry.npmjs.org/has-proto/-/has-proto-1.2.0.tgz. Extracting by manifest.
3024 silly tarball no local data for globalthis@https://registry.npmjs.org/globalthis/-/globalthis-1.0.4.tgz. Extracting by manifest.
3025 silly tarball no local data for get-symbol-description@https://registry.npmjs.org/get-symbol-description/-/get-symbol-description-1.1.0.tgz. Extracting by manifest.
3026 silly tarball no local data for get-proto@https://registry.npmjs.org/get-proto/-/get-proto-1.0.1.tgz. Extracting by manifest.
3027 silly tarball no local data for function.prototype.name@https://registry.npmjs.org/function.prototype.name/-/function.prototype.name-1.1.8.tgz. Extracting by manifest.
3028 silly tarball no local data for es-to-primitive@https://registry.npmjs.org/es-to-primitive/-/es-to-primitive-1.3.0.tgz. Extracting by manifest.
3029 silly tarball no local data for es-set-tostringtag@https://registry.npmjs.org/es-set-tostringtag/-/es-set-tostringtag-2.1.0.tgz. Extracting by manifest.
3030 silly tarball no local data for data-view-byte-offset@https://registry.npmjs.org/data-view-byte-offset/-/data-view-byte-offset-1.0.1.tgz. Extracting by manifest.
3031 silly tarball no local data for data-view-byte-length@https://registry.npmjs.org/data-view-byte-length/-/data-view-byte-length-1.0.2.tgz. Extracting by manifest.
3032 silly tarball no local data for data-view-buffer@https://registry.npmjs.org/data-view-buffer/-/data-view-buffer-1.0.2.tgz. Extracting by manifest.
3033 silly tarball no local data for available-typed-arrays@https://registry.npmjs.org/available-typed-arrays/-/available-typed-arrays-1.0.7.tgz. Extracting by manifest.
3034 silly tarball no local data for arraybuffer.prototype.slice@https://registry.npmjs.org/arraybuffer.prototype.slice/-/arraybuffer.prototype.slice-1.0.4.tgz. Extracting by manifest.
3035 silly tarball no local data for array-buffer-byte-length@https://registry.npmjs.org/array-buffer-byte-length/-/array-buffer-byte-length-1.0.2.tgz. Extracting by manifest.
3036 silly tarball no local data for object-keys@https://registry.npmjs.org/object-keys/-/object-keys-1.1.1.tgz. Extracting by manifest.
3037 silly tarball no local data for gopd@https://registry.npmjs.org/gopd/-/gopd-1.2.0.tgz. Extracting by manifest.
3038 silly tarball no local data for has-property-descriptors@https://registry.npmjs.org/has-property-descriptors/-/has-property-descriptors-1.0.2.tgz. Extracting by manifest.
3039 silly tarball no local data for define-data-property@https://registry.npmjs.org/define-data-property/-/define-data-property-1.1.4.tgz. Extracting by manifest.
3040 silly tarball no local data for function-bind@https://registry.npmjs.org/function-bind/-/function-bind-1.1.2.tgz. Extracting by manifest.
3041 silly tarball no local data for set-function-length@https://registry.npmjs.org/set-function-length/-/set-function-length-1.2.2.tgz. Extracting by manifest.
3042 silly tarball no local data for es-define-property@https://registry.npmjs.org/es-define-property/-/es-define-property-1.0.1.tgz. Extracting by manifest.
3043 silly tarball no local data for call-bind-apply-helpers@https://registry.npmjs.org/call-bind-apply-helpers/-/call-bind-apply-helpers-1.0.2.tgz. Extracting by manifest.
3044 silly tarball no local data for es-shim-unscopables@https://registry.npmjs.org/es-shim-unscopables/-/es-shim-unscopables-1.1.0.tgz. Extracting by manifest.
3045 silly tarball no local data for es-errors@https://registry.npmjs.org/es-errors/-/es-errors-1.3.0.tgz. Extracting by manifest.
3046 silly tarball no local data for math-intrinsics@https://registry.npmjs.org/math-intrinsics/-/math-intrinsics-1.1.0.tgz. Extracting by manifest.
3047 silly tarball no local data for is-string@https://registry.npmjs.org/is-string/-/is-string-1.1.1.tgz. Extracting by manifest.
3048 silly tarball no local data for get-intrinsic@https://registry.npmjs.org/get-intrinsic/-/get-intrinsic-1.3.0.tgz. Extracting by manifest.
3049 silly tarball no local data for es-object-atoms@https://registry.npmjs.org/es-object-atoms/-/es-object-atoms-1.1.1.tgz. Extracting by manifest.
3050 silly tarball no local data for es-abstract@https://registry.npmjs.org/es-abstract/-/es-abstract-1.24.0.tgz. Extracting by manifest.
3051 silly tarball no local data for define-properties@https://registry.npmjs.org/define-properties/-/define-properties-1.2.1.tgz. Extracting by manifest.
3052 silly tarball no local data for call-bound@https://registry.npmjs.org/call-bound/-/call-bound-1.0.4.tgz. Extracting by manifest.
3053 silly tarball no local data for call-bind@https://registry.npmjs.org/call-bind/-/call-bind-1.0.8.tgz. Extracting by manifest.
3054 silly tarball no local data for tsconfig-paths@https://registry.npmjs.org/tsconfig-paths/-/tsconfig-paths-3.15.0.tgz. Extracting by manifest.
3055 silly tarball no local data for string.prototype.trimend@https://registry.npmjs.org/string.prototype.trimend/-/string.prototype.trimend-1.0.9.tgz. Extracting by manifest.
3056 silly tarball no local data for semver@https://registry.npmjs.org/semver/-/semver-6.3.1.tgz. Extracting by manifest.
3057 silly tarball no local data for object.values@https://registry.npmjs.org/object.values/-/object.values-1.2.1.tgz. Extracting by manifest.
3058 silly tarball no local data for object.groupby@https://registry.npmjs.org/object.groupby/-/object.groupby-1.0.3.tgz. Extracting by manifest.
3059 silly tarball no local data for object.fromentries@https://registry.npmjs.org/object.fromentries/-/object.fromentries-2.0.8.tgz. Extracting by manifest.
3060 silly tarball no local data for hasown@https://registry.npmjs.org/hasown/-/hasown-2.0.2.tgz. Extracting by manifest.
3061 silly tarball no local data for eslint-module-utils@https://registry.npmjs.org/eslint-module-utils/-/eslint-module-utils-2.12.1.tgz. Extracting by manifest.
3062 silly tarball no local data for doctrine@https://registry.npmjs.org/doctrine/-/doctrine-2.1.0.tgz. Extracting by manifest.
3063 silly tarball no local data for array.prototype.flatmap@https://registry.npmjs.org/array.prototype.flatmap/-/array.prototype.flatmap-1.3.3.tgz. Extracting by manifest.
3064 silly tarball no local data for array.prototype.flat@https://registry.npmjs.org/array.prototype.flat/-/array.prototype.flat-1.3.3.tgz. Extracting by manifest.
3065 silly tarball no local data for array.prototype.findlastindex@https://registry.npmjs.org/array.prototype.findlastindex/-/array.prototype.findlastindex-1.2.6.tgz. Extracting by manifest.
3066 silly tarball no local data for array-includes@https://registry.npmjs.org/array-includes/-/array-includes-3.1.9.tgz. Extracting by manifest.
3067 silly tarball no local data for @rtsao/scc@https://registry.npmjs.org/@rtsao/scc/-/scc-1.1.0.tgz. Extracting by manifest.
3068 silly tarball no local data for unrs-resolver@https://registry.npmjs.org/unrs-resolver/-/unrs-resolver-1.11.1.tgz. Extracting by manifest.
3069 silly tarball no local data for tinyglobby@https://registry.npmjs.org/tinyglobby/-/tinyglobby-0.2.15.tgz. Extracting by manifest.
3070 silly tarball no local data for stable-hash@https://registry.npmjs.org/stable-hash/-/stable-hash-0.0.5.tgz. Extracting by manifest.
3071 silly tarball no local data for is-bun-module@https://registry.npmjs.org/is-bun-module/-/is-bun-module-2.0.0.tgz. Extracting by manifest.
3072 silly tarball no local data for get-tsconfig@https://registry.npmjs.org/get-tsconfig/-/get-tsconfig-4.13.0.tgz. Extracting by manifest.
3073 silly tarball no local data for @nolyfill/is-core-module@https://registry.npmjs.org/@nolyfill/is-core-module/-/is-core-module-1.0.39.tgz. Extracting by manifest.
3074 silly tarball no local data for resolve@https://registry.npmjs.org/resolve/-/resolve-1.22.11.tgz. Extracting by manifest.
3075 silly tarball no local data for is-core-module@https://registry.npmjs.org/is-core-module/-/is-core-module-2.16.1.tgz. Extracting by manifest.
3076 silly tarball no local data for fast-glob@https://registry.npmjs.org/fast-glob/-/fast-glob-3.3.1.tgz. Extracting by manifest.
3077 silly tarball no local data for typescript-eslint@https://registry.npmjs.org/typescript-eslint/-/typescript-eslint-8.47.0.tgz. Extracting by manifest.
3078 silly tarball no local data for eslint-plugin-react-hooks@https://registry.npmjs.org/eslint-plugin-react-hooks/-/eslint-plugin-react-hooks-7.0.1.tgz. Extracting by manifest.
3079 silly tarball no local data for eslint-plugin-jsx-a11y@https://registry.npmjs.org/eslint-plugin-jsx-a11y/-/eslint-plugin-jsx-a11y-6.10.2.tgz. Extracting by manifest.
3080 silly tarball no local data for eslint-plugin-react@https://registry.npmjs.org/eslint-plugin-react/-/eslint-plugin-react-7.37.5.tgz. Extracting by manifest.
3081 silly tarball no local data for eslint-plugin-import@https://registry.npmjs.org/eslint-plugin-import/-/eslint-plugin-import-2.32.0.tgz. Extracting by manifest.
3082 silly tarball no local data for eslint-import-resolver-typescript@https://registry.npmjs.org/eslint-import-resolver-typescript/-/eslint-import-resolver-typescript-3.10.1.tgz. Extracting by manifest.
3083 silly tarball no local data for eslint-import-resolver-node@https://registry.npmjs.org/eslint-import-resolver-node/-/eslint-import-resolver-node-0.3.9.tgz. Extracting by manifest.
3084 silly tarball no local data for ms@https://registry.npmjs.org/ms/-/ms-2.1.3.tgz. Extracting by manifest.
3085 silly tarball no local data for @next/eslint-plugin-next@https://registry.npmjs.org/@next/eslint-plugin-next/-/eslint-plugin-next-16.0.3.tgz. Extracting by manifest.
3086 silly tarball no local data for which@https://registry.npmjs.org/which/-/which-2.0.2.tgz. Extracting by manifest.
3087 silly tarball no local data for path-key@https://registry.npmjs.org/path-key/-/path-key-3.1.1.tgz. Extracting by manifest.
3088 silly tarball no local data for shebang-command@https://registry.npmjs.org/shebang-command/-/shebang-command-2.0.0.tgz. Extracting by manifest.
3089 silly tarball no local data for color-name@https://registry.npmjs.org/color-name/-/color-name-1.1.4.tgz. Extracting by manifest.
3090 silly tarball no local data for color-convert@https://registry.npmjs.org/color-convert/-/color-convert-2.0.1.tgz. Extracting by manifest.
3091 silly tarball no local data for supports-color@https://registry.npmjs.org/supports-color/-/supports-color-7.2.0.tgz. Extracting by manifest.
3092 silly tarball no local data for ansi-styles@https://registry.npmjs.org/ansi-styles/-/ansi-styles-4.3.0.tgz. Extracting by manifest.
3093 silly tarball no local data for uri-js@https://registry.npmjs.org/uri-js/-/uri-js-4.4.1.tgz. Extracting by manifest.
3094 silly tarball no local data for json-schema-traverse@https://registry.npmjs.org/json-schema-traverse/-/json-schema-traverse-0.4.1.tgz. Extracting by manifest.
3095 silly tarball no local data for @humanfs/core@https://registry.npmjs.org/@humanfs/core/-/core-0.19.1.tgz. Extracting by manifest.
3096 silly tarball no local data for fast-json-stable-stringify@https://registry.npmjs.org/fast-json-stable-stringify/-/fast-json-stable-stringify-2.1.0.tgz. Extracting by manifest.
3097 silly tarball no local data for js-yaml@https://registry.npmjs.org/js-yaml/-/js-yaml-4.1.1.tgz. Extracting by manifest.
3098 silly tarball no local data for import-fresh@https://registry.npmjs.org/import-fresh/-/import-fresh-3.3.1.tgz. Extracting by manifest.
3099 silly tarball no local data for strip-json-comments@https://registry.npmjs.org/strip-json-comments/-/strip-json-comments-3.1.1.tgz. Extracting by manifest.
3100 silly tarball no local data for @types/json-schema@https://registry.npmjs.org/@types/json-schema/-/json-schema-7.0.15.tgz. Extracting by manifest.
3101 silly tarball no local data for optionator@https://registry.npmjs.org/optionator/-/optionator-0.9.4.tgz. Extracting by manifest.
3102 silly tarball no local data for globals@https://registry.npmjs.org/globals/-/globals-14.0.0.tgz. Extracting by manifest.
3103 silly tarball no local data for @eslint/object-schema@https://registry.npmjs.org/@eslint/object-schema/-/object-schema-2.1.7.tgz. Extracting by manifest.
3104 silly tarball no local data for natural-compare@https://registry.npmjs.org/natural-compare/-/natural-compare-1.4.0.tgz. Extracting by manifest.
3105 silly tarball no local data for minimatch@https://registry.npmjs.org/minimatch/-/minimatch-3.1.2.tgz. Extracting by manifest.
3106 silly tarball no local data for json-stable-stringify-without-jsonify@https://registry.npmjs.org/json-stable-stringify-without-jsonify/-/json-stable-stringify-without-jsonify-1.0.1.tgz. Extracting by manifest.
3107 silly tarball no local data for ignore@https://registry.npmjs.org/ignore/-/ignore-5.3.2.tgz. Extracting by manifest.
3108 silly tarball no local data for levn@https://registry.npmjs.org/levn/-/levn-0.4.1.tgz. Extracting by manifest.
3109 silly tarball no local data for glob-parent@https://registry.npmjs.org/glob-parent/-/glob-parent-6.0.2.tgz. Extracting by manifest.
3110 silly tarball no local data for find-up@https://registry.npmjs.org/find-up/-/find-up-5.0.0.tgz. Extracting by manifest.
3111 silly tarball no local data for file-entry-cache@https://registry.npmjs.org/file-entry-cache/-/file-entry-cache-8.0.0.tgz. Extracting by manifest.
3112 silly tarball no local data for imurmurhash@https://registry.npmjs.org/imurmurhash/-/imurmurhash-0.1.4.tgz. Extracting by manifest.
3113 silly tarball no local data for fast-deep-equal@https://registry.npmjs.org/fast-deep-equal/-/fast-deep-equal-3.1.3.tgz. Extracting by manifest.
3114 silly tarball no local data for esquery@https://registry.npmjs.org/esquery/-/esquery-1.6.0.tgz. Extracting by manifest.
3115 silly tarball no local data for esutils@https://registry.npmjs.org/esutils/-/esutils-2.0.3.tgz. Extracting by manifest.
3116 silly tarball no local data for espree@https://registry.npmjs.org/espree/-/espree-10.4.0.tgz. Extracting by manifest.
3117 silly tarball no local data for is-glob@https://registry.npmjs.org/is-glob/-/is-glob-4.0.3.tgz. Extracting by manifest.
3118 silly tarball no local data for eslint-visitor-keys@https://registry.npmjs.org/eslint-visitor-keys/-/eslint-visitor-keys-4.2.1.tgz. Extracting by manifest.
3119 silly tarball no local data for lodash.merge@https://registry.npmjs.org/lodash.merge/-/lodash.merge-4.6.2.tgz. Extracting by manifest.
3120 silly tarball no local data for eslint-scope@https://registry.npmjs.org/eslint-scope/-/eslint-scope-8.4.0.tgz. Extracting by manifest.
3121 silly tarball no local data for escape-string-regexp@https://registry.npmjs.org/escape-string-regexp/-/escape-string-regexp-4.0.0.tgz. Extracting by manifest.
3122 silly tarball no local data for debug@https://registry.npmjs.org/debug/-/debug-4.4.3.tgz. Extracting by manifest.
3123 silly tarball no local data for cross-spawn@https://registry.npmjs.org/cross-spawn/-/cross-spawn-7.0.6.tgz. Extracting by manifest.
3124 silly tarball no local data for chalk@https://registry.npmjs.org/chalk/-/chalk-4.1.2.tgz. Extracting by manifest.
3125 silly tarball no local data for ajv@https://registry.npmjs.org/ajv/-/ajv-6.12.6.tgz. Extracting by manifest.
3126 silly tarball no local data for @humanwhocodes/retry@https://registry.npmjs.org/@humanwhocodes/retry/-/retry-0.4.3.tgz. Extracting by manifest.
3127 silly tarball no local data for @types/estree@https://registry.npmjs.org/@types/estree/-/estree-1.0.8.tgz. Extracting by manifest.
3128 silly tarball no local data for @humanwhocodes/module-importer@https://registry.npmjs.org/@humanwhocodes/module-importer/-/module-importer-1.0.1.tgz. Extracting by manifest.
3129 silly tarball no local data for @humanfs/node@https://registry.npmjs.org/@humanfs/node/-/node-0.16.7.tgz. Extracting by manifest.
3130 silly tarball no local data for @eslint/plugin-kit@https://registry.npmjs.org/@eslint/plugin-kit/-/plugin-kit-0.4.1.tgz. Extracting by manifest.
3131 silly tarball no local data for @eslint/js@https://registry.npmjs.org/@eslint/js/-/js-9.39.1.tgz. Extracting by manifest.
3132 silly tarball no local data for @eslint/eslintrc@https://registry.npmjs.org/@eslint/eslintrc/-/eslintrc-3.3.1.tgz. Extracting by manifest.
3133 silly tarball no local data for @eslint/core@https://registry.npmjs.org/@eslint/core/-/core-0.17.0.tgz. Extracting by manifest.
3134 silly tarball no local data for @eslint/config-helpers@https://registry.npmjs.org/@eslint/config-helpers/-/config-helpers-0.4.2.tgz. Extracting by manifest.
3135 silly tarball no local data for @eslint/config-array@https://registry.npmjs.org/@eslint/config-array/-/config-array-0.21.1.tgz. Extracting by manifest.
3136 silly tarball no local data for @eslint-community/regexpp@https://registry.npmjs.org/@eslint-community/regexpp/-/regexpp-4.12.2.tgz. Extracting by manifest.
3137 silly tarball no local data for tapable@https://registry.npmjs.org/tapable/-/tapable-2.3.0.tgz. Extracting by manifest.
3138 silly tarball no local data for @eslint-community/eslint-utils@https://registry.npmjs.org/@eslint-community/eslint-utils/-/eslint-utils-4.9.0.tgz. Extracting by manifest.
3139 silly tarball no local data for graceful-fs@https://registry.npmjs.org/graceful-fs/-/graceful-fs-4.2.11.tgz. Extracting by manifest.
3140 silly tarball no local data for csstype@https://registry.npmjs.org/csstype/-/csstype-3.2.3.tgz. Extracting by manifest.
3141 silly tarball no local data for undici-types@https://registry.npmjs.org/undici-types/-/undici-types-6.21.0.tgz. Extracting by manifest.
3142 silly tarball no local data for @tailwindcss/oxide-darwin-arm64@https://registry.npmjs.org/@tailwindcss/oxide-darwin-arm64/-/oxide-darwin-arm64-4.1.17.tgz. Extracting by manifest.
3143 silly tarball no local data for @jridgewell/resolve-uri@https://registry.npmjs.org/@jridgewell/resolve-uri/-/resolve-uri-3.1.2.tgz. Extracting by manifest.
3144 silly tarball no local data for @jridgewell/gen-mapping@https://registry.npmjs.org/@jridgewell/gen-mapping/-/gen-mapping-0.3.13.tgz. Extracting by manifest.
3145 silly tarball no local data for @jridgewell/sourcemap-codec@https://registry.npmjs.org/@jridgewell/sourcemap-codec/-/sourcemap-codec-1.5.5.tgz. Extracting by manifest.
3146 silly tarball no local data for @jridgewell/trace-mapping@https://registry.npmjs.org/@jridgewell/trace-mapping/-/trace-mapping-0.3.31.tgz. Extracting by manifest.
3147 silly tarball no local data for source-map-js@https://registry.npmjs.org/source-map-js/-/source-map-js-1.2.1.tgz. Extracting by manifest.
3148 silly tarball no local data for magic-string@https://registry.npmjs.org/magic-string/-/magic-string-0.30.21.tgz. Extracting by manifest.
3149 silly tarball no local data for lightningcss@https://registry.npmjs.org/lightningcss/-/lightningcss-1.30.2.tgz. Extracting by manifest.
3150 silly tarball no local data for jiti@https://registry.npmjs.org/jiti/-/jiti-2.6.1.tgz. Extracting by manifest.
3151 silly tarball no local data for enhanced-resolve@https://registry.npmjs.org/enhanced-resolve/-/enhanced-resolve-5.18.3.tgz. Extracting by manifest.
3152 silly tarball no local data for @jridgewell/remapping@https://registry.npmjs.org/@jridgewell/remapping/-/remapping-2.3.5.tgz. Extracting by manifest.
3153 silly tarball no local data for postcss@https://registry.npmjs.org/postcss/-/postcss-8.5.6.tgz. Extracting by manifest.
3154 silly tarball no local data for @tailwindcss/oxide@https://registry.npmjs.org/@tailwindcss/oxide/-/oxide-4.1.17.tgz. Extracting by manifest.
3155 silly tarball no local data for @tailwindcss/node@https://registry.npmjs.org/@tailwindcss/node/-/node-4.1.17.tgz. Extracting by manifest.
3156 silly tarball no local data for @alloc/quick-lru@https://registry.npmjs.org/@alloc/quick-lru/-/quick-lru-5.2.0.tgz. Extracting by manifest.
3157 silly tarball no local data for typescript@https://registry.npmjs.org/typescript/-/typescript-5.9.3.tgz. Extracting by manifest.
3158 silly tarball no local data for tailwindcss@https://registry.npmjs.org/tailwindcss/-/tailwindcss-4.1.17.tgz. Extracting by manifest.
3159 silly tarball no local data for prisma@https://registry.npmjs.org/prisma/-/prisma-5.22.0.tgz. Extracting by manifest.
3160 silly tarball no local data for react-dom@https://registry.npmjs.org/react-dom/-/react-dom-19.2.0.tgz. Extracting by manifest.
3161 silly tarball no local data for react@https://registry.npmjs.org/react/-/react-19.2.0.tgz. Extracting by manifest.
3162 silly tarball no local data for eslint-config-next@https://registry.npmjs.org/eslint-config-next/-/eslint-config-next-16.0.3.tgz. Extracting by manifest.
3163 silly tarball no local data for eslint@https://registry.npmjs.org/eslint/-/eslint-9.39.1.tgz. Extracting by manifest.
3164 silly tarball no local data for @types/react@https://registry.npmjs.org/@types/react/-/react-19.2.6.tgz. Extracting by manifest.
3165 silly tarball no local data for @types/react-dom@https://registry.npmjs.org/@types/react-dom/-/react-dom-19.2.3.tgz. Extracting by manifest.
3166 silly tarball no local data for @types/node@https://registry.npmjs.org/@types/node/-/node-20.19.25.tgz. Extracting by manifest.
3167 silly tarball no local data for @tailwindcss/postcss@https://registry.npmjs.org/@tailwindcss/postcss/-/postcss-4.1.17.tgz. Extracting by manifest.
3168 silly tarball no local data for fast-glob@https://registry.npmjs.org/fast-glob/-/fast-glob-3.3.3.tgz. Extracting by manifest.
3169 silly tarball no local data for brace-expansion@https://registry.npmjs.org/brace-expansion/-/brace-expansion-2.0.2.tgz. Extracting by manifest.
3170 silly tarball no local data for minimatch@https://registry.npmjs.org/minimatch/-/minimatch-9.0.5.tgz. Extracting by manifest.
3171 silly tarball no local data for ignore@https://registry.npmjs.org/ignore/-/ignore-7.0.5.tgz. Extracting by manifest.
3172 silly tarball no local data for semver@https://registry.npmjs.org/semver/-/semver-7.7.3.tgz. Extracting by manifest.
3173 silly tarball no local data for glob-parent@https://registry.npmjs.org/glob-parent/-/glob-parent-5.1.2.tgz. Extracting by manifest.
3174 silly tarball no local data for semver@https://registry.npmjs.org/semver/-/semver-7.7.3.tgz. Extracting by manifest.
3175 silly tarball no local data for json5@https://registry.npmjs.org/json5/-/json5-1.0.2.tgz. Extracting by manifest.
3176 silly tarball no local data for debug@https://registry.npmjs.org/debug/-/debug-3.2.7.tgz. Extracting by manifest.
3177 silly tarball no local data for picomatch@https://registry.npmjs.org/picomatch/-/picomatch-4.0.3.tgz. Extracting by manifest.
3178 silly tarball no local data for semver@https://registry.npmjs.org/semver/-/semver-7.7.3.tgz. Extracting by manifest.
3179 silly tarball no local data for fdir@https://registry.npmjs.org/fdir/-/fdir-6.5.0.tgz. Extracting by manifest.
3180 silly tarball no local data for glob-parent@https://registry.npmjs.org/glob-parent/-/glob-parent-5.1.2.tgz. Extracting by manifest.
3181 silly tarball no local data for resolve@https://registry.npmjs.org/resolve/-/resolve-2.0.0-next.5.tgz. Extracting by manifest.
3182 silly tarball no local data for debug@https://registry.npmjs.org/debug/-/debug-3.2.7.tgz. Extracting by manifest.
3183 silly tarball no local data for debug@https://registry.npmjs.org/debug/-/debug-3.2.7.tgz. Extracting by manifest.
3184 silly tarball no local data for eslint-visitor-keys@https://registry.npmjs.org/eslint-visitor-keys/-/eslint-visitor-keys-3.4.3.tgz. Extracting by manifest.
3185 silly tarball no local data for postcss@https://registry.npmjs.org/postcss/-/postcss-8.4.31.tgz. Extracting by manifest.
3186 silly tarball no local data for globals@https://registry.npmjs.org/globals/-/globals-16.4.0.tgz. Extracting by manifest.
3187 silly tarball no local data for next@https://registry.npmjs.org/next/-/next-16.0.3.tgz. Extracting by manifest.
3188 http fetch GET 200 https://registry.npmjs.org/is-map/-/is-map-2.0.3.tgz 207ms (cache miss)
3189 http fetch GET 200 https://registry.npmjs.org/which-collection/-/which-collection-1.0.2.tgz 206ms (cache miss)
3190 http fetch GET 200 https://registry.npmjs.org/async-function/-/async-function-1.0.0.tgz 206ms (cache miss)
3191 http fetch GET 200 https://registry.npmjs.org/is-weakmap/-/is-weakmap-2.0.2.tgz 207ms (cache miss)
3192 http fetch GET 200 https://registry.npmjs.org/generator-function/-/generator-function-2.0.1.tgz 207ms (cache miss)
3193 http fetch GET 200 https://registry.npmjs.org/is-weakset/-/is-weakset-2.0.4.tgz 208ms (cache miss)
3194 http fetch GET 200 https://registry.npmjs.org/escalade/-/escalade-3.2.0.tgz 206ms (cache miss)
3195 http fetch GET 200 https://registry.npmjs.org/napi-postinstall/-/napi-postinstall-0.3.4.tgz 219ms (cache miss)
3196 http fetch GET 200 https://registry.npmjs.org/@emnapi/wasi-threads/-/wasi-threads-1.1.0.tgz 221ms (cache miss)
3197 http fetch GET 200 https://registry.npmjs.org/@tybys/wasm-util/-/wasm-util-0.10.1.tgz 227ms (cache miss)
3198 http fetch GET 200 https://registry.npmjs.org/is-bigint/-/is-bigint-1.1.0.tgz 234ms (cache miss)
3199 http fetch GET 200 https://registry.npmjs.org/is-number-object/-/is-number-object-1.1.1.tgz 235ms (cache miss)
3200 http fetch GET 200 https://registry.npmjs.org/isexe/-/isexe-2.0.0.tgz 238ms (cache miss)
3201 http fetch GET 200 https://registry.npmjs.org/is-finalizationregistry/-/is-finalizationregistry-1.1.1.tgz 240ms (cache miss)
3202 http fetch GET 200 https://registry.npmjs.org/@emnapi/core/-/core-1.7.1.tgz 240ms (cache miss)
3203 http fetch GET 200 https://registry.npmjs.org/is-generator-function/-/is-generator-function-1.1.2.tgz 243ms (cache miss)
3204 http fetch GET 200 https://registry.npmjs.org/which-boxed-primitive/-/which-boxed-primitive-1.1.1.tgz 242ms (cache miss)
3205 http fetch GET 200 https://registry.npmjs.org/is-boolean-object/-/is-boolean-object-1.2.2.tgz 244ms (cache miss)
3206 http fetch GET 200 https://registry.npmjs.org/punycode/-/punycode-2.3.1.tgz 247ms (cache miss)
3207 http fetch GET 200 https://registry.npmjs.org/has-bigints/-/has-bigints-1.1.0.tgz 248ms (cache miss)
3208 http fetch GET 200 https://registry.npmjs.org/is-async-function/-/is-async-function-2.1.1.tgz 252ms (cache miss)
3209 http fetch GET 200 https://registry.npmjs.org/@typescript-eslint/tsconfig-utils/-/tsconfig-utils-8.47.0.tgz 261ms (cache miss)
3210 http fetch GET 200 https://registry.npmjs.org/graphemer/-/graphemer-1.4.0.tgz 279ms (cache miss)
3211 http fetch GET 200 https://registry.npmjs.org/@typescript-eslint/project-service/-/project-service-8.47.0.tgz 281ms (cache miss)
3212 http fetch GET 200 https://registry.npmjs.org/ts-api-utils/-/ts-api-utils-2.1.0.tgz 283ms (cache miss)
3213 http fetch GET 200 https://registry.npmjs.org/@typescript-eslint/types/-/types-8.47.0.tgz 286ms (cache miss)
3214 http fetch GET 200 https://registry.npmjs.org/@typescript-eslint/visitor-keys/-/visitor-keys-8.47.0.tgz 286ms (cache miss)
3215 http fetch POST 200 https://registry.npmjs.org/-/npm/v1/security/advisories/bulk 329ms
3216 silly audit report {}
3217 http fetch GET 200 https://registry.npmjs.org/@typescript-eslint/parser/-/parser-8.47.0.tgz 295ms (cache miss)
3218 http fetch GET 200 https://registry.npmjs.org/@unrs/resolver-binding-darwin-arm64/-/resolver-binding-darwin-arm64-1.11.1.tgz 300ms (cache miss)
3219 http fetch GET 200 https://registry.npmjs.org/which-builtin-type/-/which-builtin-type-1.2.1.tgz 298ms (cache miss)
3220 http fetch GET 200 https://registry.npmjs.org/@typescript-eslint/utils/-/utils-8.47.0.tgz 300ms (cache miss)
3221 http fetch GET 200 https://registry.npmjs.org/strip-bom/-/strip-bom-3.0.0.tgz 309ms (cache miss)
3222 http fetch GET 200 https://registry.npmjs.org/is-number/-/is-number-7.0.0.tgz 309ms (cache miss)
3223 http fetch GET 200 https://registry.npmjs.org/@napi-rs/wasm-runtime/-/wasm-runtime-0.2.12.tgz 320ms (cache miss)
3224 http fetch GET 200 https://registry.npmjs.org/side-channel-map/-/side-channel-map-1.0.1.tgz 319ms (cache miss)
3225 http fetch GET 200 https://registry.npmjs.org/has-flag/-/has-flag-4.0.0.tgz 321ms (cache miss)
3226 http fetch GET 200 https://registry.npmjs.org/side-channel-list/-/side-channel-list-1.0.0.tgz 324ms (cache miss)
3227 http fetch GET 200 https://registry.npmjs.org/for-each/-/for-each-0.3.5.tgz 333ms (cache miss)
3228 http fetch GET 200 https://registry.npmjs.org/client-only/-/client-only-0.0.1.tgz 331ms (cache miss)
3229 http fetch GET 200 https://registry.npmjs.org/@types/json5/-/json5-0.0.29.tgz 332ms (cache miss)
3230 http fetch GET 200 https://registry.npmjs.org/minimist/-/minimist-1.2.8.tgz 333ms (cache miss)
3231 http fetch GET 200 https://registry.npmjs.org/side-channel-weakmap/-/side-channel-weakmap-1.0.2.tgz 332ms (cache miss)
3232 http fetch GET 200 https://registry.npmjs.org/reflect.getprototypeof/-/reflect.getprototypeof-1.0.10.tgz 337ms (cache miss)
3233 http fetch GET 200 https://registry.npmjs.org/@typescript-eslint/typescript-estree/-/typescript-estree-8.47.0.tgz 342ms (cache miss)
3234 http fetch GET 200 https://registry.npmjs.org/supports-preserve-symlinks-flag/-/supports-preserve-symlinks-flag-1.0.0.tgz 343ms (cache miss)
3235 http fetch GET 200 https://registry.npmjs.org/isarray/-/isarray-2.0.5.tgz 345ms (cache miss)
3236 http fetch GET 200 https://registry.npmjs.org/queue-microtask/-/queue-microtask-1.2.3.tgz 345ms (cache miss)
3237 http fetch GET 200 https://registry.npmjs.org/scheduler/-/scheduler-0.27.0.tgz 351ms (cache miss)
3238 http fetch GET 200 https://registry.npmjs.org/shebang-regex/-/shebang-regex-3.0.0.tgz 354ms (cache miss)
3239 http fetch GET 200 https://registry.npmjs.org/loose-envify/-/loose-envify-1.4.0.tgz 356ms (cache miss)
3240 http fetch GET 200 https://registry.npmjs.org/react-is/-/react-is-16.13.1.tgz 359ms (cache miss)
3241 http fetch GET 200 https://registry.npmjs.org/@img/sharp-darwin-arm64/-/sharp-darwin-arm64-0.34.5.tgz 362ms (cache miss)
3242 http fetch GET 200 https://registry.npmjs.org/path-parse/-/path-parse-1.0.7.tgz 364ms (cache miss)
3243 http fetch GET 200 https://registry.npmjs.org/@emnapi/runtime/-/runtime-1.7.1.tgz 367ms (cache miss)
3244 http fetch GET 200 https://registry.npmjs.org/@typescript-eslint/scope-manager/-/scope-manager-8.47.0.tgz 377ms (cache miss)
3245 http fetch GET 200 https://registry.npmjs.org/object-assign/-/object-assign-4.1.1.tgz 380ms (cache miss)
3246 http fetch GET 200 https://registry.npmjs.org/fsevents/-/fsevents-2.3.3.tgz 378ms (cache miss)
3247 http fetch GET 200 https://registry.npmjs.org/callsites/-/callsites-3.1.0.tgz 378ms (cache miss)
3248 http fetch GET 200 https://registry.npmjs.org/@prisma/get-platform/-/get-platform-5.22.0.tgz 390ms (cache miss)
3249 http fetch GET 200 https://registry.npmjs.org/nanoid/-/nanoid-3.3.11.tgz 388ms (cache miss)
3250 http fetch GET 200 https://registry.npmjs.org/@prisma/engines/-/engines-5.22.0.tgz 391ms (cache miss)
3251 http fetch GET 200 https://registry.npmjs.org/yocto-queue/-/yocto-queue-0.1.0.tgz 391ms (cache miss)
3252 http fetch GET 200 https://registry.npmjs.org/word-wrap/-/word-wrap-1.2.5.tgz 392ms (cache miss)
3253 http fetch GET 200 https://registry.npmjs.org/@prisma/engines-version/-/engines-version-5.22.0-44.605197351a3c8bdd595af2d2a9bc3025bca48ea2.tgz 394ms (cache miss)
3254 http fetch GET 200 https://registry.npmjs.org/@prisma/debug/-/debug-5.22.0.tgz 397ms (cache miss)
3255 http fetch GET 200 https://registry.npmjs.org/p-limit/-/p-limit-3.1.0.tgz 400ms (cache miss)
3256 http fetch GET 200 https://registry.npmjs.org/fast-levenshtein/-/fast-levenshtein-2.0.6.tgz 399ms (cache miss)
3257 http fetch GET 200 https://registry.npmjs.org/deep-is/-/deep-is-0.1.4.tgz 410ms (cache miss)
3258 http fetch GET 200 https://registry.npmjs.org/@prisma/fetch-engine/-/fetch-engine-5.22.0.tgz 414ms (cache miss)
3259 http fetch GET 200 https://registry.npmjs.org/styled-jsx/-/styled-jsx-5.1.6.tgz 417ms (cache miss)
3260 http fetch GET 200 https://registry.npmjs.org/concat-map/-/concat-map-0.0.1.tgz 424ms (cache miss)
3261 http fetch GET 200 https://registry.npmjs.org/tslib/-/tslib-2.8.1.tgz 428ms (cache miss)
3262 http fetch GET 200 https://registry.npmjs.org/balanced-match/-/balanced-match-1.0.2.tgz 429ms (cache miss)
3263 http fetch GET 200 https://registry.npmjs.org/to-regex-range/-/to-regex-range-5.0.1.tgz 429ms (cache miss)
3264 http fetch GET 200 https://registry.npmjs.org/@next/env/-/env-16.0.3.tgz 431ms (cache miss)
3265 http fetch GET 200 https://registry.npmjs.org/brace-expansion/-/brace-expansion-1.1.12.tgz 433ms (cache miss)
3266 http fetch GET 200 https://registry.npmjs.org/fill-range/-/fill-range-7.1.1.tgz 433ms (cache miss)
3267 http fetch GET 200 https://registry.npmjs.org/yallist/-/yallist-3.1.1.tgz 438ms (cache miss)
3268 http fetch GET 200 https://registry.npmjs.org/p-locate/-/p-locate-5.0.0.tgz 439ms (cache miss)
3269 http fetch GET 200 https://registry.npmjs.org/sharp/-/sharp-0.34.5.tgz 441ms (cache miss)
3270 http fetch GET 200 https://registry.npmjs.org/picomatch/-/picomatch-2.3.1.tgz 440ms (cache miss)
3271 http fetch GET 200 https://registry.npmjs.org/braces/-/braces-3.0.3.tgz 450ms (cache miss)
3272 http fetch GET 200 https://registry.npmjs.org/detect-libc/-/detect-libc-2.1.2.tgz 450ms (cache miss)
3273 http fetch GET 200 https://registry.npmjs.org/@typescript-eslint/eslint-plugin/-/eslint-plugin-8.47.0.tgz 465ms (cache miss)
3274 http fetch GET 200 https://registry.npmjs.org/type-check/-/type-check-0.4.0.tgz 453ms (cache miss)
3275 http fetch GET 200 https://registry.npmjs.org/prelude-ls/-/prelude-ls-1.2.1.tgz 455ms (cache miss)
3276 http fetch GET 200 https://registry.npmjs.org/json-buffer/-/json-buffer-3.0.1.tgz 461ms (cache miss)
3277 http fetch GET 200 https://registry.npmjs.org/set-function-name/-/set-function-name-2.0.2.tgz 466ms (cache miss)
3278 http fetch GET 200 https://registry.npmjs.org/is-extglob/-/is-extglob-2.1.1.tgz 469ms (cache miss)
3279 http fetch GET 200 https://registry.npmjs.org/language-subtag-registry/-/language-subtag-registry-0.3.23.tgz 471ms (cache miss)
3280 http fetch GET 200 https://registry.npmjs.org/argparse/-/argparse-2.0.1.tgz 471ms (cache miss)
3281 http fetch GET 200 https://registry.npmjs.org/resolve-from/-/resolve-from-4.0.0.tgz 471ms (cache miss)
3282 http fetch GET 200 https://registry.npmjs.org/side-channel/-/side-channel-1.1.0.tgz 477ms (cache miss)
3283 http fetch GET 200 https://registry.npmjs.org/parent-module/-/parent-module-1.0.1.tgz 487ms (cache miss)
3284 http fetch GET 200 https://registry.npmjs.org/resolve-pkg-maps/-/resolve-pkg-maps-1.0.0.tgz 494ms (cache miss)
3285 http fetch GET 200 https://registry.npmjs.org/flatted/-/flatted-3.3.3.tgz 494ms (cache miss)
3286 http fetch GET 200 https://registry.npmjs.org/path-exists/-/path-exists-4.0.0.tgz 506ms (cache miss)
3287 http fetch GET 200 https://registry.npmjs.org/dunder-proto/-/dunder-proto-1.0.1.tgz 509ms (cache miss)
3288 http fetch GET 200 https://registry.npmjs.org/locate-path/-/locate-path-6.0.0.tgz 525ms (cache miss)
3289 http fetch GET 200 https://registry.npmjs.org/fastq/-/fastq-1.19.1.tgz 529ms (cache miss)
3290 http fetch GET 200 https://registry.npmjs.org/reusify/-/reusify-1.1.0.tgz 530ms (cache miss)
3291 http fetch GET 200 https://registry.npmjs.org/run-parallel/-/run-parallel-1.2.0.tgz 539ms (cache miss)
3292 http fetch GET 200 https://registry.npmjs.org/micromatch/-/micromatch-4.0.8.tgz 553ms (cache miss)
3293 http fetch GET 200 https://registry.npmjs.org/functions-have-names/-/functions-have-names-1.2.3.tgz 558ms (cache miss)
3294 http fetch GET 200 https://registry.npmjs.org/merge2/-/merge2-1.4.1.tgz 562ms (cache miss)
3295 http fetch GET 200 https://registry.npmjs.org/keyv/-/keyv-4.5.4.tgz 570ms (cache miss)
3296 http fetch GET 200 https://registry.npmjs.org/@nodelib/fs.scandir/-/fs.scandir-2.1.5.tgz 568ms (cache miss)
3297 http fetch GET 200 https://registry.npmjs.org/@nodelib/fs.stat/-/fs.stat-2.0.5.tgz 589ms (cache miss)
3298 http fetch GET 200 https://registry.npmjs.org/flat-cache/-/flat-cache-4.0.1.tgz 590ms (cache miss)
3299 http fetch GET 200 https://registry.npmjs.org/node-releases/-/node-releases-2.0.27.tgz 604ms (cache miss)
3300 http fetch GET 200 https://registry.npmjs.org/update-browserslist-db/-/update-browserslist-db-1.1.4.tgz 605ms (cache miss)
3301 http fetch GET 200 https://registry.npmjs.org/esrecurse/-/esrecurse-4.3.0.tgz 606ms (cache miss)
3302 http fetch GET 200 https://registry.npmjs.org/acorn-jsx/-/acorn-jsx-5.3.2.tgz 623ms (cache miss)
3303 http fetch GET 200 https://registry.npmjs.org/@nodelib/fs.walk/-/fs.walk-1.2.8.tgz 625ms (cache miss)
3304 http fetch GET 200 https://registry.npmjs.org/@babel/helper-string-parser/-/helper-string-parser-7.27.1.tgz 643ms (cache miss)
3305 http fetch GET 200 https://registry.npmjs.org/@babel/helper-globals/-/helper-globals-7.28.0.tgz 645ms (cache miss)
3306 http fetch GET 200 https://registry.npmjs.org/lru-cache/-/lru-cache-5.1.1.tgz 677ms (cache miss)
3307 http fetch GET 200 https://registry.npmjs.org/@img/colour/-/colour-1.0.0.tgz 697ms (cache miss)
3308 http fetch GET 200 https://registry.npmjs.org/lightningcss-darwin-arm64/-/lightningcss-darwin-arm64-1.30.2.tgz 692ms (cache miss)
3309 http fetch GET 200 https://registry.npmjs.org/@typescript-eslint/type-utils/-/type-utils-8.47.0.tgz 715ms (cache miss)
3310 http fetch GET 200 https://registry.npmjs.org/@babel/helper-validator-option/-/helper-validator-option-7.27.1.tgz 695ms (cache miss)
3311 http fetch GET 200 https://registry.npmjs.org/@babel/compat-data/-/compat-data-7.28.5.tgz 698ms (cache miss)
3312 http fetch GET 200 https://registry.npmjs.org/jsesc/-/jsesc-3.1.0.tgz 711ms (cache miss)
3313 http fetch GET 200 https://registry.npmjs.org/picocolors/-/picocolors-1.1.1.tgz 719ms (cache miss)
3314 http fetch GET 200 https://registry.npmjs.org/acorn/-/acorn-8.15.0.tgz 727ms (cache miss)
3315 http fetch GET 200 https://registry.npmjs.org/electron-to-chromium/-/electron-to-chromium-1.5.256.tgz 723ms (cache miss)
3316 http fetch GET 200 https://registry.npmjs.org/@babel/helper-module-imports/-/helper-module-imports-7.27.1.tgz 726ms (cache miss)
3317 http fetch GET 200 https://registry.npmjs.org/baseline-browser-mapping/-/baseline-browser-mapping-2.8.29.tgz 729ms (cache miss)
3318 http fetch GET 200 https://registry.npmjs.org/js-tokens/-/js-tokens-4.0.0.tgz 726ms (cache miss)
3319 http fetch GET 200 https://registry.npmjs.org/browserslist/-/browserslist-4.28.0.tgz 731ms (cache miss)
3320 http fetch GET 200 https://registry.npmjs.org/gensync/-/gensync-1.0.0-beta.2.tgz 736ms (cache miss)
3321 http fetch GET 200 https://registry.npmjs.org/convert-source-map/-/convert-source-map-2.0.0.tgz 737ms (cache miss)
3322 http fetch GET 200 https://registry.npmjs.org/@babel/helper-validator-identifier/-/helper-validator-identifier-7.28.5.tgz 748ms (cache miss)
3323 http fetch GET 200 https://registry.npmjs.org/zod-validation-error/-/zod-validation-error-4.0.2.tgz 772ms (cache miss)
3324 http fetch GET 200 https://registry.npmjs.org/hermes-estree/-/hermes-estree-0.25.1.tgz 786ms (cache miss)
3325 http fetch GET 200 https://registry.npmjs.org/@babel/traverse/-/traverse-7.28.5.tgz 784ms (cache miss)
3326 http fetch GET 200 https://registry.npmjs.org/@babel/code-frame/-/code-frame-7.27.1.tgz 789ms (cache miss)
3327 http fetch GET 200 https://registry.npmjs.org/@babel/template/-/template-7.27.2.tgz 824ms (cache miss)
3328 http fetch GET 200 https://registry.npmjs.org/@swc/helpers/-/helpers-0.5.15.tgz 843ms (cache miss)
3329 http fetch GET 200 https://registry.npmjs.org/string.prototype.repeat/-/string.prototype.repeat-1.0.0.tgz 846ms (cache miss)
3330 http fetch GET 200 https://registry.npmjs.org/caniuse-lite/-/caniuse-lite-1.0.30001756.tgz 855ms (cache miss)
3331 http fetch GET 200 https://registry.npmjs.org/iterator.prototype/-/iterator.prototype-1.1.5.tgz 876ms (cache miss)
3332 http fetch GET 200 https://registry.npmjs.org/string.prototype.matchall/-/string.prototype.matchall-4.0.12.tgz 880ms (cache miss)
3333 http fetch GET 200 https://registry.npmjs.org/@babel/helpers/-/helpers-7.28.4.tgz 883ms (cache miss)
3334 http fetch GET 200 https://registry.npmjs.org/prop-types/-/prop-types-15.8.1.tgz 887ms (cache miss)
3335 http fetch GET 200 https://registry.npmjs.org/estraverse/-/estraverse-5.3.0.tgz 904ms (cache miss)
3336 http fetch GET 200 https://registry.npmjs.org/array.prototype.tosorted/-/array.prototype.tosorted-1.1.4.tgz 914ms (cache miss)
3337 http fetch GET 200 https://registry.npmjs.org/object.entries/-/object.entries-1.1.9.tgz 933ms (cache miss)
3338 http fetch GET 200 https://registry.npmjs.org/@babel/types/-/types-7.28.5.tgz 941ms (cache miss)
3339 http fetch GET 200 https://registry.npmjs.org/zod/-/zod-4.1.12.tgz 944ms (cache miss)
3340 http fetch GET 200 https://registry.npmjs.org/array.prototype.findlast/-/array.prototype.findlast-1.2.5.tgz 942ms (cache miss)
3341 http fetch GET 200 https://registry.npmjs.org/string.prototype.includes/-/string.prototype.includes-2.0.1.tgz 943ms (cache miss)
3342 http fetch GET 200 https://registry.npmjs.org/es-iterator-helpers/-/es-iterator-helpers-1.2.1.tgz 946ms (cache miss)
3343 http fetch GET 200 https://registry.npmjs.org/language-tags/-/language-tags-1.0.9.tgz 953ms (cache miss)
3344 http fetch GET 200 https://registry.npmjs.org/jsx-ast-utils/-/jsx-ast-utils-3.3.5.tgz 958ms (cache miss)
3345 http fetch GET 200 https://registry.npmjs.org/emoji-regex/-/emoji-regex-9.2.2.tgz 963ms (cache miss)
3346 http fetch GET 200 https://registry.npmjs.org/damerau-levenshtein/-/damerau-levenshtein-1.0.8.tgz 964ms (cache miss)
3347 http fetch GET 200 https://registry.npmjs.org/ast-types-flow/-/ast-types-flow-0.0.8.tgz 978ms (cache miss)
3348 http fetch GET 200 https://registry.npmjs.org/json5/-/json5-2.2.3.tgz 997ms (cache miss)
3349 http fetch GET 200 https://registry.npmjs.org/axobject-query/-/axobject-query-4.1.0.tgz 992ms (cache miss)
3350 http fetch GET 200 https://registry.npmjs.org/is-symbol/-/is-symbol-1.1.1.tgz 997ms (cache miss)
3351 http fetch GET 200 https://registry.npmjs.org/is-date-object/-/is-date-object-1.1.0.tgz 996ms (cache miss)
3352 http fetch GET 200 https://registry.npmjs.org/has-tostringtag/-/has-tostringtag-1.0.2.tgz 1008ms (cache miss)
3353 http fetch GET 200 https://registry.npmjs.org/aria-query/-/aria-query-5.3.2.tgz 1010ms (cache miss)
3354 http fetch GET 200 https://registry.npmjs.org/possible-typed-array-names/-/possible-typed-array-names-1.1.0.tgz 1010ms (cache miss)
3355 http fetch GET 200 https://registry.npmjs.org/@babel/helper-compilation-targets/-/helper-compilation-targets-7.27.2.tgz 1020ms (cache miss)
3356 http fetch GET 200 https://registry.npmjs.org/@img/sharp-libvips-darwin-arm64/-/sharp-libvips-darwin-arm64-1.2.4.tgz 1045ms (cache miss)
3357 http fetch GET 200 https://registry.npmjs.org/unbox-primitive/-/unbox-primitive-1.1.0.tgz 1020ms (cache miss)
3358 http fetch GET 200 https://registry.npmjs.org/@babel/helper-module-transforms/-/helper-module-transforms-7.28.3.tgz 1031ms (cache miss)
3359 http fetch GET 200 https://registry.npmjs.org/typed-array-byte-offset/-/typed-array-byte-offset-1.0.4.tgz 1025ms (cache miss)
3360 http fetch GET 200 https://registry.npmjs.org/typed-array-length/-/typed-array-length-1.0.7.tgz 1030ms (cache miss)
3361 http fetch GET 200 https://registry.npmjs.org/typed-array-byte-length/-/typed-array-byte-length-1.0.3.tgz 1034ms (cache miss)
3362 http fetch GET 200 https://registry.npmjs.org/typed-array-buffer/-/typed-array-buffer-1.0.3.tgz 1040ms (cache miss)
3363 http fetch GET 200 https://registry.npmjs.org/string.prototype.trim/-/string.prototype.trim-1.2.10.tgz 1043ms (cache miss)
3364 http fetch GET 200 https://registry.npmjs.org/set-proto/-/set-proto-1.0.0.tgz 1046ms (cache miss)
3365 http fetch GET 200 https://registry.npmjs.org/string.prototype.trimstart/-/string.prototype.trimstart-1.0.8.tgz 1048ms (cache miss)
3366 http fetch GET 200 https://registry.npmjs.org/which-typed-array/-/which-typed-array-1.1.19.tgz 1052ms (cache miss)
3367 http fetch GET 200 https://registry.npmjs.org/safe-regex-test/-/safe-regex-test-1.1.0.tgz 1050ms (cache miss)
3368 http fetch GET 200 https://registry.npmjs.org/stop-iteration-iterator/-/stop-iteration-iterator-1.1.0.tgz 1054ms (cache miss)
3369 http fetch GET 200 https://registry.npmjs.org/hermes-parser/-/hermes-parser-0.25.1.tgz 1069ms (cache miss)
3370 http fetch GET 200 https://registry.npmjs.org/safe-push-apply/-/safe-push-apply-1.0.0.tgz 1063ms (cache miss)
3371 http fetch GET 200 https://registry.npmjs.org/safe-array-concat/-/safe-array-concat-1.1.3.tgz 1063ms (cache miss)
3372 http fetch GET 200 https://registry.npmjs.org/own-keys/-/own-keys-1.0.1.tgz 1070ms (cache miss)
3373 http fetch GET 200 https://registry.npmjs.org/regexp.prototype.flags/-/regexp.prototype.flags-1.5.4.tgz 1073ms (cache miss)
3374 http fetch GET 200 https://registry.npmjs.org/object.assign/-/object.assign-4.1.7.tgz 1073ms (cache miss)
3375 http fetch GET 200 https://registry.npmjs.org/is-weakref/-/is-weakref-1.1.1.tgz 1076ms (cache miss)
3376 http fetch GET 200 https://registry.npmjs.org/is-set/-/is-set-2.0.3.tgz 1078ms (cache miss)
3377 http fetch GET 200 https://registry.npmjs.org/object-inspect/-/object-inspect-1.13.4.tgz 1079ms (cache miss)
3378 http fetch GET 200 https://registry.npmjs.org/@babel/generator/-/generator-7.28.5.tgz 1090ms (cache miss)
3379 http fetch GET 200 https://registry.npmjs.org/is-shared-array-buffer/-/is-shared-array-buffer-1.0.4.tgz 1086ms (cache miss)
3380 http fetch GET 200 https://registry.npmjs.org/is-typed-array/-/is-typed-array-1.1.15.tgz 1086ms (cache miss)
3381 http fetch GET 200 https://registry.npmjs.org/is-callable/-/is-callable-1.2.7.tgz 1090ms (cache miss)
3382 http fetch GET 200 https://registry.npmjs.org/is-data-view/-/is-data-view-1.0.2.tgz 1091ms (cache miss)
3383 http fetch GET 200 https://registry.npmjs.org/is-array-buffer/-/is-array-buffer-3.0.5.tgz 1095ms (cache miss)
3384 http fetch GET 200 https://registry.npmjs.org/internal-slot/-/internal-slot-1.1.0.tgz 1104ms (cache miss)
3385 http fetch GET 200 https://registry.npmjs.org/has-symbols/-/has-symbols-1.1.0.tgz 1105ms (cache miss)
3386 http fetch GET 200 https://registry.npmjs.org/is-negative-zero/-/is-negative-zero-2.0.3.tgz 1106ms (cache miss)
3387 http fetch GET 200 https://registry.npmjs.org/globalthis/-/globalthis-1.0.4.tgz 1106ms (cache miss)
3388 http fetch GET 200 https://registry.npmjs.org/get-proto/-/get-proto-1.0.1.tgz 1109ms (cache miss)
3389 http fetch GET 200 https://registry.npmjs.org/has-proto/-/has-proto-1.2.0.tgz 1110ms (cache miss)
3390 http fetch GET 200 https://registry.npmjs.org/function.prototype.name/-/function.prototype.name-1.1.8.tgz 1113ms (cache miss)
3391 http fetch GET 200 https://registry.npmjs.org/get-symbol-description/-/get-symbol-description-1.1.0.tgz 1115ms (cache miss)
3392 http fetch GET 200 https://registry.npmjs.org/es-to-primitive/-/es-to-primitive-1.3.0.tgz 1118ms (cache miss)
3393 http fetch GET 200 https://registry.npmjs.org/es-set-tostringtag/-/es-set-tostringtag-2.1.0.tgz 1121ms (cache miss)
3394 http fetch GET 200 https://registry.npmjs.org/is-regex/-/is-regex-1.2.1.tgz 1128ms (cache miss)
3395 http fetch GET 200 https://registry.npmjs.org/data-view-buffer/-/data-view-buffer-1.0.2.tgz 1129ms (cache miss)
3396 http fetch GET 200 https://registry.npmjs.org/data-view-byte-offset/-/data-view-byte-offset-1.0.1.tgz 1129ms (cache miss)
3397 http fetch GET 200 https://registry.npmjs.org/available-typed-arrays/-/available-typed-arrays-1.0.7.tgz 1132ms (cache miss)
3398 http fetch GET 200 https://registry.npmjs.org/array-buffer-byte-length/-/array-buffer-byte-length-1.0.2.tgz 1131ms (cache miss)
3399 http fetch GET 200 https://registry.npmjs.org/data-view-byte-length/-/data-view-byte-length-1.0.2.tgz 1136ms (cache miss)
3400 http fetch GET 200 https://registry.npmjs.org/arraybuffer.prototype.slice/-/arraybuffer.prototype.slice-1.0.4.tgz 1138ms (cache miss)
3401 http fetch GET 200 https://registry.npmjs.org/has-property-descriptors/-/has-property-descriptors-1.0.2.tgz 1145ms (cache miss)
3402 http fetch GET 200 https://registry.npmjs.org/gopd/-/gopd-1.2.0.tgz 1145ms (cache miss)
3403 http fetch GET 200 https://registry.npmjs.org/define-data-property/-/define-data-property-1.1.4.tgz 1146ms (cache miss)
3404 http fetch GET 200 https://registry.npmjs.org/object-keys/-/object-keys-1.1.1.tgz 1155ms (cache miss)
3405 http fetch GET 200 https://registry.npmjs.org/function-bind/-/function-bind-1.1.2.tgz 1153ms (cache miss)
3406 http fetch GET 200 https://registry.npmjs.org/axe-core/-/axe-core-4.11.0.tgz 1166ms (cache miss)
3407 http fetch GET 200 https://registry.npmjs.org/es-shim-unscopables/-/es-shim-unscopables-1.1.0.tgz 1154ms (cache miss)
3408 http fetch GET 200 https://registry.npmjs.org/es-define-property/-/es-define-property-1.0.1.tgz 1156ms (cache miss)
3409 http fetch GET 200 https://registry.npmjs.org/set-function-length/-/set-function-length-1.2.2.tgz 1157ms (cache miss)
3410 http fetch GET 200 https://registry.npmjs.org/@babel/parser/-/parser-7.28.5.tgz 1173ms (cache miss)
3411 http fetch GET 200 https://registry.npmjs.org/call-bind-apply-helpers/-/call-bind-apply-helpers-1.0.2.tgz 1158ms (cache miss)
3412 http fetch GET 200 https://registry.npmjs.org/is-string/-/is-string-1.1.1.tgz 1164ms (cache miss)
3413 http fetch GET 200 https://registry.npmjs.org/es-errors/-/es-errors-1.3.0.tgz 1166ms (cache miss)
3414 http fetch GET 200 https://registry.npmjs.org/get-intrinsic/-/get-intrinsic-1.3.0.tgz 1170ms (cache miss)
3415 http fetch GET 200 https://registry.npmjs.org/math-intrinsics/-/math-intrinsics-1.1.0.tgz 1178ms (cache miss)
3416 http fetch GET 200 https://registry.npmjs.org/es-object-atoms/-/es-object-atoms-1.1.1.tgz 1180ms (cache miss)
3417 http fetch GET 200 https://registry.npmjs.org/call-bound/-/call-bound-1.0.4.tgz 1181ms (cache miss)
3418 http fetch GET 200 https://registry.npmjs.org/define-properties/-/define-properties-1.2.1.tgz 1181ms (cache miss)
3419 http fetch GET 200 https://registry.npmjs.org/call-bind/-/call-bind-1.0.8.tgz 1182ms (cache miss)
3420 http fetch GET 200 https://registry.npmjs.org/string.prototype.trimend/-/string.prototype.trimend-1.0.9.tgz 1185ms (cache miss)
3421 http fetch GET 200 https://registry.npmjs.org/object.groupby/-/object.groupby-1.0.3.tgz 1187ms (cache miss)
3422 http fetch GET 200 https://registry.npmjs.org/@babel/core/-/core-7.28.5.tgz 1209ms (cache miss)
3423 http fetch GET 200 https://registry.npmjs.org/semver/-/semver-6.3.1.tgz 1191ms (cache miss)
3424 http fetch GET 200 https://registry.npmjs.org/object.values/-/object.values-1.2.1.tgz 1191ms (cache miss)
3425 http fetch GET 200 https://registry.npmjs.org/object.fromentries/-/object.fromentries-2.0.8.tgz 1195ms (cache miss)
3426 http fetch GET 200 https://registry.npmjs.org/hasown/-/hasown-2.0.2.tgz 1196ms (cache miss)
3427 http fetch GET 200 https://registry.npmjs.org/tsconfig-paths/-/tsconfig-paths-3.15.0.tgz 1200ms (cache miss)
3428 http fetch GET 200 https://registry.npmjs.org/doctrine/-/doctrine-2.1.0.tgz 1207ms (cache miss)
3429 http fetch GET 200 https://registry.npmjs.org/array.prototype.findlastindex/-/array.prototype.findlastindex-1.2.6.tgz 1208ms (cache miss)
3430 http fetch GET 200 https://registry.npmjs.org/array.prototype.flatmap/-/array.prototype.flatmap-1.3.3.tgz 1209ms (cache miss)
3431 http fetch GET 200 https://registry.npmjs.org/unrs-resolver/-/unrs-resolver-1.11.1.tgz 1207ms (cache miss)
3432 http fetch GET 200 https://registry.npmjs.org/stable-hash/-/stable-hash-0.0.5.tgz 1207ms (cache miss)
3433 http fetch GET 200 https://registry.npmjs.org/array.prototype.flat/-/array.prototype.flat-1.3.3.tgz 1214ms (cache miss)
3434 http fetch GET 200 https://registry.npmjs.org/is-bun-module/-/is-bun-module-2.0.0.tgz 1213ms (cache miss)
3435 http fetch GET 200 https://registry.npmjs.org/array-includes/-/array-includes-3.1.9.tgz 1217ms (cache miss)
3436 http fetch GET 200 https://registry.npmjs.org/tinyglobby/-/tinyglobby-0.2.15.tgz 1218ms (cache miss)
3437 http fetch GET 200 https://registry.npmjs.org/eslint-module-utils/-/eslint-module-utils-2.12.1.tgz 1259ms (cache miss)
3438 http fetch GET 200 https://registry.npmjs.org/typescript-eslint/-/typescript-eslint-8.47.0.tgz 1258ms (cache miss)
3439 http fetch GET 200 https://registry.npmjs.org/is-core-module/-/is-core-module-2.16.1.tgz 1260ms (cache miss)
3440 http fetch GET 200 https://registry.npmjs.org/@rtsao/scc/-/scc-1.1.0.tgz 1261ms (cache miss)
3441 http fetch GET 200 https://registry.npmjs.org/@nolyfill/is-core-module/-/is-core-module-1.0.39.tgz 1260ms (cache miss)
3442 http fetch GET 200 https://registry.npmjs.org/ms/-/ms-2.1.3.tgz 1258ms (cache miss)
3443 http fetch GET 200 https://registry.npmjs.org/eslint-import-resolver-node/-/eslint-import-resolver-node-0.3.9.tgz 1259ms (cache miss)
3444 http fetch GET 200 https://registry.npmjs.org/which/-/which-2.0.2.tgz 1259ms (cache miss)
3445 http fetch GET 200 https://registry.npmjs.org/eslint-import-resolver-typescript/-/eslint-import-resolver-typescript-3.10.1.tgz 1260ms (cache miss)
3446 http fetch GET 200 https://registry.npmjs.org/get-tsconfig/-/get-tsconfig-4.13.0.tgz 1262ms (cache miss)
3447 http fetch GET 200 https://registry.npmjs.org/color-convert/-/color-convert-2.0.1.tgz 1262ms (cache miss)
3448 http fetch GET 200 https://registry.npmjs.org/shebang-command/-/shebang-command-2.0.0.tgz 1263ms (cache miss)
3449 http fetch GET 200 https://registry.npmjs.org/color-name/-/color-name-1.1.4.tgz 1276ms (cache miss)
3450 http fetch GET 200 https://registry.npmjs.org/path-key/-/path-key-3.1.1.tgz 1276ms (cache miss)
3451 http fetch GET 200 https://registry.npmjs.org/json-schema-traverse/-/json-schema-traverse-0.4.1.tgz 1279ms (cache miss)
3452 http fetch GET 200 https://registry.npmjs.org/fast-glob/-/fast-glob-3.3.1.tgz 1283ms (cache miss)
3453 http fetch GET 200 https://registry.npmjs.org/ansi-styles/-/ansi-styles-4.3.0.tgz 1284ms (cache miss)
3454 http fetch GET 200 https://registry.npmjs.org/supports-color/-/supports-color-7.2.0.tgz 1285ms (cache miss)
3455 http fetch GET 200 https://registry.npmjs.org/import-fresh/-/import-fresh-3.3.1.tgz 1289ms (cache miss)
3456 http fetch GET 200 https://registry.npmjs.org/fast-json-stable-stringify/-/fast-json-stable-stringify-2.1.0.tgz 1295ms (cache miss)
3457 http fetch GET 200 https://registry.npmjs.org/@next/eslint-plugin-next/-/eslint-plugin-next-16.0.3.tgz 1299ms (cache miss)
3458 http fetch GET 200 https://registry.npmjs.org/strip-json-comments/-/strip-json-comments-3.1.1.tgz 1297ms (cache miss)
3459 http fetch GET 200 https://registry.npmjs.org/@humanfs/core/-/core-0.19.1.tgz 1301ms (cache miss)
3460 http fetch GET 200 https://registry.npmjs.org/uri-js/-/uri-js-4.4.1.tgz 1304ms (cache miss)
3461 http fetch GET 200 https://registry.npmjs.org/optionator/-/optionator-0.9.4.tgz 1306ms (cache miss)
3462 http fetch GET 200 https://registry.npmjs.org/globals/-/globals-14.0.0.tgz 1313ms (cache miss)
3463 http fetch GET 200 https://registry.npmjs.org/json-stable-stringify-without-jsonify/-/json-stable-stringify-without-jsonify-1.0.1.tgz 1321ms (cache miss)
3464 http fetch GET 200 https://registry.npmjs.org/resolve/-/resolve-1.22.11.tgz 1328ms (cache miss)
3465 http fetch GET 200 https://registry.npmjs.org/natural-compare/-/natural-compare-1.4.0.tgz 1326ms (cache miss)
3466 http fetch GET 200 https://registry.npmjs.org/glob-parent/-/glob-parent-6.0.2.tgz 1326ms (cache miss)
3467 http fetch GET 200 https://registry.npmjs.org/file-entry-cache/-/file-entry-cache-8.0.0.tgz 1329ms (cache miss)
3468 http fetch GET 200 https://registry.npmjs.org/levn/-/levn-0.4.1.tgz 1334ms (cache miss)
3469 http fetch GET 200 https://registry.npmjs.org/find-up/-/find-up-5.0.0.tgz 1335ms (cache miss)
3470 http fetch GET 200 https://registry.npmjs.org/imurmurhash/-/imurmurhash-0.1.4.tgz 1335ms (cache miss)
3471 http fetch GET 200 https://registry.npmjs.org/@eslint/object-schema/-/object-schema-2.1.7.tgz 1337ms (cache miss)
3472 http fetch GET 200 https://registry.npmjs.org/ignore/-/ignore-5.3.2.tgz 1345ms (cache miss)
3473 http fetch GET 200 https://registry.npmjs.org/js-yaml/-/js-yaml-4.1.1.tgz 1348ms (cache miss)
3474 http fetch GET 200 https://registry.npmjs.org/eslint-plugin-react-hooks/-/eslint-plugin-react-hooks-7.0.1.tgz 1354ms (cache miss)
3475 http fetch GET 200 https://registry.npmjs.org/eslint-plugin-import/-/eslint-plugin-import-2.32.0.tgz 1357ms (cache miss)
3476 http fetch GET 200 https://registry.npmjs.org/fast-deep-equal/-/fast-deep-equal-3.1.3.tgz 1350ms (cache miss)
3477 http fetch GET 200 https://registry.npmjs.org/@types/json-schema/-/json-schema-7.0.15.tgz 1352ms (cache miss)
3478 http fetch GET 200 https://registry.npmjs.org/is-glob/-/is-glob-4.0.3.tgz 1354ms (cache miss)
3479 http fetch GET 200 https://registry.npmjs.org/esutils/-/esutils-2.0.3.tgz 1370ms (cache miss)
3480 http fetch GET 200 https://registry.npmjs.org/espree/-/espree-10.4.0.tgz 1373ms (cache miss)
3481 http fetch GET 200 https://registry.npmjs.org/minimatch/-/minimatch-3.1.2.tgz 1375ms (cache miss)
3482 http fetch GET 200 https://registry.npmjs.org/eslint-plugin-jsx-a11y/-/eslint-plugin-jsx-a11y-6.10.2.tgz 1382ms (cache miss)
3483 http fetch GET 200 https://registry.npmjs.org/escape-string-regexp/-/escape-string-regexp-4.0.0.tgz 1374ms (cache miss)
3484 http fetch GET 200 https://registry.npmjs.org/lodash.merge/-/lodash.merge-4.6.2.tgz 1376ms (cache miss)
3485 http fetch GET 200 https://registry.npmjs.org/cross-spawn/-/cross-spawn-7.0.6.tgz 1377ms (cache miss)
3486 http fetch GET 200 https://registry.npmjs.org/eslint-visitor-keys/-/eslint-visitor-keys-4.2.1.tgz 1382ms (cache miss)
3487 http fetch GET 200 https://registry.npmjs.org/debug/-/debug-4.4.3.tgz 1386ms (cache miss)
3488 http fetch GET 200 https://registry.npmjs.org/chalk/-/chalk-4.1.2.tgz 1386ms (cache miss)
3489 http fetch GET 200 https://registry.npmjs.org/esquery/-/esquery-1.6.0.tgz 1393ms (cache miss)
3490 http fetch GET 200 https://registry.npmjs.org/eslint-scope/-/eslint-scope-8.4.0.tgz 1392ms (cache miss)
3491 http fetch GET 200 https://registry.npmjs.org/@types/estree/-/estree-1.0.8.tgz 1393ms (cache miss)
3492 http fetch GET 200 https://registry.npmjs.org/@humanwhocodes/module-importer/-/module-importer-1.0.1.tgz 1417ms (cache miss)
3493 http fetch GET 200 https://registry.npmjs.org/@eslint/config-helpers/-/config-helpers-0.4.2.tgz 1417ms (cache miss)
3494 http fetch GET 200 https://registry.npmjs.org/@humanfs/node/-/node-0.16.7.tgz 1418ms (cache miss)
3495 http fetch GET 200 https://registry.npmjs.org/@humanwhocodes/retry/-/retry-0.4.3.tgz 1422ms (cache miss)
3496 http fetch GET 200 https://registry.npmjs.org/@eslint/js/-/js-9.39.1.tgz 1430ms (cache miss)
3497 http fetch GET 200 https://registry.npmjs.org/graceful-fs/-/graceful-fs-4.2.11.tgz 1439ms (cache miss)
3498 http fetch GET 200 https://registry.npmjs.org/tapable/-/tapable-2.3.0.tgz 1445ms (cache miss)
3499 http fetch GET 200 https://registry.npmjs.org/@eslint-community/eslint-utils/-/eslint-utils-4.9.0.tgz 1450ms (cache miss)
3500 http fetch GET 200 https://registry.npmjs.org/eslint-plugin-react/-/eslint-plugin-react-7.37.5.tgz 1466ms (cache miss)
3501 http fetch GET 200 https://registry.npmjs.org/@eslint/core/-/core-0.17.0.tgz 1455ms (cache miss)
3502 http fetch GET 200 https://registry.npmjs.org/undici-types/-/undici-types-6.21.0.tgz 1459ms (cache miss)
3503 http fetch GET 200 https://registry.npmjs.org/ajv/-/ajv-6.12.6.tgz 1488ms (cache miss)
3504 http fetch GET 200 https://registry.npmjs.org/@jridgewell/resolve-uri/-/resolve-uri-3.1.2.tgz 1486ms (cache miss)
3505 http fetch GET 200 https://registry.npmjs.org/@jridgewell/gen-mapping/-/gen-mapping-0.3.13.tgz 1504ms (cache miss)
3506 http fetch GET 200 https://registry.npmjs.org/csstype/-/csstype-3.2.3.tgz 1507ms (cache miss)
3507 http fetch GET 200 https://registry.npmjs.org/@eslint/eslintrc/-/eslintrc-3.3.1.tgz 1550ms (cache miss)
3508 http fetch GET 200 https://registry.npmjs.org/lightningcss/-/lightningcss-1.30.2.tgz 1548ms (cache miss)
3509 http fetch GET 200 https://registry.npmjs.org/@jridgewell/trace-mapping/-/trace-mapping-0.3.31.tgz 1553ms (cache miss)
3510 http fetch GET 200 https://registry.npmjs.org/@jridgewell/remapping/-/remapping-2.3.5.tgz 1554ms (cache miss)
3511 http fetch GET 200 https://registry.npmjs.org/@jridgewell/sourcemap-codec/-/sourcemap-codec-1.5.5.tgz 1560ms (cache miss)
3512 http fetch GET 200 https://registry.npmjs.org/@alloc/quick-lru/-/quick-lru-5.2.0.tgz 1566ms (cache miss)
3513 http fetch GET 200 https://registry.npmjs.org/enhanced-resolve/-/enhanced-resolve-5.18.3.tgz 1571ms (cache miss)
3514 http fetch GET 200 https://registry.npmjs.org/postcss/-/postcss-8.5.6.tgz 1573ms (cache miss)
3515 http fetch GET 200 https://registry.npmjs.org/magic-string/-/magic-string-0.30.21.tgz 1574ms (cache miss)
3516 http fetch GET 200 https://registry.npmjs.org/source-map-js/-/source-map-js-1.2.1.tgz 1574ms (cache miss)
3517 http fetch GET 200 https://registry.npmjs.org/@eslint/plugin-kit/-/plugin-kit-0.4.1.tgz 1582ms (cache miss)
3518 http fetch GET 200 https://registry.npmjs.org/eslint-config-next/-/eslint-config-next-16.0.3.tgz 1595ms (cache miss)
3519 http fetch GET 200 https://registry.npmjs.org/react/-/react-19.2.0.tgz 1619ms (cache miss)
3520 http fetch GET 200 https://registry.npmjs.org/@eslint-community/regexpp/-/regexpp-4.12.2.tgz 1709ms (cache miss)
3521 http fetch GET 200 https://registry.npmjs.org/@tailwindcss/postcss/-/postcss-4.1.17.tgz 1746ms (cache miss)
3522 http fetch GET 200 https://registry.npmjs.org/jiti/-/jiti-2.6.1.tgz 1772ms (cache miss)
3523 http fetch GET 200 https://registry.npmjs.org/es-abstract/-/es-abstract-1.24.0.tgz 1803ms (cache miss)
3524 http fetch GET 200 https://registry.npmjs.org/brace-expansion/-/brace-expansion-2.0.2.tgz 1796ms (cache miss)
3525 http fetch GET 200 https://registry.npmjs.org/@types/node/-/node-20.19.25.tgz 1839ms (cache miss)
3526 http fetch GET 200 https://registry.npmjs.org/@tailwindcss/node/-/node-4.1.17.tgz 1851ms (cache miss)
3527 http fetch GET 200 https://registry.npmjs.org/@tailwindcss/oxide/-/oxide-4.1.17.tgz 1870ms (cache miss)
3528 http fetch GET 200 https://registry.npmjs.org/eslint/-/eslint-9.39.1.tgz 1884ms (cache miss)
3529 http fetch GET 200 https://registry.npmjs.org/ignore/-/ignore-7.0.5.tgz 1881ms (cache miss)
3530 http fetch GET 200 https://registry.npmjs.org/@types/react-dom/-/react-dom-19.2.3.tgz 1897ms (cache miss)
3531 http fetch GET 200 https://registry.npmjs.org/semver/-/semver-7.7.3.tgz 1908ms (cache miss)
3532 http fetch GET 200 https://registry.npmjs.org/glob-parent/-/glob-parent-5.1.2.tgz 1907ms (cache miss)
3533 http fetch GET 200 https://registry.npmjs.org/json5/-/json5-1.0.2.tgz 1923ms (cache miss)
3534 http fetch GET 200 https://registry.npmjs.org/semver/-/semver-7.7.3.tgz 1931ms (cache miss)
3535 http fetch GET 200 https://registry.npmjs.org/fdir/-/fdir-6.5.0.tgz 1955ms (cache miss)
3536 http fetch GET 200 https://registry.npmjs.org/glob-parent/-/glob-parent-5.1.2.tgz 1972ms (cache miss)
3537 http fetch GET 200 https://registry.npmjs.org/picomatch/-/picomatch-4.0.3.tgz 1978ms (cache miss)
3538 http fetch GET 200 https://registry.npmjs.org/resolve/-/resolve-2.0.0-next.5.tgz 2007ms (cache miss)
3539 http fetch GET 200 https://registry.npmjs.org/semver/-/semver-7.7.3.tgz 2010ms (cache miss)
3540 http fetch GET 200 https://registry.npmjs.org/debug/-/debug-3.2.7.tgz 2012ms (cache miss)
3541 http fetch GET 200 https://registry.npmjs.org/fast-glob/-/fast-glob-3.3.3.tgz 2018ms (cache miss)
3542 http fetch GET 200 https://registry.npmjs.org/debug/-/debug-3.2.7.tgz 2020ms (cache miss)
3543 http fetch GET 200 https://registry.npmjs.org/eslint-visitor-keys/-/eslint-visitor-keys-3.4.3.tgz 2035ms (cache miss)
3544 http fetch GET 200 https://registry.npmjs.org/globals/-/globals-16.4.0.tgz 2074ms (cache miss)
3545 http fetch GET 200 https://registry.npmjs.org/postcss/-/postcss-8.4.31.tgz 2076ms (cache miss)
3546 http fetch GET 200 https://registry.npmjs.org/minimatch/-/minimatch-9.0.5.tgz 2123ms (cache miss)
3547 http fetch GET 200 https://registry.npmjs.org/@types/react/-/react-19.2.6.tgz 2127ms (cache miss)
3548 http fetch GET 200 https://registry.npmjs.org/debug/-/debug-3.2.7.tgz 2231ms (cache miss)
3549 http fetch GET 200 https://registry.npmjs.org/@eslint/config-array/-/config-array-0.21.1.tgz 2274ms (cache miss)
3550 http fetch GET 200 https://registry.npmjs.org/tailwindcss/-/tailwindcss-4.1.17.tgz 2344ms (cache miss)
3551 http fetch GET 200 https://registry.npmjs.org/prisma/-/prisma-5.22.0.tgz 2392ms (cache miss)
3552 http fetch GET 200 https://registry.npmjs.org/typescript/-/typescript-5.9.3.tgz 2635ms (cache miss)
3553 http fetch GET 200 https://registry.npmjs.org/@tailwindcss/oxide-darwin-arm64/-/oxide-darwin-arm64-4.1.17.tgz 2936ms (cache miss)
3554 http fetch GET 200 https://registry.npmjs.org/react-dom/-/react-dom-19.2.0.tgz 3201ms (cache miss)
3555 http fetch GET 200 https://registry.npmjs.org/@next/swc-darwin-arm64/-/swc-darwin-arm64-16.0.3.tgz 3266ms (cache miss)
3556 http fetch GET 200 https://registry.npmjs.org/next/-/next-16.0.3.tgz 4360ms (cache miss)
3557 info run prisma@5.22.0 preinstall node_modules/prisma node scripts/preinstall-entry.js
3558 info run prisma@5.22.0 preinstall { code: 0, signal: null }
3559 info run fsevents@2.3.3 install node_modules/fsevents node-gyp rebuild
3560 info run sharp@0.34.5 install node_modules/sharp node install/check.js || npm run build
3561 info run fsevents@2.3.3 install { code: 1, signal: null }
3562 verbose reify failed optional dependency /Users/k1zzle/Desktop/velou-shopping-assistant/node_modules/fsevents
3563 silly reify mark deleted [
3563 silly reify   '/Users/k1zzle/Desktop/velou-shopping-assistant/node_modules/fsevents'
3563 silly reify ]
3564 info run sharp@0.34.5 install { code: 0, signal: null }
3565 info run @prisma/client@5.22.0 postinstall node_modules/@prisma/client node scripts/postinstall.js
3566 info run @prisma/engines@5.22.0 postinstall node_modules/@prisma/engines node scripts/postinstall.js
3567 info run esbuild@0.25.12 postinstall node_modules/esbuild node install.js
3568 info run unrs-resolver@1.11.1 postinstall node_modules/unrs-resolver napi-postinstall unrs-resolver 1.11.1 check
3569 info run unrs-resolver@1.11.1 postinstall { code: 0, signal: null }
3570 info run esbuild@0.25.12 postinstall { code: 0, signal: null }
3571 info run @prisma/engines@5.22.0 postinstall { code: 0, signal: null }
3572 info run @prisma/client@5.22.0 postinstall { code: null, signal: 'SIGKILL' }
3573 verbose stack Error: command failed
3573 verbose stack     at promiseSpawn (/opt/homebrew/Cellar/node@20/20.19.0_1/lib/node_modules/npm/node_modules/@npmcli/promise-spawn/lib/index.js:22:22)
3573 verbose stack     at spawnWithShell (/opt/homebrew/Cellar/node@20/20.19.0_1/lib/node_modules/npm/node_modules/@npmcli/promise-spawn/lib/index.js:124:10)
3573 verbose stack     at promiseSpawn (/opt/homebrew/Cellar/node@20/20.19.0_1/lib/node_modules/npm/node_modules/@npmcli/promise-spawn/lib/index.js:12:12)
3573 verbose stack     at runScriptPkg (/opt/homebrew/Cellar/node@20/20.19.0_1/lib/node_modules/npm/node_modules/@npmcli/run-script/lib/run-script-pkg.js:77:13)
3573 verbose stack     at runScript (/opt/homebrew/Cellar/node@20/20.19.0_1/lib/node_modules/npm/node_modules/@npmcli/run-script/lib/run-script.js:9:12)
3573 verbose stack     at /opt/homebrew/Cellar/node@20/20.19.0_1/lib/node_modules/npm/node_modules/@npmcli/arborist/lib/arborist/rebuild.js:329:17
3573 verbose stack     at run (/opt/homebrew/Cellar/node@20/20.19.0_1/lib/node_modules/npm/node_modules/promise-call-limit/dist/commonjs/index.js:67:22)
3573 verbose stack     at /opt/homebrew/Cellar/node@20/20.19.0_1/lib/node_modules/npm/node_modules/promise-call-limit/dist/commonjs/index.js:84:9
3573 verbose stack     at new Promise (<anonymous>)
3573 verbose stack     at callLimit (/opt/homebrew/Cellar/node@20/20.19.0_1/lib/node_modules/npm/node_modules/promise-call-limit/dist/commonjs/index.js:35:69)
3574 verbose pkgid @prisma/client@5.22.0
3575 error path /Users/k1zzle/Desktop/velou-shopping-assistant/node_modules/@prisma/client
3576 error command failed
3577 error signal SIGKILL
3578 error command sh -c node scripts/postinstall.js
3579 error Prisma schema loaded from prisma/schema.prisma
3579 error
3579 error ✔ Generated Prisma Client (v5.22.0) to ./node_modules/@prisma/client in 62ms
3579 error
3579 error Start by importing your Prisma Client (See: https://pris.ly/d/importing-client)
3579 error
3579 error Tip: Need your database queries to be 1000x faster? Accelerate offers you that and more: https://pris.ly/tip-2-accelerate
3580 silly unfinished npm timer reify 1763571346904
3581 silly unfinished npm timer reify:build 1763571365947
3582 silly unfinished npm timer build 1763571365947
3583 silly unfinished npm timer build:deps 1763571365948
3584 silly unfinished npm timer build:run:postinstall 1763571367179
3585 silly unfinished npm timer build:run:postinstall:node_modules/@prisma/client 1763571367179
3586 verbose cwd /Users/k1zzle/Desktop/velou-shopping-assistant
3587 verbose os Darwin 24.5.0
3588 verbose node v20.19.0
3589 verbose npm  v10.8.2
3590 verbose exit 1
3591 verbose code 1
3592 error A complete log of this run can be found in: /Users/k1zzle/Desktop/velou-shopping-assistant/.npm-cache/_logs/2025-11-19T16_55_46_761Z-debug-0.log
