0 verbose cli /opt/homebrew/Cellar/node@20/20.19.0_1/bin/node /opt/homebrew/opt/node@20/bin/npm
1 info using npm@10.8.2
2 info using node@v20.19.0
3 silly config load:file:/opt/homebrew/Cellar/node@20/20.19.0_1/lib/node_modules/npm/npmrc
4 silly config load:file:/Users/k1zzle/Desktop/velou-shopping-assistant/.npmrc
5 silly config load:file:/Users/k1zzle/.npmrc
6 silly config load:file:/opt/homebrew/etc/npmrc
7 verbose title npm install
8 verbose argv "install" "--loglevel" "info"
9 verbose logfile logs-max:10 dir:/Users/k1zzle/Desktop/velou-shopping-assistant/.npm-cache/_logs/2025-11-19T17_00_27_806Z-
10 verbose logfile /Users/k1zzle/Desktop/velou-shopping-assistant/.npm-cache/_logs/2025-11-19T17_00_27_806Z-debug-0.log
11 silly packumentCache heap:4345298944 maxSize:1086324736 maxEntrySize:543162368
12 silly logfile done cleaning log files
13 silly idealTree buildDeps
14 silly fetch manifest @tailwindcss/oxide-android-arm64@4.1.17
15 silly packumentCache full:https://registry.npmjs.org/@tailwindcss%2foxide-android-arm64 cache-miss
16 http fetch GET 200 https://registry.npmjs.org/@tailwindcss%2foxide-android-arm64 8ms (cache hit)
17 silly packumentCache full:https://registry.npmjs.org/@tailwindcss%2foxide-android-arm64 set size:1506554 disposed:false
18 silly fetch manifest @tailwindcss/oxide-linux-arm64-musl@4.1.17
19 silly packumentCache full:https://registry.npmjs.org/@tailwindcss%2foxide-linux-arm64-musl cache-miss
20 http fetch GET 200 https://registry.npmjs.org/@tailwindcss%2foxide-linux-arm64-musl 4ms (cache hit)
21 silly packumentCache full:https://registry.npmjs.org/@tailwindcss%2foxide-linux-arm64-musl set size:2418803 disposed:false
22 silly fetch manifest @tailwindcss/oxide-linux-arm-gnueabihf@4.1.17
23 silly packumentCache full:https://registry.npmjs.org/@tailwindcss%2foxide-linux-arm-gnueabihf cache-miss
24 http fetch GET 200 https://registry.npmjs.org/@tailwindcss%2foxide-linux-arm-gnueabihf 6ms (cache hit)
25 silly packumentCache full:https://registry.npmjs.org/@tailwindcss%2foxide-linux-arm-gnueabihf set size:2429764 disposed:false
26 silly fetch manifest @tailwindcss/oxide-linux-x64-gnu@4.1.17
27 silly packumentCache full:https://registry.npmjs.org/@tailwindcss%2foxide-linux-x64-gnu cache-miss
28 http fetch GET 200 https://registry.npmjs.org/@tailwindcss%2foxide-linux-x64-gnu 3ms (cache hit)
29 silly packumentCache full:https://registry.npmjs.org/@tailwindcss%2foxide-linux-x64-gnu set size:2388784 disposed:false
30 silly fetch manifest @tailwindcss/oxide-linux-x64-musl@4.1.17
31 silly packumentCache full:https://registry.npmjs.org/@tailwindcss%2foxide-linux-x64-musl cache-miss
32 http fetch GET 200 https://registry.npmjs.org/@tailwindcss%2foxide-linux-x64-musl 3ms (cache hit)
33 silly packumentCache full:https://registry.npmjs.org/@tailwindcss%2foxide-linux-x64-musl set size:2397771 disposed:false
34 silly fetch manifest @tailwindcss/oxide-win32-arm64-msvc@4.1.17
35 silly packumentCache full:https://registry.npmjs.org/@tailwindcss%2foxide-win32-arm64-msvc cache-miss
36 http fetch GET 200 https://registry.npmjs.org/@tailwindcss%2foxide-win32-arm64-msvc 3ms (cache hit)
37 silly packumentCache full:https://registry.npmjs.org/@tailwindcss%2foxide-win32-arm64-msvc set size:1480945 disposed:false
38 silly fetch manifest @tailwindcss/oxide-freebsd-x64@4.1.17
39 silly packumentCache full:https://registry.npmjs.org/@tailwindcss%2foxide-freebsd-x64 cache-miss
40 http fetch GET 200 https://registry.npmjs.org/@tailwindcss%2foxide-freebsd-x64 4ms (cache hit)
41 silly packumentCache full:https://registry.npmjs.org/@tailwindcss%2foxide-freebsd-x64 set size:2352507 disposed:false
42 silly fetch manifest @tailwindcss/oxide-linux-arm64-gnu@4.1.17
43 silly packumentCache full:https://registry.npmjs.org/@tailwindcss%2foxide-linux-arm64-gnu cache-miss
44 http fetch GET 200 https://registry.npmjs.org/@tailwindcss%2foxide-linux-arm64-gnu 3ms (cache hit)
45 silly packumentCache full:https://registry.npmjs.org/@tailwindcss%2foxide-linux-arm64-gnu set size:2409924 disposed:false
46 silly fetch manifest @tailwindcss/oxide-win32-x64-msvc@4.1.17
47 silly packumentCache full:https://registry.npmjs.org/@tailwindcss%2foxide-win32-x64-msvc cache-miss
48 http fetch GET 200 https://registry.npmjs.org/@tailwindcss%2foxide-win32-x64-msvc 4ms (cache hit)
49 silly packumentCache full:https://registry.npmjs.org/@tailwindcss%2foxide-win32-x64-msvc set size:2375083 disposed:false
50 silly fetch manifest @tailwindcss/oxide-wasm32-wasi@4.1.17
51 silly packumentCache full:https://registry.npmjs.org/@tailwindcss%2foxide-wasm32-wasi cache-miss
52 http fetch GET 200 https://registry.npmjs.org/@tailwindcss%2foxide-wasm32-wasi 3ms (cache hit)
53 silly packumentCache full:https://registry.npmjs.org/@tailwindcss%2foxide-wasm32-wasi set size:866739 disposed:false
54 silly fetch manifest @tailwindcss/oxide-darwin-x64@4.1.17
55 silly packumentCache full:https://registry.npmjs.org/@tailwindcss%2foxide-darwin-x64 cache-miss
56 http fetch GET 200 https://registry.npmjs.org/@tailwindcss%2foxide-darwin-x64 3ms (cache hit)
57 silly packumentCache full:https://registry.npmjs.org/@tailwindcss%2foxide-darwin-x64 set size:2341025 disposed:false
58 silly placeDep node_modules/@tailwindcss/oxide @tailwindcss/oxide-android-arm64@4.1.17 OK for: @tailwindcss/oxide@4.1.17 want: 4.1.17
59 silly placeDep node_modules/@tailwindcss/oxide @tailwindcss/oxide-darwin-x64@4.1.17 OK for: @tailwindcss/oxide@4.1.17 want: 4.1.17
60 silly placeDep node_modules/@tailwindcss/oxide @tailwindcss/oxide-freebsd-x64@4.1.17 OK for: @tailwindcss/oxide@4.1.17 want: 4.1.17
61 silly placeDep node_modules/@tailwindcss/oxide @tailwindcss/oxide-linux-arm-gnueabihf@4.1.17 OK for: @tailwindcss/oxide@4.1.17 want: 4.1.17
62 silly placeDep node_modules/@tailwindcss/oxide @tailwindcss/oxide-linux-arm64-gnu@4.1.17 OK for: @tailwindcss/oxide@4.1.17 want: 4.1.17
63 silly placeDep node_modules/@tailwindcss/oxide @tailwindcss/oxide-linux-arm64-musl@4.1.17 OK for: @tailwindcss/oxide@4.1.17 want: 4.1.17
64 silly placeDep node_modules/@tailwindcss/oxide @tailwindcss/oxide-linux-x64-gnu@4.1.17 OK for: @tailwindcss/oxide@4.1.17 want: 4.1.17
65 silly placeDep node_modules/@tailwindcss/oxide @tailwindcss/oxide-linux-x64-musl@4.1.17 OK for: @tailwindcss/oxide@4.1.17 want: 4.1.17
66 silly placeDep node_modules/@tailwindcss/oxide @tailwindcss/oxide-wasm32-wasi@4.1.17 OK for: @tailwindcss/oxide@4.1.17 want: 4.1.17
67 silly placeDep node_modules/@tailwindcss/oxide @tailwindcss/oxide-win32-arm64-msvc@4.1.17 OK for: @tailwindcss/oxide@4.1.17 want: 4.1.17
68 silly placeDep node_modules/@tailwindcss/oxide @tailwindcss/oxide-win32-x64-msvc@4.1.17 OK for: @tailwindcss/oxide@4.1.17 want: 4.1.17
69 silly fetch manifest @esbuild/aix-ppc64@0.25.12
70 silly packumentCache full:https://registry.npmjs.org/@esbuild%2faix-ppc64 cache-miss
71 http fetch GET 200 https://registry.npmjs.org/@esbuild%2faix-ppc64 1ms (cache hit)
72 silly packumentCache full:https://registry.npmjs.org/@esbuild%2faix-ppc64 set size:51056 disposed:false
73 silly fetch manifest @esbuild/android-arm@0.25.12
74 silly packumentCache full:https://registry.npmjs.org/@esbuild%2fandroid-arm cache-miss
75 http fetch GET 200 https://registry.npmjs.org/@esbuild%2fandroid-arm 1ms (cache hit)
76 silly packumentCache full:https://registry.npmjs.org/@esbuild%2fandroid-arm set size:208555 disposed:false
77 silly fetch manifest @esbuild/android-arm64@0.25.12
78 silly packumentCache full:https://registry.npmjs.org/@esbuild%2fandroid-arm64 cache-miss
79 http fetch GET 200 https://registry.npmjs.org/@esbuild%2fandroid-arm64 1ms (cache hit)
80 silly packumentCache full:https://registry.npmjs.org/@esbuild%2fandroid-arm64 set size:187235 disposed:false
81 silly fetch manifest @esbuild/android-x64@0.25.12
82 silly packumentCache full:https://registry.npmjs.org/@esbuild%2fandroid-x64 cache-miss
83 http fetch GET 200 https://registry.npmjs.org/@esbuild%2fandroid-x64 1ms (cache hit)
84 silly packumentCache full:https://registry.npmjs.org/@esbuild%2fandroid-x64 set size:182358 disposed:false
85 silly fetch manifest @esbuild/darwin-x64@0.25.12
86 silly packumentCache full:https://registry.npmjs.org/@esbuild%2fdarwin-x64 cache-miss
87 http fetch GET 200 https://registry.npmjs.org/@esbuild%2fdarwin-x64 1ms (cache hit)
88 silly packumentCache full:https://registry.npmjs.org/@esbuild%2fdarwin-x64 set size:182962 disposed:false
89 silly fetch manifest @esbuild/freebsd-arm64@0.25.12
90 silly packumentCache full:https://registry.npmjs.org/@esbuild%2ffreebsd-arm64 cache-miss
91 http fetch GET 200 https://registry.npmjs.org/@esbuild%2ffreebsd-arm64 1ms (cache hit)
92 silly packumentCache full:https://registry.npmjs.org/@esbuild%2ffreebsd-arm64 set size:185403 disposed:false
93 silly fetch manifest @esbuild/freebsd-x64@0.25.12
94 silly packumentCache full:https://registry.npmjs.org/@esbuild%2ffreebsd-x64 cache-miss
95 http fetch GET 200 https://registry.npmjs.org/@esbuild%2ffreebsd-x64 1ms (cache hit)
96 silly packumentCache full:https://registry.npmjs.org/@esbuild%2ffreebsd-x64 set size:183768 disposed:false
97 silly fetch manifest @esbuild/linux-arm@0.25.12
98 silly packumentCache full:https://registry.npmjs.org/@esbuild%2flinux-arm cache-miss
99 http fetch GET 200 https://registry.npmjs.org/@esbuild%2flinux-arm 2ms (cache hit)
100 silly packumentCache full:https://registry.npmjs.org/@esbuild%2flinux-arm set size:181984 disposed:false
101 silly fetch manifest @esbuild/linux-arm64@0.25.12
102 silly packumentCache full:https://registry.npmjs.org/@esbuild%2flinux-arm64 cache-miss
103 http fetch GET 200 https://registry.npmjs.org/@esbuild%2flinux-arm64 1ms (cache hit)
104 silly packumentCache full:https://registry.npmjs.org/@esbuild%2flinux-arm64 set size:183952 disposed:false
105 silly fetch manifest @esbuild/linux-ia32@0.25.12
106 silly packumentCache full:https://registry.npmjs.org/@esbuild%2flinux-ia32 cache-miss
107 http fetch GET 200 https://registry.npmjs.org/@esbuild%2flinux-ia32 1ms (cache hit)
108 silly packumentCache full:https://registry.npmjs.org/@esbuild%2flinux-ia32 set size:182913 disposed:false
109 silly fetch manifest @esbuild/linux-loong64@0.25.12
110 silly packumentCache full:https://registry.npmjs.org/@esbuild%2flinux-loong64 cache-miss
111 http fetch GET 200 https://registry.npmjs.org/@esbuild%2flinux-loong64 2ms (cache hit)
112 silly packumentCache full:https://registry.npmjs.org/@esbuild%2flinux-loong64 set size:238725 disposed:false
113 silly fetch manifest @esbuild/linux-mips64el@0.25.12
114 silly packumentCache full:https://registry.npmjs.org/@esbuild%2flinux-mips64el cache-miss
115 http fetch GET 200 https://registry.npmjs.org/@esbuild%2flinux-mips64el 2ms (cache hit)
116 silly packumentCache full:https://registry.npmjs.org/@esbuild%2flinux-mips64el set size:187453 disposed:false
117 silly fetch manifest @esbuild/linux-ppc64@0.25.12
118 silly packumentCache full:https://registry.npmjs.org/@esbuild%2flinux-ppc64 cache-miss
119 http fetch GET 200 https://registry.npmjs.org/@esbuild%2flinux-ppc64 2ms (cache hit)
120 silly packumentCache full:https://registry.npmjs.org/@esbuild%2flinux-ppc64 set size:185846 disposed:false
121 silly fetch manifest @esbuild/linux-riscv64@0.25.12
122 silly packumentCache full:https://registry.npmjs.org/@esbuild%2flinux-riscv64 cache-miss
123 http fetch GET 200 https://registry.npmjs.org/@esbuild%2flinux-riscv64 2ms (cache hit)
124 silly packumentCache full:https://registry.npmjs.org/@esbuild%2flinux-riscv64 set size:185523 disposed:false
125 silly fetch manifest @esbuild/linux-s390x@0.25.12
126 silly packumentCache full:https://registry.npmjs.org/@esbuild%2flinux-s390x cache-miss
127 http fetch GET 200 https://registry.npmjs.org/@esbuild%2flinux-s390x 1ms (cache hit)
128 silly packumentCache full:https://registry.npmjs.org/@esbuild%2flinux-s390x set size:185358 disposed:false
129 silly fetch manifest @esbuild/linux-x64@0.25.12
130 silly packumentCache full:https://registry.npmjs.org/@esbuild%2flinux-x64 cache-miss
131 http fetch GET 200 https://registry.npmjs.org/@esbuild%2flinux-x64 1ms (cache hit)
132 silly packumentCache full:https://registry.npmjs.org/@esbuild%2flinux-x64 set size:182307 disposed:false
133 silly fetch manifest @esbuild/netbsd-arm64@0.25.12
134 silly packumentCache full:https://registry.npmjs.org/@esbuild%2fnetbsd-arm64 cache-miss
135 http fetch GET 200 https://registry.npmjs.org/@esbuild%2fnetbsd-arm64 1ms (cache hit)
136 silly packumentCache full:https://registry.npmjs.org/@esbuild%2fnetbsd-arm64 set size:27408 disposed:false
137 silly fetch manifest @esbuild/netbsd-x64@0.25.12
138 silly packumentCache full:https://registry.npmjs.org/@esbuild%2fnetbsd-x64 cache-miss
139 http fetch GET 200 https://registry.npmjs.org/@esbuild%2fnetbsd-x64 1ms (cache hit)
140 silly packumentCache full:https://registry.npmjs.org/@esbuild%2fnetbsd-x64 set size:180836 disposed:false
141 silly fetch manifest @esbuild/openbsd-arm64@0.25.12
142 silly packumentCache full:https://registry.npmjs.org/@esbuild%2fopenbsd-arm64 cache-miss
143 http fetch GET 200 https://registry.npmjs.org/@esbuild%2fopenbsd-arm64 1ms (cache hit)
144 silly packumentCache full:https://registry.npmjs.org/@esbuild%2fopenbsd-arm64 set size:32662 disposed:false
145 silly fetch manifest @esbuild/openbsd-x64@0.25.12
146 silly packumentCache full:https://registry.npmjs.org/@esbuild%2fopenbsd-x64 cache-miss
147 http fetch GET 200 https://registry.npmjs.org/@esbuild%2fopenbsd-x64 2ms (cache hit)
148 silly packumentCache full:https://registry.npmjs.org/@esbuild%2fopenbsd-x64 set size:183771 disposed:false
149 silly fetch manifest @esbuild/openharmony-arm64@0.25.12
150 silly packumentCache full:https://registry.npmjs.org/@esbuild%2fopenharmony-arm64 cache-miss
151 http fetch GET 200 https://registry.npmjs.org/@esbuild%2fopenharmony-arm64 1ms (cache hit)
152 silly packumentCache full:https://registry.npmjs.org/@esbuild%2fopenharmony-arm64 set size:15916 disposed:false
153 silly fetch manifest @esbuild/sunos-x64@0.25.12
154 silly packumentCache full:https://registry.npmjs.org/@esbuild%2fsunos-x64 cache-miss
155 http fetch GET 200 https://registry.npmjs.org/@esbuild%2fsunos-x64 2ms (cache hit)
156 silly packumentCache full:https://registry.npmjs.org/@esbuild%2fsunos-x64 set size:182527 disposed:false
157 silly fetch manifest @esbuild/win32-arm64@0.25.12
158 silly packumentCache full:https://registry.npmjs.org/@esbuild%2fwin32-arm64 cache-miss
159 http fetch GET 200 https://registry.npmjs.org/@esbuild%2fwin32-arm64 1ms (cache hit)
160 silly packumentCache full:https://registry.npmjs.org/@esbuild%2fwin32-arm64 set size:184167 disposed:false
161 silly fetch manifest @esbuild/win32-ia32@0.25.12
162 silly packumentCache full:https://registry.npmjs.org/@esbuild%2fwin32-ia32 cache-miss
163 http fetch GET 200 https://registry.npmjs.org/@esbuild%2fwin32-ia32 1ms (cache hit)
164 silly packumentCache full:https://registry.npmjs.org/@esbuild%2fwin32-ia32 set size:183125 disposed:false
165 silly fetch manifest @esbuild/win32-x64@0.25.12
166 silly packumentCache full:https://registry.npmjs.org/@esbuild%2fwin32-x64 cache-miss
167 http fetch GET 200 https://registry.npmjs.org/@esbuild%2fwin32-x64 1ms (cache hit)
168 silly packumentCache full:https://registry.npmjs.org/@esbuild%2fwin32-x64 set size:182530 disposed:false
169 silly placeDep node_modules/esbuild @esbuild/aix-ppc64@0.25.12 OK for: esbuild@0.25.12 want: 0.25.12
170 silly placeDep node_modules/esbuild @esbuild/android-arm@0.25.12 OK for: esbuild@0.25.12 want: 0.25.12
171 silly placeDep node_modules/esbuild @esbuild/android-arm64@0.25.12 OK for: esbuild@0.25.12 want: 0.25.12
172 silly placeDep node_modules/esbuild @esbuild/android-x64@0.25.12 OK for: esbuild@0.25.12 want: 0.25.12
173 silly placeDep node_modules/esbuild @esbuild/darwin-x64@0.25.12 OK for: esbuild@0.25.12 want: 0.25.12
174 silly placeDep node_modules/esbuild @esbuild/freebsd-arm64@0.25.12 OK for: esbuild@0.25.12 want: 0.25.12
175 silly placeDep node_modules/esbuild @esbuild/freebsd-x64@0.25.12 OK for: esbuild@0.25.12 want: 0.25.12
176 silly placeDep node_modules/esbuild @esbuild/linux-arm@0.25.12 OK for: esbuild@0.25.12 want: 0.25.12
177 silly placeDep node_modules/esbuild @esbuild/linux-arm64@0.25.12 OK for: esbuild@0.25.12 want: 0.25.12
178 silly placeDep node_modules/esbuild @esbuild/linux-ia32@0.25.12 OK for: esbuild@0.25.12 want: 0.25.12
179 silly placeDep node_modules/esbuild @esbuild/linux-loong64@0.25.12 OK for: esbuild@0.25.12 want: 0.25.12
180 silly placeDep node_modules/esbuild @esbuild/linux-mips64el@0.25.12 OK for: esbuild@0.25.12 want: 0.25.12
181 silly placeDep node_modules/esbuild @esbuild/linux-ppc64@0.25.12 OK for: esbuild@0.25.12 want: 0.25.12
182 silly placeDep node_modules/esbuild @esbuild/linux-riscv64@0.25.12 OK for: esbuild@0.25.12 want: 0.25.12
183 silly placeDep node_modules/esbuild @esbuild/linux-s390x@0.25.12 OK for: esbuild@0.25.12 want: 0.25.12
184 silly placeDep node_modules/esbuild @esbuild/linux-x64@0.25.12 OK for: esbuild@0.25.12 want: 0.25.12
185 silly placeDep node_modules/esbuild @esbuild/netbsd-arm64@0.25.12 OK for: esbuild@0.25.12 want: 0.25.12
186 silly placeDep node_modules/esbuild @esbuild/netbsd-x64@0.25.12 OK for: esbuild@0.25.12 want: 0.25.12
187 silly placeDep node_modules/esbuild @esbuild/openbsd-arm64@0.25.12 OK for: esbuild@0.25.12 want: 0.25.12
188 silly placeDep node_modules/esbuild @esbuild/openbsd-x64@0.25.12 OK for: esbuild@0.25.12 want: 0.25.12
189 silly placeDep node_modules/esbuild @esbuild/openharmony-arm64@0.25.12 OK for: esbuild@0.25.12 want: 0.25.12
190 silly placeDep node_modules/esbuild @esbuild/sunos-x64@0.25.12 OK for: esbuild@0.25.12 want: 0.25.12
191 silly placeDep node_modules/esbuild @esbuild/win32-arm64@0.25.12 OK for: esbuild@0.25.12 want: 0.25.12
192 silly placeDep node_modules/esbuild @esbuild/win32-ia32@0.25.12 OK for: esbuild@0.25.12 want: 0.25.12
193 silly placeDep node_modules/esbuild @esbuild/win32-x64@0.25.12 OK for: esbuild@0.25.12 want: 0.25.12
194 silly fetch manifest lightningcss-darwin-x64@1.30.2
195 silly packumentCache full:https://registry.npmjs.org/lightningcss-darwin-x64 cache-miss
196 http fetch GET 200 https://registry.npmjs.org/lightningcss-darwin-x64 1ms (cache hit)
197 silly packumentCache full:https://registry.npmjs.org/lightningcss-darwin-x64 set size:73656 disposed:false
198 silly fetch manifest lightningcss-linux-x64-gnu@1.30.2
199 silly packumentCache full:https://registry.npmjs.org/lightningcss-linux-x64-gnu cache-miss
200 http fetch GET 200 https://registry.npmjs.org/lightningcss-linux-x64-gnu 3ms (cache hit)
201 silly packumentCache full:https://registry.npmjs.org/lightningcss-linux-x64-gnu set size:74961 disposed:false
202 silly fetch manifest lightningcss-win32-x64-msvc@1.30.2
203 silly packumentCache full:https://registry.npmjs.org/lightningcss-win32-x64-msvc cache-miss
204 http fetch GET 200 https://registry.npmjs.org/lightningcss-win32-x64-msvc 1ms (cache hit)
205 silly packumentCache full:https://registry.npmjs.org/lightningcss-win32-x64-msvc set size:74539 disposed:false
206 silly fetch manifest lightningcss-win32-arm64-msvc@1.30.2
207 silly packumentCache full:https://registry.npmjs.org/lightningcss-win32-arm64-msvc cache-miss
208 http fetch GET 200 https://registry.npmjs.org/lightningcss-win32-arm64-msvc 1ms (cache hit)
209 silly packumentCache full:https://registry.npmjs.org/lightningcss-win32-arm64-msvc set size:21483 disposed:false
210 silly fetch manifest lightningcss-linux-arm64-gnu@1.30.2
211 silly packumentCache full:https://registry.npmjs.org/lightningcss-linux-arm64-gnu cache-miss
212 http fetch GET 200 https://registry.npmjs.org/lightningcss-linux-arm64-gnu 1ms (cache hit)
213 silly packumentCache full:https://registry.npmjs.org/lightningcss-linux-arm64-gnu set size:75490 disposed:false
214 silly fetch manifest lightningcss-linux-arm-gnueabihf@1.30.2
215 silly packumentCache full:https://registry.npmjs.org/lightningcss-linux-arm-gnueabihf cache-miss
216 http fetch GET 200 https://registry.npmjs.org/lightningcss-linux-arm-gnueabihf 1ms (cache hit)
217 silly packumentCache full:https://registry.npmjs.org/lightningcss-linux-arm-gnueabihf set size:75705 disposed:false
218 silly fetch manifest lightningcss-linux-arm64-musl@1.30.2
219 silly packumentCache full:https://registry.npmjs.org/lightningcss-linux-arm64-musl cache-miss
220 http fetch GET 200 https://registry.npmjs.org/lightningcss-linux-arm64-musl 1ms (cache hit)
221 silly packumentCache full:https://registry.npmjs.org/lightningcss-linux-arm64-musl set size:75692 disposed:false
222 silly fetch manifest lightningcss-linux-x64-musl@1.30.2
223 silly packumentCache full:https://registry.npmjs.org/lightningcss-linux-x64-musl cache-miss
224 http fetch GET 200 https://registry.npmjs.org/lightningcss-linux-x64-musl 0ms (cache hit)
225 silly packumentCache full:https://registry.npmjs.org/lightningcss-linux-x64-musl set size:75155 disposed:false
226 silly fetch manifest lightningcss-freebsd-x64@1.30.2
227 silly packumentCache full:https://registry.npmjs.org/lightningcss-freebsd-x64 cache-miss
228 http fetch GET 200 https://registry.npmjs.org/lightningcss-freebsd-x64 1ms (cache hit)
229 silly packumentCache full:https://registry.npmjs.org/lightningcss-freebsd-x64 set size:37817 disposed:false
230 silly fetch manifest lightningcss-android-arm64@1.30.2
231 silly packumentCache full:https://registry.npmjs.org/lightningcss-android-arm64 cache-miss
232 http fetch GET 200 https://registry.npmjs.org/lightningcss-android-arm64 1ms (cache hit)
233 silly packumentCache full:https://registry.npmjs.org/lightningcss-android-arm64 set size:2570 disposed:false
234 silly placeDep node_modules/lightningcss lightningcss-android-arm64@1.30.2 OK for: lightningcss@1.30.2 want: 1.30.2
235 silly placeDep node_modules/lightningcss lightningcss-darwin-x64@1.30.2 OK for: lightningcss@1.30.2 want: 1.30.2
236 silly placeDep node_modules/lightningcss lightningcss-freebsd-x64@1.30.2 OK for: lightningcss@1.30.2 want: 1.30.2
237 silly placeDep node_modules/lightningcss lightningcss-linux-arm-gnueabihf@1.30.2 OK for: lightningcss@1.30.2 want: 1.30.2
238 silly placeDep node_modules/lightningcss lightningcss-linux-arm64-gnu@1.30.2 OK for: lightningcss@1.30.2 want: 1.30.2
239 silly placeDep node_modules/lightningcss lightningcss-linux-arm64-musl@1.30.2 OK for: lightningcss@1.30.2 want: 1.30.2
240 silly placeDep node_modules/lightningcss lightningcss-linux-x64-gnu@1.30.2 OK for: lightningcss@1.30.2 want: 1.30.2
241 silly placeDep node_modules/lightningcss lightningcss-linux-x64-musl@1.30.2 OK for: lightningcss@1.30.2 want: 1.30.2
242 silly placeDep node_modules/lightningcss lightningcss-win32-arm64-msvc@1.30.2 OK for: lightningcss@1.30.2 want: 1.30.2
243 silly placeDep node_modules/lightningcss lightningcss-win32-x64-msvc@1.30.2 OK for: lightningcss@1.30.2 want: 1.30.2
244 silly fetch manifest @next/swc-darwin-x64@16.0.3
245 silly packumentCache full:https://registry.npmjs.org/@next%2fswc-darwin-x64 cache-miss
246 http fetch GET 200 https://registry.npmjs.org/@next%2fswc-darwin-x64 8ms (cache hit)
247 silly packumentCache full:https://registry.npmjs.org/@next%2fswc-darwin-x64 set size:4639705 disposed:false
248 silly fetch manifest @next/swc-linux-arm64-gnu@16.0.3
249 silly packumentCache full:https://registry.npmjs.org/@next%2fswc-linux-arm64-gnu cache-miss
250 http fetch GET 200 https://registry.npmjs.org/@next%2fswc-linux-arm64-gnu 5ms (cache hit)
251 silly packumentCache full:https://registry.npmjs.org/@next%2fswc-linux-arm64-gnu set size:4533384 disposed:false
252 silly fetch manifest @next/swc-linux-arm64-musl@16.0.3
253 silly packumentCache full:https://registry.npmjs.org/@next%2fswc-linux-arm64-musl cache-miss
254 http fetch GET 200 https://registry.npmjs.org/@next%2fswc-linux-arm64-musl 5ms (cache hit)
255 silly packumentCache full:https://registry.npmjs.org/@next%2fswc-linux-arm64-musl set size:4548943 disposed:false
256 silly fetch manifest @next/swc-linux-x64-gnu@16.0.3
257 silly packumentCache full:https://registry.npmjs.org/@next%2fswc-linux-x64-gnu cache-miss
258 http fetch GET 200 https://registry.npmjs.org/@next%2fswc-linux-x64-gnu 7ms (cache hit)
259 silly packumentCache full:https://registry.npmjs.org/@next%2fswc-linux-x64-gnu set size:4732769 disposed:false
260 silly fetch manifest @next/swc-linux-x64-musl@16.0.3
261 silly packumentCache full:https://registry.npmjs.org/@next%2fswc-linux-x64-musl cache-miss
262 http fetch GET 200 https://registry.npmjs.org/@next%2fswc-linux-x64-musl 9ms (cache hit)
263 silly packumentCache full:https://registry.npmjs.org/@next%2fswc-linux-x64-musl set size:4489683 disposed:false
264 silly fetch manifest @next/swc-win32-arm64-msvc@16.0.3
265 silly packumentCache full:https://registry.npmjs.org/@next%2fswc-win32-arm64-msvc cache-miss
266 http fetch GET 200 https://registry.npmjs.org/@next%2fswc-win32-arm64-msvc 5ms (cache hit)
267 silly packumentCache full:https://registry.npmjs.org/@next%2fswc-win32-arm64-msvc set size:4517804 disposed:false
268 silly fetch manifest @next/swc-win32-x64-msvc@16.0.3
269 silly packumentCache full:https://registry.npmjs.org/@next%2fswc-win32-x64-msvc cache-miss
270 http fetch GET 200 https://registry.npmjs.org/@next%2fswc-win32-x64-msvc 7ms (cache hit)
271 silly packumentCache full:https://registry.npmjs.org/@next%2fswc-win32-x64-msvc set size:4707844 disposed:false
272 silly placeDep node_modules/next @next/swc-darwin-x64@16.0.3 OK for: next@16.0.3 want: 16.0.3
273 silly placeDep node_modules/next @next/swc-linux-arm64-gnu@16.0.3 OK for: next@16.0.3 want: 16.0.3
274 silly placeDep node_modules/next @next/swc-linux-arm64-musl@16.0.3 OK for: next@16.0.3 want: 16.0.3
275 silly placeDep node_modules/next @next/swc-linux-x64-gnu@16.0.3 OK for: next@16.0.3 want: 16.0.3
276 silly placeDep node_modules/next @next/swc-linux-x64-musl@16.0.3 OK for: next@16.0.3 want: 16.0.3
277 silly placeDep node_modules/next @next/swc-win32-arm64-msvc@16.0.3 OK for: next@16.0.3 want: 16.0.3
278 silly placeDep node_modules/next @next/swc-win32-x64-msvc@16.0.3 OK for: next@16.0.3 want: 16.0.3
279 silly fetch manifest @img/sharp-darwin-x64@0.34.5
280 silly packumentCache full:https://registry.npmjs.org/@img%2fsharp-darwin-x64 cache-miss
281 http fetch GET 200 https://registry.npmjs.org/@img%2fsharp-darwin-x64 1ms (cache hit)
282 silly packumentCache full:https://registry.npmjs.org/@img%2fsharp-darwin-x64 set size:63901 disposed:false
283 silly fetch manifest @img/sharp-libvips-darwin-x64@1.2.4
284 silly packumentCache full:https://registry.npmjs.org/@img%2fsharp-libvips-darwin-x64 cache-miss
285 http fetch GET 200 https://registry.npmjs.org/@img%2fsharp-libvips-darwin-x64 1ms (cache hit)
286 silly packumentCache full:https://registry.npmjs.org/@img%2fsharp-libvips-darwin-x64 set size:52177 disposed:false
287 silly fetch manifest @img/sharp-libvips-linux-arm@1.2.4
288 silly packumentCache full:https://registry.npmjs.org/@img%2fsharp-libvips-linux-arm cache-miss
289 http fetch GET 200 https://registry.npmjs.org/@img%2fsharp-libvips-linux-arm 2ms (cache hit)
290 silly packumentCache full:https://registry.npmjs.org/@img%2fsharp-libvips-linux-arm set size:58790 disposed:false
291 silly fetch manifest @img/sharp-libvips-linux-arm64@1.2.4
292 silly packumentCache full:https://registry.npmjs.org/@img%2fsharp-libvips-linux-arm64 cache-miss
293 http fetch GET 200 https://registry.npmjs.org/@img%2fsharp-libvips-linux-arm64 1ms (cache hit)
294 silly packumentCache full:https://registry.npmjs.org/@img%2fsharp-libvips-linux-arm64 set size:55624 disposed:false
295 silly fetch manifest @img/sharp-libvips-linux-ppc64@1.2.4
296 silly packumentCache full:https://registry.npmjs.org/@img%2fsharp-libvips-linux-ppc64 cache-miss
297 http fetch GET 200 https://registry.npmjs.org/@img%2fsharp-libvips-linux-ppc64 1ms (cache hit)
298 silly packumentCache full:https://registry.npmjs.org/@img%2fsharp-libvips-linux-ppc64 set size:42847 disposed:false
299 silly fetch manifest @img/sharp-libvips-linux-riscv64@1.2.4
300 silly packumentCache full:https://registry.npmjs.org/@img%2fsharp-libvips-linux-riscv64 cache-miss
301 http fetch GET 200 https://registry.npmjs.org/@img%2fsharp-libvips-linux-riscv64 2ms (cache hit)
302 silly packumentCache full:https://registry.npmjs.org/@img%2fsharp-libvips-linux-riscv64 set size:28734 disposed:false
303 silly fetch manifest @img/sharp-libvips-linux-s390x@1.2.4
304 silly packumentCache full:https://registry.npmjs.org/@img%2fsharp-libvips-linux-s390x cache-miss
305 http fetch GET 200 https://registry.npmjs.org/@img%2fsharp-libvips-linux-s390x 1ms (cache hit)
306 silly packumentCache full:https://registry.npmjs.org/@img%2fsharp-libvips-linux-s390x set size:51836 disposed:false
307 silly fetch manifest @img/sharp-libvips-linux-x64@1.2.4
308 silly packumentCache full:https://registry.npmjs.org/@img%2fsharp-libvips-linux-x64 cache-miss
309 http fetch GET 200 https://registry.npmjs.org/@img%2fsharp-libvips-linux-x64 1ms (cache hit)
310 silly packumentCache full:https://registry.npmjs.org/@img%2fsharp-libvips-linux-x64 set size:56849 disposed:false
311 silly fetch manifest @img/sharp-libvips-linuxmusl-arm64@1.2.4
312 silly packumentCache full:https://registry.npmjs.org/@img%2fsharp-libvips-linuxmusl-arm64 cache-miss
313 http fetch GET 200 https://registry.npmjs.org/@img%2fsharp-libvips-linuxmusl-arm64 1ms (cache hit)
314 silly packumentCache full:https://registry.npmjs.org/@img%2fsharp-libvips-linuxmusl-arm64 set size:54400 disposed:false
315 silly fetch manifest @img/sharp-libvips-linuxmusl-x64@1.2.4
316 silly packumentCache full:https://registry.npmjs.org/@img%2fsharp-libvips-linuxmusl-x64 cache-miss
317 http fetch GET 200 https://registry.npmjs.org/@img%2fsharp-libvips-linuxmusl-x64 1ms (cache hit)
318 silly packumentCache full:https://registry.npmjs.org/@img%2fsharp-libvips-linuxmusl-x64 set size:53807 disposed:false
319 silly fetch manifest @img/sharp-linux-arm@0.34.5
320 silly packumentCache full:https://registry.npmjs.org/@img%2fsharp-linux-arm cache-miss
321 http fetch GET 200 https://registry.npmjs.org/@img%2fsharp-linux-arm 1ms (cache hit)
322 silly packumentCache full:https://registry.npmjs.org/@img%2fsharp-linux-arm set size:65285 disposed:false
323 silly fetch manifest @img/sharp-linux-arm64@0.34.5
324 silly packumentCache full:https://registry.npmjs.org/@img%2fsharp-linux-arm64 cache-miss
325 http fetch GET 200 https://registry.npmjs.org/@img%2fsharp-linux-arm64 1ms (cache hit)
326 silly packumentCache full:https://registry.npmjs.org/@img%2fsharp-linux-arm64 set size:65833 disposed:false
327 silly fetch manifest @img/sharp-linux-ppc64@0.34.5
328 silly packumentCache full:https://registry.npmjs.org/@img%2fsharp-linux-ppc64 cache-miss
329 http fetch GET 200 https://registry.npmjs.org/@img%2fsharp-linux-ppc64 1ms (cache hit)
330 silly packumentCache full:https://registry.npmjs.org/@img%2fsharp-linux-ppc64 set size:30537 disposed:false
331 silly fetch manifest @img/sharp-linux-riscv64@0.34.5
332 silly packumentCache full:https://registry.npmjs.org/@img%2fsharp-linux-riscv64 cache-miss
333 http fetch GET 200 https://registry.npmjs.org/@img%2fsharp-linux-riscv64 0ms (cache hit)
334 silly packumentCache full:https://registry.npmjs.org/@img%2fsharp-linux-riscv64 set size:7582 disposed:false
335 silly fetch manifest @img/sharp-linux-s390x@0.34.5
336 silly packumentCache full:https://registry.npmjs.org/@img%2fsharp-linux-s390x cache-miss
337 http fetch GET 200 https://registry.npmjs.org/@img%2fsharp-linux-s390x 2ms (cache hit)
338 silly packumentCache full:https://registry.npmjs.org/@img%2fsharp-linux-s390x set size:63795 disposed:false
339 silly fetch manifest @img/sharp-linux-x64@0.34.5
340 silly packumentCache full:https://registry.npmjs.org/@img%2fsharp-linux-x64 cache-miss
341 http fetch GET 200 https://registry.npmjs.org/@img%2fsharp-linux-x64 1ms (cache hit)
342 silly packumentCache full:https://registry.npmjs.org/@img%2fsharp-linux-x64 set size:64953 disposed:false
343 silly fetch manifest @img/sharp-linuxmusl-arm64@0.34.5
344 silly packumentCache full:https://registry.npmjs.org/@img%2fsharp-linuxmusl-arm64 cache-miss
345 http fetch GET 200 https://registry.npmjs.org/@img%2fsharp-linuxmusl-arm64 1ms (cache hit)
346 silly packumentCache full:https://registry.npmjs.org/@img%2fsharp-linuxmusl-arm64 set size:66897 disposed:false
347 silly fetch manifest @img/sharp-linuxmusl-x64@0.34.5
348 silly packumentCache full:https://registry.npmjs.org/@img%2fsharp-linuxmusl-x64 cache-miss
349 http fetch GET 200 https://registry.npmjs.org/@img%2fsharp-linuxmusl-x64 1ms (cache hit)
350 silly packumentCache full:https://registry.npmjs.org/@img%2fsharp-linuxmusl-x64 set size:66015 disposed:false
351 silly fetch manifest @img/sharp-wasm32@0.34.5
352 silly packumentCache full:https://registry.npmjs.org/@img%2fsharp-wasm32 cache-miss
353 http fetch GET 200 https://registry.npmjs.org/@img%2fsharp-wasm32 1ms (cache hit)
354 silly packumentCache full:https://registry.npmjs.org/@img%2fsharp-wasm32 set size:62997 disposed:false
355 silly fetch manifest @img/sharp-win32-arm64@0.34.5
356 silly packumentCache full:https://registry.npmjs.org/@img%2fsharp-win32-arm64 cache-miss
357 http fetch GET 200 https://registry.npmjs.org/@img%2fsharp-win32-arm64 1ms (cache hit)
358 silly packumentCache full:https://registry.npmjs.org/@img%2fsharp-win32-arm64 set size:26878 disposed:false
359 silly fetch manifest @img/sharp-win32-ia32@0.34.5
360 silly packumentCache full:https://registry.npmjs.org/@img%2fsharp-win32-ia32 cache-miss
361 http fetch GET 200 https://registry.npmjs.org/@img%2fsharp-win32-ia32 2ms (cache hit)
362 silly packumentCache full:https://registry.npmjs.org/@img%2fsharp-win32-ia32 set size:67944 disposed:false
363 silly fetch manifest @img/sharp-win32-x64@0.34.5
364 silly packumentCache full:https://registry.npmjs.org/@img%2fsharp-win32-x64 cache-miss
365 http fetch GET 200 https://registry.npmjs.org/@img%2fsharp-win32-x64 1ms (cache hit)
366 silly packumentCache full:https://registry.npmjs.org/@img%2fsharp-win32-x64 set size:67340 disposed:false
367 silly placeDep node_modules/sharp @img/sharp-darwin-x64@0.34.5 OK for: sharp@0.34.5 want: 0.34.5
368 silly placeDep node_modules/sharp @img/sharp-libvips-darwin-x64@1.2.4 OK for: sharp@0.34.5 want: 1.2.4
369 silly placeDep node_modules/sharp @img/sharp-libvips-linux-arm@1.2.4 OK for: sharp@0.34.5 want: 1.2.4
370 silly placeDep node_modules/sharp @img/sharp-libvips-linux-arm64@1.2.4 OK for: sharp@0.34.5 want: 1.2.4
371 silly placeDep node_modules/sharp @img/sharp-libvips-linux-ppc64@1.2.4 OK for: sharp@0.34.5 want: 1.2.4
372 silly placeDep node_modules/sharp @img/sharp-libvips-linux-riscv64@1.2.4 OK for: sharp@0.34.5 want: 1.2.4
373 silly placeDep node_modules/sharp @img/sharp-libvips-linux-s390x@1.2.4 OK for: sharp@0.34.5 want: 1.2.4
374 silly placeDep node_modules/sharp @img/sharp-libvips-linux-x64@1.2.4 OK for: sharp@0.34.5 want: 1.2.4
375 silly placeDep node_modules/sharp @img/sharp-libvips-linuxmusl-arm64@1.2.4 OK for: sharp@0.34.5 want: 1.2.4
376 silly placeDep node_modules/sharp @img/sharp-libvips-linuxmusl-x64@1.2.4 OK for: sharp@0.34.5 want: 1.2.4
377 silly placeDep node_modules/sharp @img/sharp-linux-arm@0.34.5 OK for: sharp@0.34.5 want: 0.34.5
378 silly placeDep node_modules/sharp @img/sharp-linux-arm64@0.34.5 OK for: sharp@0.34.5 want: 0.34.5
379 silly placeDep node_modules/sharp @img/sharp-linux-ppc64@0.34.5 OK for: sharp@0.34.5 want: 0.34.5
380 silly placeDep node_modules/sharp @img/sharp-linux-riscv64@0.34.5 OK for: sharp@0.34.5 want: 0.34.5
381 silly placeDep node_modules/sharp @img/sharp-linux-s390x@0.34.5 OK for: sharp@0.34.5 want: 0.34.5
382 silly placeDep node_modules/sharp @img/sharp-linux-x64@0.34.5 OK for: sharp@0.34.5 want: 0.34.5
383 silly placeDep node_modules/sharp @img/sharp-linuxmusl-arm64@0.34.5 OK for: sharp@0.34.5 want: 0.34.5
384 silly placeDep node_modules/sharp @img/sharp-linuxmusl-x64@0.34.5 OK for: sharp@0.34.5 want: 0.34.5
385 silly placeDep node_modules/sharp @img/sharp-wasm32@0.34.5 OK for: sharp@0.34.5 want: 0.34.5
386 silly placeDep node_modules/sharp @img/sharp-win32-arm64@0.34.5 OK for: sharp@0.34.5 want: 0.34.5
387 silly placeDep node_modules/sharp @img/sharp-win32-ia32@0.34.5 OK for: sharp@0.34.5 want: 0.34.5
388 silly placeDep node_modules/sharp @img/sharp-win32-x64@0.34.5 OK for: sharp@0.34.5 want: 0.34.5
389 silly fetch manifest @unrs/resolver-binding-win32-x64-msvc@1.11.1
390 silly packumentCache full:https://registry.npmjs.org/@unrs%2fresolver-binding-win32-x64-msvc cache-miss
391 http fetch GET 200 https://registry.npmjs.org/@unrs%2fresolver-binding-win32-x64-msvc 1ms (cache hit)
392 silly packumentCache full:https://registry.npmjs.org/@unrs%2fresolver-binding-win32-x64-msvc set size:58760 disposed:false
393 silly fetch manifest @unrs/resolver-binding-win32-arm64-msvc@1.11.1
394 silly packumentCache full:https://registry.npmjs.org/@unrs%2fresolver-binding-win32-arm64-msvc cache-miss
395 http fetch GET 200 https://registry.npmjs.org/@unrs%2fresolver-binding-win32-arm64-msvc 1ms (cache hit)
396 silly packumentCache full:https://registry.npmjs.org/@unrs%2fresolver-binding-win32-arm64-msvc set size:59292 disposed:false
397 silly fetch manifest @unrs/resolver-binding-win32-ia32-msvc@1.11.1
398 silly packumentCache full:https://registry.npmjs.org/@unrs%2fresolver-binding-win32-ia32-msvc cache-miss
399 http fetch GET 200 https://registry.npmjs.org/@unrs%2fresolver-binding-win32-ia32-msvc 1ms (cache hit)
400 silly packumentCache full:https://registry.npmjs.org/@unrs%2fresolver-binding-win32-ia32-msvc set size:59023 disposed:false
401 silly fetch manifest @unrs/resolver-binding-linux-x64-gnu@1.11.1
402 silly packumentCache full:https://registry.npmjs.org/@unrs%2fresolver-binding-linux-x64-gnu cache-miss
403 http fetch GET 200 https://registry.npmjs.org/@unrs%2fresolver-binding-linux-x64-gnu 1ms (cache hit)
404 silly packumentCache full:https://registry.npmjs.org/@unrs%2fresolver-binding-linux-x64-gnu set size:59167 disposed:false
405 silly fetch manifest @unrs/resolver-binding-linux-x64-musl@1.11.1
406 silly packumentCache full:https://registry.npmjs.org/@unrs%2fresolver-binding-linux-x64-musl cache-miss
407 http fetch GET 200 https://registry.npmjs.org/@unrs%2fresolver-binding-linux-x64-musl 1ms (cache hit)
408 silly packumentCache full:https://registry.npmjs.org/@unrs%2fresolver-binding-linux-x64-musl set size:59364 disposed:false
409 silly fetch manifest @unrs/resolver-binding-freebsd-x64@1.11.1
410 silly packumentCache full:https://registry.npmjs.org/@unrs%2fresolver-binding-freebsd-x64 cache-miss
411 http fetch GET 200 https://registry.npmjs.org/@unrs%2fresolver-binding-freebsd-x64 1ms (cache hit)
412 silly packumentCache full:https://registry.npmjs.org/@unrs%2fresolver-binding-freebsd-x64 set size:58172 disposed:false
413 silly fetch manifest @unrs/resolver-binding-android-arm64@1.11.1
414 silly packumentCache full:https://registry.npmjs.org/@unrs%2fresolver-binding-android-arm64 cache-miss
415 http fetch GET 200 https://registry.npmjs.org/@unrs%2fresolver-binding-android-arm64 2ms (cache hit)
416 silly packumentCache full:https://registry.npmjs.org/@unrs%2fresolver-binding-android-arm64 set size:12351 disposed:false
417 silly fetch manifest @unrs/resolver-binding-linux-arm64-gnu@1.11.1
418 silly packumentCache full:https://registry.npmjs.org/@unrs%2fresolver-binding-linux-arm64-gnu cache-miss
419 http fetch GET 200 https://registry.npmjs.org/@unrs%2fresolver-binding-linux-arm64-gnu 1ms (cache hit)
420 silly packumentCache full:https://registry.npmjs.org/@unrs%2fresolver-binding-linux-arm64-gnu set size:59697 disposed:false
421 silly fetch manifest @unrs/resolver-binding-linux-arm64-musl@1.11.1
422 silly packumentCache full:https://registry.npmjs.org/@unrs%2fresolver-binding-linux-arm64-musl cache-miss
423 http fetch GET 200 https://registry.npmjs.org/@unrs%2fresolver-binding-linux-arm64-musl 1ms (cache hit)
424 silly packumentCache full:https://registry.npmjs.org/@unrs%2fresolver-binding-linux-arm64-musl set size:59889 disposed:false
425 silly fetch manifest @unrs/resolver-binding-android-arm-eabi@1.11.1
426 silly packumentCache full:https://registry.npmjs.org/@unrs%2fresolver-binding-android-arm-eabi cache-miss
427 http fetch GET 200 https://registry.npmjs.org/@unrs%2fresolver-binding-android-arm-eabi 0ms (cache hit)
428 silly packumentCache full:https://registry.npmjs.org/@unrs%2fresolver-binding-android-arm-eabi set size:12473 disposed:false
429 silly fetch manifest @unrs/resolver-binding-linux-arm-gnueabihf@1.11.1
430 silly packumentCache full:https://registry.npmjs.org/@unrs%2fresolver-binding-linux-arm-gnueabihf cache-miss
431 http fetch GET 200 https://registry.npmjs.org/@unrs%2fresolver-binding-linux-arm-gnueabihf 1ms (cache hit)
432 silly packumentCache full:https://registry.npmjs.org/@unrs%2fresolver-binding-linux-arm-gnueabihf set size:59902 disposed:false
433 silly fetch manifest @unrs/resolver-binding-linux-arm-musleabihf@1.11.1
434 silly packumentCache full:https://registry.npmjs.org/@unrs%2fresolver-binding-linux-arm-musleabihf cache-miss
435 http fetch GET 200 https://registry.npmjs.org/@unrs%2fresolver-binding-linux-arm-musleabihf 1ms (cache hit)
436 silly packumentCache full:https://registry.npmjs.org/@unrs%2fresolver-binding-linux-arm-musleabihf set size:60135 disposed:false
437 silly fetch manifest @unrs/resolver-binding-linux-ppc64-gnu@1.11.1
438 silly packumentCache full:https://registry.npmjs.org/@unrs%2fresolver-binding-linux-ppc64-gnu cache-miss
439 http fetch GET 200 https://registry.npmjs.org/@unrs%2fresolver-binding-linux-ppc64-gnu 0ms (cache hit)
440 silly packumentCache full:https://registry.npmjs.org/@unrs%2fresolver-binding-linux-ppc64-gnu set size:59704 disposed:false
441 silly fetch manifest @unrs/resolver-binding-linux-riscv64-gnu@1.11.1
442 silly packumentCache full:https://registry.npmjs.org/@unrs%2fresolver-binding-linux-riscv64-gnu cache-miss
443 http fetch GET 200 https://registry.npmjs.org/@unrs%2fresolver-binding-linux-riscv64-gnu 1ms (cache hit)
444 silly packumentCache full:https://registry.npmjs.org/@unrs%2fresolver-binding-linux-riscv64-gnu set size:50987 disposed:false
445 silly fetch manifest @unrs/resolver-binding-linux-riscv64-musl@1.11.1
446 silly packumentCache full:https://registry.npmjs.org/@unrs%2fresolver-binding-linux-riscv64-musl cache-miss
447 http fetch GET 200 https://registry.npmjs.org/@unrs%2fresolver-binding-linux-riscv64-musl 1ms (cache hit)
448 silly packumentCache full:https://registry.npmjs.org/@unrs%2fresolver-binding-linux-riscv64-musl set size:40293 disposed:false
449 silly fetch manifest @unrs/resolver-binding-linux-s390x-gnu@1.11.1
450 silly packumentCache full:https://registry.npmjs.org/@unrs%2fresolver-binding-linux-s390x-gnu cache-miss
451 http fetch GET 200 https://registry.npmjs.org/@unrs%2fresolver-binding-linux-s390x-gnu 1ms (cache hit)
452 silly packumentCache full:https://registry.npmjs.org/@unrs%2fresolver-binding-linux-s390x-gnu set size:59697 disposed:false
453 silly fetch manifest @unrs/resolver-binding-darwin-x64@1.11.1
454 silly packumentCache full:https://registry.npmjs.org/@unrs%2fresolver-binding-darwin-x64 cache-miss
455 http fetch GET 200 https://registry.npmjs.org/@unrs%2fresolver-binding-darwin-x64 3ms (cache hit)
456 silly packumentCache full:https://registry.npmjs.org/@unrs%2fresolver-binding-darwin-x64 set size:57901 disposed:false
457 silly fetch manifest @unrs/resolver-binding-wasm32-wasi@1.11.1
458 silly packumentCache full:https://registry.npmjs.org/@unrs%2fresolver-binding-wasm32-wasi cache-miss
459 http fetch GET 200 https://registry.npmjs.org/@unrs%2fresolver-binding-wasm32-wasi 1ms (cache hit)
460 silly packumentCache full:https://registry.npmjs.org/@unrs%2fresolver-binding-wasm32-wasi set size:61704 disposed:false
461 silly placeDep node_modules/unrs-resolver @unrs/resolver-binding-android-arm-eabi@1.11.1 OK for: unrs-resolver@1.11.1 want: 1.11.1
462 silly placeDep node_modules/unrs-resolver @unrs/resolver-binding-android-arm64@1.11.1 OK for: unrs-resolver@1.11.1 want: 1.11.1
463 silly placeDep node_modules/unrs-resolver @unrs/resolver-binding-darwin-x64@1.11.1 OK for: unrs-resolver@1.11.1 want: 1.11.1
464 silly placeDep node_modules/unrs-resolver @unrs/resolver-binding-freebsd-x64@1.11.1 OK for: unrs-resolver@1.11.1 want: 1.11.1
465 silly placeDep node_modules/unrs-resolver @unrs/resolver-binding-linux-arm-gnueabihf@1.11.1 OK for: unrs-resolver@1.11.1 want: 1.11.1
466 silly placeDep node_modules/unrs-resolver @unrs/resolver-binding-linux-arm-musleabihf@1.11.1 OK for: unrs-resolver@1.11.1 want: 1.11.1
467 silly placeDep node_modules/unrs-resolver @unrs/resolver-binding-linux-arm64-gnu@1.11.1 OK for: unrs-resolver@1.11.1 want: 1.11.1
468 silly placeDep node_modules/unrs-resolver @unrs/resolver-binding-linux-arm64-musl@1.11.1 OK for: unrs-resolver@1.11.1 want: 1.11.1
469 silly placeDep node_modules/unrs-resolver @unrs/resolver-binding-linux-ppc64-gnu@1.11.1 OK for: unrs-resolver@1.11.1 want: 1.11.1
470 silly placeDep node_modules/unrs-resolver @unrs/resolver-binding-linux-riscv64-gnu@1.11.1 OK for: unrs-resolver@1.11.1 want: 1.11.1
471 silly placeDep node_modules/unrs-resolver @unrs/resolver-binding-linux-riscv64-musl@1.11.1 OK for: unrs-resolver@1.11.1 want: 1.11.1
472 silly placeDep node_modules/unrs-resolver @unrs/resolver-binding-linux-s390x-gnu@1.11.1 OK for: unrs-resolver@1.11.1 want: 1.11.1
473 silly placeDep node_modules/unrs-resolver @unrs/resolver-binding-linux-x64-gnu@1.11.1 OK for: unrs-resolver@1.11.1 want: 1.11.1
474 silly placeDep node_modules/unrs-resolver @unrs/resolver-binding-linux-x64-musl@1.11.1 OK for: unrs-resolver@1.11.1 want: 1.11.1
475 silly placeDep node_modules/unrs-resolver @unrs/resolver-binding-wasm32-wasi@1.11.1 OK for: unrs-resolver@1.11.1 want: 1.11.1
476 silly placeDep node_modules/unrs-resolver @unrs/resolver-binding-win32-arm64-msvc@1.11.1 OK for: unrs-resolver@1.11.1 want: 1.11.1
477 silly placeDep node_modules/unrs-resolver @unrs/resolver-binding-win32-ia32-msvc@1.11.1 OK for: unrs-resolver@1.11.1 want: 1.11.1
478 silly placeDep node_modules/unrs-resolver @unrs/resolver-binding-win32-x64-msvc@1.11.1 OK for: unrs-resolver@1.11.1 want: 1.11.1
479 silly reify mark retired [
479 silly reify   '/Users/k1zzle/Desktop/velou-shopping-assistant/node_modules/lightningcss-android-arm64'
479 silly reify ]
480 silly reify mark retired [
480 silly reify   '/Users/k1zzle/Desktop/velou-shopping-assistant/node_modules/lightningcss-darwin-x64'
480 silly reify ]
481 silly reify mark retired [
481 silly reify   '/Users/k1zzle/Desktop/velou-shopping-assistant/node_modules/lightningcss-freebsd-x64'
481 silly reify ]
482 silly reify mark retired [
482 silly reify   '/Users/k1zzle/Desktop/velou-shopping-assistant/node_modules/lightningcss-linux-arm-gnueabihf'
482 silly reify ]
483 silly reify mark retired [
483 silly reify   '/Users/k1zzle/Desktop/velou-shopping-assistant/node_modules/lightningcss-linux-arm64-gnu'
483 silly reify ]
484 silly reify mark retired [
484 silly reify   '/Users/k1zzle/Desktop/velou-shopping-assistant/node_modules/lightningcss-linux-arm64-musl'
484 silly reify ]
485 silly reify mark retired [
485 silly reify   '/Users/k1zzle/Desktop/velou-shopping-assistant/node_modules/lightningcss-linux-x64-gnu'
485 silly reify ]
486 silly reify mark retired [
486 silly reify   '/Users/k1zzle/Desktop/velou-shopping-assistant/node_modules/lightningcss-linux-x64-musl'
486 silly reify ]
487 silly reify mark retired [
487 silly reify   '/Users/k1zzle/Desktop/velou-shopping-assistant/node_modules/lightningcss-win32-arm64-msvc'
487 silly reify ]
488 silly reify mark retired [
488 silly reify   '/Users/k1zzle/Desktop/velou-shopping-assistant/node_modules/lightningcss-win32-x64-msvc'
488 silly reify ]
489 silly reify mark retired [
489 silly reify   '/Users/k1zzle/Desktop/velou-shopping-assistant/node_modules/@esbuild/aix-ppc64'
489 silly reify ]
490 silly reify mark retired [
490 silly reify   '/Users/k1zzle/Desktop/velou-shopping-assistant/node_modules/@esbuild/android-arm'
490 silly reify ]
491 silly reify mark retired [
491 silly reify   '/Users/k1zzle/Desktop/velou-shopping-assistant/node_modules/@esbuild/android-arm64'
491 silly reify ]
492 silly reify mark retired [
492 silly reify   '/Users/k1zzle/Desktop/velou-shopping-assistant/node_modules/@esbuild/android-x64'
492 silly reify ]
493 silly reify mark retired [
493 silly reify   '/Users/k1zzle/Desktop/velou-shopping-assistant/node_modules/@esbuild/darwin-x64'
493 silly reify ]
494 silly reify mark retired [
494 silly reify   '/Users/k1zzle/Desktop/velou-shopping-assistant/node_modules/@esbuild/freebsd-arm64'
494 silly reify ]
495 silly reify mark retired [
495 silly reify   '/Users/k1zzle/Desktop/velou-shopping-assistant/node_modules/@esbuild/freebsd-x64'
495 silly reify ]
496 silly reify mark retired [
496 silly reify   '/Users/k1zzle/Desktop/velou-shopping-assistant/node_modules/@esbuild/linux-arm'
496 silly reify ]
497 silly reify mark retired [
497 silly reify   '/Users/k1zzle/Desktop/velou-shopping-assistant/node_modules/@esbuild/linux-arm64'
497 silly reify ]
498 silly reify mark retired [
498 silly reify   '/Users/k1zzle/Desktop/velou-shopping-assistant/node_modules/@esbuild/linux-ia32'
498 silly reify ]
499 silly reify mark retired [
499 silly reify   '/Users/k1zzle/Desktop/velou-shopping-assistant/node_modules/@esbuild/linux-loong64'
499 silly reify ]
500 silly reify mark retired [
500 silly reify   '/Users/k1zzle/Desktop/velou-shopping-assistant/node_modules/@esbuild/linux-mips64el'
500 silly reify ]
501 silly reify mark retired [
501 silly reify   '/Users/k1zzle/Desktop/velou-shopping-assistant/node_modules/@esbuild/linux-ppc64'
501 silly reify ]
502 silly reify mark retired [
502 silly reify   '/Users/k1zzle/Desktop/velou-shopping-assistant/node_modules/@esbuild/linux-riscv64'
502 silly reify ]
503 silly reify mark retired [
503 silly reify   '/Users/k1zzle/Desktop/velou-shopping-assistant/node_modules/@esbuild/linux-s390x'
503 silly reify ]
504 silly reify mark retired [
504 silly reify   '/Users/k1zzle/Desktop/velou-shopping-assistant/node_modules/@esbuild/linux-x64'
504 silly reify ]
505 silly reify mark retired [
505 silly reify   '/Users/k1zzle/Desktop/velou-shopping-assistant/node_modules/@esbuild/netbsd-arm64'
505 silly reify ]
506 silly reify mark retired [
506 silly reify   '/Users/k1zzle/Desktop/velou-shopping-assistant/node_modules/@esbuild/netbsd-x64'
506 silly reify ]
507 silly reify mark retired [
507 silly reify   '/Users/k1zzle/Desktop/velou-shopping-assistant/node_modules/@esbuild/openbsd-arm64'
507 silly reify ]
508 silly reify mark retired [
508 silly reify   '/Users/k1zzle/Desktop/velou-shopping-assistant/node_modules/@esbuild/openbsd-x64'
508 silly reify ]
509 silly reify mark retired [
509 silly reify   '/Users/k1zzle/Desktop/velou-shopping-assistant/node_modules/@esbuild/openharmony-arm64'
509 silly reify ]
510 silly reify mark retired [
510 silly reify   '/Users/k1zzle/Desktop/velou-shopping-assistant/node_modules/@esbuild/sunos-x64'
510 silly reify ]
511 silly reify mark retired [
511 silly reify   '/Users/k1zzle/Desktop/velou-shopping-assistant/node_modules/@esbuild/win32-arm64'
511 silly reify ]
512 silly reify mark retired [
512 silly reify   '/Users/k1zzle/Desktop/velou-shopping-assistant/node_modules/@esbuild/win32-ia32'
512 silly reify ]
513 silly reify mark retired [
513 silly reify   '/Users/k1zzle/Desktop/velou-shopping-assistant/node_modules/@esbuild/win32-x64'
513 silly reify ]
514 silly reify mark retired [
514 silly reify   '/Users/k1zzle/Desktop/velou-shopping-assistant/node_modules/@img/sharp-darwin-x64'
514 silly reify ]
515 silly reify mark retired [
515 silly reify   '/Users/k1zzle/Desktop/velou-shopping-assistant/node_modules/@img/sharp-libvips-darwin-x64'
515 silly reify ]
516 silly reify mark retired [
516 silly reify   '/Users/k1zzle/Desktop/velou-shopping-assistant/node_modules/@img/sharp-libvips-linux-arm'
516 silly reify ]
517 silly reify mark retired [
517 silly reify   '/Users/k1zzle/Desktop/velou-shopping-assistant/node_modules/@img/sharp-libvips-linux-arm64'
517 silly reify ]
518 silly reify mark retired [
518 silly reify   '/Users/k1zzle/Desktop/velou-shopping-assistant/node_modules/@img/sharp-libvips-linux-ppc64'
518 silly reify ]
519 silly reify mark retired [
519 silly reify   '/Users/k1zzle/Desktop/velou-shopping-assistant/node_modules/@img/sharp-libvips-linux-riscv64'
519 silly reify ]
520 silly reify mark retired [
520 silly reify   '/Users/k1zzle/Desktop/velou-shopping-assistant/node_modules/@img/sharp-libvips-linux-s390x'
520 silly reify ]
521 silly reify mark retired [
521 silly reify   '/Users/k1zzle/Desktop/velou-shopping-assistant/node_modules/@img/sharp-libvips-linux-x64'
521 silly reify ]
522 silly reify mark retired [
522 silly reify   '/Users/k1zzle/Desktop/velou-shopping-assistant/node_modules/@img/sharp-libvips-linuxmusl-arm64'
522 silly reify ]
523 silly reify mark retired [
523 silly reify   '/Users/k1zzle/Desktop/velou-shopping-assistant/node_modules/@img/sharp-libvips-linuxmusl-x64'
523 silly reify ]
524 silly reify mark retired [
524 silly reify   '/Users/k1zzle/Desktop/velou-shopping-assistant/node_modules/@img/sharp-linux-arm'
524 silly reify ]
525 silly reify mark retired [
525 silly reify   '/Users/k1zzle/Desktop/velou-shopping-assistant/node_modules/@img/sharp-linux-arm64'
525 silly reify ]
526 silly reify mark retired [
526 silly reify   '/Users/k1zzle/Desktop/velou-shopping-assistant/node_modules/@img/sharp-linux-ppc64'
526 silly reify ]
527 silly reify mark retired [
527 silly reify   '/Users/k1zzle/Desktop/velou-shopping-assistant/node_modules/@img/sharp-linux-riscv64'
527 silly reify ]
528 silly reify mark retired [
528 silly reify   '/Users/k1zzle/Desktop/velou-shopping-assistant/node_modules/@img/sharp-linux-s390x'
528 silly reify ]
529 silly reify mark retired [
529 silly reify   '/Users/k1zzle/Desktop/velou-shopping-assistant/node_modules/@img/sharp-linux-x64'
529 silly reify ]
530 silly reify mark retired [
530 silly reify   '/Users/k1zzle/Desktop/velou-shopping-assistant/node_modules/@img/sharp-linuxmusl-arm64'
530 silly reify ]
531 silly reify mark retired [
531 silly reify   '/Users/k1zzle/Desktop/velou-shopping-assistant/node_modules/@img/sharp-linuxmusl-x64'
531 silly reify ]
532 silly reify mark retired [
532 silly reify   '/Users/k1zzle/Desktop/velou-shopping-assistant/node_modules/@img/sharp-wasm32'
532 silly reify ]
533 silly reify mark retired [
533 silly reify   '/Users/k1zzle/Desktop/velou-shopping-assistant/node_modules/@img/sharp-win32-arm64'
533 silly reify ]
534 silly reify mark retired [
534 silly reify   '/Users/k1zzle/Desktop/velou-shopping-assistant/node_modules/@img/sharp-win32-ia32'
534 silly reify ]
535 silly reify mark retired [
535 silly reify   '/Users/k1zzle/Desktop/velou-shopping-assistant/node_modules/@img/sharp-win32-x64'
535 silly reify ]
536 silly reify mark retired [
536 silly reify   '/Users/k1zzle/Desktop/velou-shopping-assistant/node_modules/@next/swc-darwin-x64'
536 silly reify ]
537 silly reify mark retired [
537 silly reify   '/Users/k1zzle/Desktop/velou-shopping-assistant/node_modules/@next/swc-linux-arm64-gnu'
537 silly reify ]
538 silly reify mark retired [
538 silly reify   '/Users/k1zzle/Desktop/velou-shopping-assistant/node_modules/@next/swc-linux-arm64-musl'
538 silly reify ]
539 silly reify mark retired [
539 silly reify   '/Users/k1zzle/Desktop/velou-shopping-assistant/node_modules/@next/swc-linux-x64-gnu'
539 silly reify ]
540 silly reify mark retired [
540 silly reify   '/Users/k1zzle/Desktop/velou-shopping-assistant/node_modules/@next/swc-linux-x64-musl'
540 silly reify ]
541 silly reify mark retired [
541 silly reify   '/Users/k1zzle/Desktop/velou-shopping-assistant/node_modules/@next/swc-win32-arm64-msvc'
541 silly reify ]
542 silly reify mark retired [
542 silly reify   '/Users/k1zzle/Desktop/velou-shopping-assistant/node_modules/@next/swc-win32-x64-msvc'
542 silly reify ]
543 silly reify mark retired [
543 silly reify   '/Users/k1zzle/Desktop/velou-shopping-assistant/node_modules/@tailwindcss/oxide-android-arm64'
543 silly reify ]
544 silly reify mark retired [
544 silly reify   '/Users/k1zzle/Desktop/velou-shopping-assistant/node_modules/@tailwindcss/oxide-darwin-x64'
544 silly reify ]
545 silly reify mark retired [
545 silly reify   '/Users/k1zzle/Desktop/velou-shopping-assistant/node_modules/@tailwindcss/oxide-freebsd-x64'
545 silly reify ]
546 silly reify mark retired [
546 silly reify   '/Users/k1zzle/Desktop/velou-shopping-assistant/node_modules/@tailwindcss/oxide-linux-arm-gnueabihf'
546 silly reify ]
547 silly reify mark retired [
547 silly reify   '/Users/k1zzle/Desktop/velou-shopping-assistant/node_modules/@tailwindcss/oxide-linux-arm64-gnu'
547 silly reify ]
548 silly reify mark retired [
548 silly reify   '/Users/k1zzle/Desktop/velou-shopping-assistant/node_modules/@tailwindcss/oxide-linux-arm64-musl'
548 silly reify ]
549 silly reify mark retired [
549 silly reify   '/Users/k1zzle/Desktop/velou-shopping-assistant/node_modules/@tailwindcss/oxide-linux-x64-gnu'
549 silly reify ]
550 silly reify mark retired [
550 silly reify   '/Users/k1zzle/Desktop/velou-shopping-assistant/node_modules/@tailwindcss/oxide-linux-x64-musl'
550 silly reify ]
551 silly reify mark retired [
551 silly reify   '/Users/k1zzle/Desktop/velou-shopping-assistant/node_modules/@tailwindcss/oxide-wasm32-wasi'
551 silly reify ]
552 silly reify mark retired [
552 silly reify   '/Users/k1zzle/Desktop/velou-shopping-assistant/node_modules/@tailwindcss/oxide-win32-arm64-msvc'
552 silly reify ]
553 silly reify mark retired [
553 silly reify   '/Users/k1zzle/Desktop/velou-shopping-assistant/node_modules/@tailwindcss/oxide-win32-x64-msvc'
553 silly reify ]
554 silly reify mark retired [
554 silly reify   '/Users/k1zzle/Desktop/velou-shopping-assistant/node_modules/@unrs/resolver-binding-android-arm-eabi'
554 silly reify ]
555 silly reify mark retired [
555 silly reify   '/Users/k1zzle/Desktop/velou-shopping-assistant/node_modules/@unrs/resolver-binding-android-arm64'
555 silly reify ]
556 silly reify mark retired [
556 silly reify   '/Users/k1zzle/Desktop/velou-shopping-assistant/node_modules/@unrs/resolver-binding-darwin-x64'
556 silly reify ]
557 silly reify mark retired [
557 silly reify   '/Users/k1zzle/Desktop/velou-shopping-assistant/node_modules/@unrs/resolver-binding-freebsd-x64'
557 silly reify ]
558 silly reify mark retired [
558 silly reify   '/Users/k1zzle/Desktop/velou-shopping-assistant/node_modules/@unrs/resolver-binding-linux-arm-gnueabihf'
558 silly reify ]
559 silly reify mark retired [
559 silly reify   '/Users/k1zzle/Desktop/velou-shopping-assistant/node_modules/@unrs/resolver-binding-linux-arm-musleabihf'
559 silly reify ]
560 silly reify mark retired [
560 silly reify   '/Users/k1zzle/Desktop/velou-shopping-assistant/node_modules/@unrs/resolver-binding-linux-arm64-gnu'
560 silly reify ]
561 silly reify mark retired [
561 silly reify   '/Users/k1zzle/Desktop/velou-shopping-assistant/node_modules/@unrs/resolver-binding-linux-arm64-musl'
561 silly reify ]
562 silly reify mark retired [
562 silly reify   '/Users/k1zzle/Desktop/velou-shopping-assistant/node_modules/@unrs/resolver-binding-linux-ppc64-gnu'
562 silly reify ]
563 silly reify mark retired [
563 silly reify   '/Users/k1zzle/Desktop/velou-shopping-assistant/node_modules/@unrs/resolver-binding-linux-riscv64-gnu'
563 silly reify ]
564 silly reify mark retired [
564 silly reify   '/Users/k1zzle/Desktop/velou-shopping-assistant/node_modules/@unrs/resolver-binding-linux-riscv64-musl'
564 silly reify ]
565 silly reify mark retired [
565 silly reify   '/Users/k1zzle/Desktop/velou-shopping-assistant/node_modules/@unrs/resolver-binding-linux-s390x-gnu'
565 silly reify ]
566 silly reify mark retired [
566 silly reify   '/Users/k1zzle/Desktop/velou-shopping-assistant/node_modules/@unrs/resolver-binding-linux-x64-gnu'
566 silly reify ]
567 silly reify mark retired [
567 silly reify   '/Users/k1zzle/Desktop/velou-shopping-assistant/node_modules/@unrs/resolver-binding-linux-x64-musl'
567 silly reify ]
568 silly reify mark retired [
568 silly reify   '/Users/k1zzle/Desktop/velou-shopping-assistant/node_modules/@unrs/resolver-binding-wasm32-wasi'
568 silly reify ]
569 silly reify mark retired [
569 silly reify   '/Users/k1zzle/Desktop/velou-shopping-assistant/node_modules/@unrs/resolver-binding-win32-arm64-msvc'
569 silly reify ]
570 silly reify mark retired [
570 silly reify   '/Users/k1zzle/Desktop/velou-shopping-assistant/node_modules/@unrs/resolver-binding-win32-ia32-msvc'
570 silly reify ]
571 silly reify mark retired [
571 silly reify   '/Users/k1zzle/Desktop/velou-shopping-assistant/node_modules/@unrs/resolver-binding-win32-x64-msvc'
571 silly reify ]
572 silly reify moves {
572 silly reify   '/Users/k1zzle/Desktop/velou-shopping-assistant/node_modules/lightningcss-android-arm64': '/Users/k1zzle/Desktop/velou-shopping-assistant/node_modules/.lightningcss-android-arm64-knCZ36mQ',
572 silly reify   '/Users/k1zzle/Desktop/velou-shopping-assistant/node_modules/lightningcss-darwin-x64': '/Users/k1zzle/Desktop/velou-shopping-assistant/node_modules/.lightningcss-darwin-x64-8sXJ96jz',
572 silly reify   '/Users/k1zzle/Desktop/velou-shopping-assistant/node_modules/lightningcss-freebsd-x64': '/Users/k1zzle/Desktop/velou-shopping-assistant/node_modules/.lightningcss-freebsd-x64-OjEQ5KCT',
572 silly reify   '/Users/k1zzle/Desktop/velou-shopping-assistant/node_modules/lightningcss-linux-arm-gnueabihf': '/Users/k1zzle/Desktop/velou-shopping-assistant/node_modules/.lightningcss-linux-arm-gnueabihf-rBHd02Hy',
572 silly reify   '/Users/k1zzle/Desktop/velou-shopping-assistant/node_modules/lightningcss-linux-arm64-gnu': '/Users/k1zzle/Desktop/velou-shopping-assistant/node_modules/.lightningcss-linux-arm64-gnu-phbjNHOz',
572 silly reify   '/Users/k1zzle/Desktop/velou-shopping-assistant/node_modules/lightningcss-linux-arm64-musl': '/Users/k1zzle/Desktop/velou-shopping-assistant/node_modules/.lightningcss-linux-arm64-musl-WawF0SVn',
572 silly reify   '/Users/k1zzle/Desktop/velou-shopping-assistant/node_modules/lightningcss-linux-x64-gnu': '/Users/k1zzle/Desktop/velou-shopping-assistant/node_modules/.lightningcss-linux-x64-gnu-VblUh7mM',
572 silly reify   '/Users/k1zzle/Desktop/velou-shopping-assistant/node_modules/lightningcss-linux-x64-musl': '/Users/k1zzle/Desktop/velou-shopping-assistant/node_modules/.lightningcss-linux-x64-musl-zOPgxAVc',
572 silly reify   '/Users/k1zzle/Desktop/velou-shopping-assistant/node_modules/lightningcss-win32-arm64-msvc': '/Users/k1zzle/Desktop/velou-shopping-assistant/node_modules/.lightningcss-win32-arm64-msvc-0kfJXgG7',
572 silly reify   '/Users/k1zzle/Desktop/velou-shopping-assistant/node_modules/lightningcss-win32-x64-msvc': '/Users/k1zzle/Desktop/velou-shopping-assistant/node_modules/.lightningcss-win32-x64-msvc-DGXskQgR',
572 silly reify   '/Users/k1zzle/Desktop/velou-shopping-assistant/node_modules/@esbuild/aix-ppc64': '/Users/k1zzle/Desktop/velou-shopping-assistant/node_modules/@esbuild/.aix-ppc64-C9PzGNxN',
572 silly reify   '/Users/k1zzle/Desktop/velou-shopping-assistant/node_modules/@esbuild/android-arm': '/Users/k1zzle/Desktop/velou-shopping-assistant/node_modules/@esbuild/.android-arm-20WVvD1B',
572 silly reify   '/Users/k1zzle/Desktop/velou-shopping-assistant/node_modules/@esbuild/android-arm64': '/Users/k1zzle/Desktop/velou-shopping-assistant/node_modules/@esbuild/.android-arm64-KifrgpaD',
572 silly reify   '/Users/k1zzle/Desktop/velou-shopping-assistant/node_modules/@esbuild/android-x64': '/Users/k1zzle/Desktop/velou-shopping-assistant/node_modules/@esbuild/.android-x64-gCuBxiz1',
572 silly reify   '/Users/k1zzle/Desktop/velou-shopping-assistant/node_modules/@esbuild/darwin-x64': '/Users/k1zzle/Desktop/velou-shopping-assistant/node_modules/@esbuild/.darwin-x64-O0RaErla',
572 silly reify   '/Users/k1zzle/Desktop/velou-shopping-assistant/node_modules/@esbuild/freebsd-arm64': '/Users/k1zzle/Desktop/velou-shopping-assistant/node_modules/@esbuild/.freebsd-arm64-l6x7b6JO',
572 silly reify   '/Users/k1zzle/Desktop/velou-shopping-assistant/node_modules/@esbuild/freebsd-x64': '/Users/k1zzle/Desktop/velou-shopping-assistant/node_modules/@esbuild/.freebsd-x64-pHjhbTWZ',
572 silly reify   '/Users/k1zzle/Desktop/velou-shopping-assistant/node_modules/@esbuild/linux-arm': '/Users/k1zzle/Desktop/velou-shopping-assistant/node_modules/@esbuild/.linux-arm-Vf6lAukN',
572 silly reify   '/Users/k1zzle/Desktop/velou-shopping-assistant/node_modules/@esbuild/linux-arm64': '/Users/k1zzle/Desktop/velou-shopping-assistant/node_modules/@esbuild/.linux-arm64-9vsm4EaT',
572 silly reify   '/Users/k1zzle/Desktop/velou-shopping-assistant/node_modules/@esbuild/linux-ia32': '/Users/k1zzle/Desktop/velou-shopping-assistant/node_modules/@esbuild/.linux-ia32-VWb0oe54',
572 silly reify   '/Users/k1zzle/Desktop/velou-shopping-assistant/node_modules/@esbuild/linux-loong64': '/Users/k1zzle/Desktop/velou-shopping-assistant/node_modules/@esbuild/.linux-loong64-GLsAZToI',
572 silly reify   '/Users/k1zzle/Desktop/velou-shopping-assistant/node_modules/@esbuild/linux-mips64el': '/Users/k1zzle/Desktop/velou-shopping-assistant/node_modules/@esbuild/.linux-mips64el-iLEyZIjb',
572 silly reify   '/Users/k1zzle/Desktop/velou-shopping-assistant/node_modules/@esbuild/linux-ppc64': '/Users/k1zzle/Desktop/velou-shopping-assistant/node_modules/@esbuild/.linux-ppc64-SeMcqRVi',
572 silly reify   '/Users/k1zzle/Desktop/velou-shopping-assistant/node_modules/@esbuild/linux-riscv64': '/Users/k1zzle/Desktop/velou-shopping-assistant/node_modules/@esbuild/.linux-riscv64-lq3bvQS5',
572 silly reify   '/Users/k1zzle/Desktop/velou-shopping-assistant/node_modules/@esbuild/linux-s390x': '/Users/k1zzle/Desktop/velou-shopping-assistant/node_modules/@esbuild/.linux-s390x-vD41OkVH',
572 silly reify   '/Users/k1zzle/Desktop/velou-shopping-assistant/node_modules/@esbuild/linux-x64': '/Users/k1zzle/Desktop/velou-shopping-assistant/node_modules/@esbuild/.linux-x64-OEIPIX6m',
572 silly reify   '/Users/k1zzle/Desktop/velou-shopping-assistant/node_modules/@esbuild/netbsd-arm64': '/Users/k1zzle/Desktop/velou-shopping-assistant/node_modules/@esbuild/.netbsd-arm64-RZ7V68Ld',
572 silly reify   '/Users/k1zzle/Desktop/velou-shopping-assistant/node_modules/@esbuild/netbsd-x64': '/Users/k1zzle/Desktop/velou-shopping-assistant/node_modules/@esbuild/.netbsd-x64-Ha3jmox4',
572 silly reify   '/Users/k1zzle/Desktop/velou-shopping-assistant/node_modules/@esbuild/openbsd-arm64': '/Users/k1zzle/Desktop/velou-shopping-assistant/node_modules/@esbuild/.openbsd-arm64-7gW82IMc',
572 silly reify   '/Users/k1zzle/Desktop/velou-shopping-assistant/node_modules/@esbuild/openbsd-x64': '/Users/k1zzle/Desktop/velou-shopping-assistant/node_modules/@esbuild/.openbsd-x64-ESv5DqpD',
572 silly reify   '/Users/k1zzle/Desktop/velou-shopping-assistant/node_modules/@esbuild/openharmony-arm64': '/Users/k1zzle/Desktop/velou-shopping-assistant/node_modules/@esbuild/.openharmony-arm64-BJQbVxxh',
572 silly reify   '/Users/k1zzle/Desktop/velou-shopping-assistant/node_modules/@esbuild/sunos-x64': '/Users/k1zzle/Desktop/velou-shopping-assistant/node_modules/@esbuild/.sunos-x64-ASEkx42z',
572 silly reify   '/Users/k1zzle/Desktop/velou-shopping-assistant/node_modules/@esbuild/win32-arm64': '/Users/k1zzle/Desktop/velou-shopping-assistant/node_modules/@esbuild/.win32-arm64-sPvIcFjz',
572 silly reify   '/Users/k1zzle/Desktop/velou-shopping-assistant/node_modules/@esbuild/win32-ia32': '/Users/k1zzle/Desktop/velou-shopping-assistant/node_modules/@esbuild/.win32-ia32-1iq0UBcB',
572 silly reify   '/Users/k1zzle/Desktop/velou-shopping-assistant/node_modules/@esbuild/win32-x64': '/Users/k1zzle/Desktop/velou-shopping-assistant/node_modules/@esbuild/.win32-x64-Zx3l6ljQ',
572 silly reify   '/Users/k1zzle/Desktop/velou-shopping-assistant/node_modules/@img/sharp-darwin-x64': '/Users/k1zzle/Desktop/velou-shopping-assistant/node_modules/@img/.sharp-darwin-x64-0pBBZwZd',
572 silly reify   '/Users/k1zzle/Desktop/velou-shopping-assistant/node_modules/@img/sharp-libvips-darwin-x64': '/Users/k1zzle/Desktop/velou-shopping-assistant/node_modules/@img/.sharp-libvips-darwin-x64-oA77Ltk4',
572 silly reify   '/Users/k1zzle/Desktop/velou-shopping-assistant/node_modules/@img/sharp-libvips-linux-arm': '/Users/k1zzle/Desktop/velou-shopping-assistant/node_modules/@img/.sharp-libvips-linux-arm-LIDynIxL',
572 silly reify   '/Users/k1zzle/Desktop/velou-shopping-assistant/node_modules/@img/sharp-libvips-linux-arm64': '/Users/k1zzle/Desktop/velou-shopping-assistant/node_modules/@img/.sharp-libvips-linux-arm64-5zGu5XUW',
572 silly reify   '/Users/k1zzle/Desktop/velou-shopping-assistant/node_modules/@img/sharp-libvips-linux-ppc64': '/Users/k1zzle/Desktop/velou-shopping-assistant/node_modules/@img/.sharp-libvips-linux-ppc64-WeHQnavU',
572 silly reify   '/Users/k1zzle/Desktop/velou-shopping-assistant/node_modules/@img/sharp-libvips-linux-riscv64': '/Users/k1zzle/Desktop/velou-shopping-assistant/node_modules/@img/.sharp-libvips-linux-riscv64-LI3Pumz1',
572 silly reify   '/Users/k1zzle/Desktop/velou-shopping-assistant/node_modules/@img/sharp-libvips-linux-s390x': '/Users/k1zzle/Desktop/velou-shopping-assistant/node_modules/@img/.sharp-libvips-linux-s390x-TO9sThzV',
572 silly reify   '/Users/k1zzle/Desktop/velou-shopping-assistant/node_modules/@img/sharp-libvips-linux-x64': '/Users/k1zzle/Desktop/velou-shopping-assistant/node_modules/@img/.sharp-libvips-linux-x64-F4s9YXYk',
572 silly reify   '/Users/k1zzle/Desktop/velou-shopping-assistant/node_modules/@img/sharp-libvips-linuxmusl-arm64': '/Users/k1zzle/Desktop/velou-shopping-assistant/node_modules/@img/.sharp-libvips-linuxmusl-arm64-FtVppeRU',
572 silly reify   '/Users/k1zzle/Desktop/velou-shopping-assistant/node_modules/@img/sharp-libvips-linuxmusl-x64': '/Users/k1zzle/Desktop/velou-shopping-assistant/node_modules/@img/.sharp-libvips-linuxmusl-x64-B1F9PAki',
572 silly reify   '/Users/k1zzle/Desktop/velou-shopping-assistant/node_modules/@img/sharp-linux-arm': '/Users/k1zzle/Desktop/velou-shopping-assistant/node_modules/@img/.sharp-linux-arm-Wlqt2yZZ',
572 silly reify   '/Users/k1zzle/Desktop/velou-shopping-assistant/node_modules/@img/sharp-linux-arm64': '/Users/k1zzle/Desktop/velou-shopping-assistant/node_modules/@img/.sharp-linux-arm64-sazczwhl',
572 silly reify   '/Users/k1zzle/Desktop/velou-shopping-assistant/node_modules/@img/sharp-linux-ppc64': '/Users/k1zzle/Desktop/velou-shopping-assistant/node_modules/@img/.sharp-linux-ppc64-9TZ1kwnz',
572 silly reify   '/Users/k1zzle/Desktop/velou-shopping-assistant/node_modules/@img/sharp-linux-riscv64': '/Users/k1zzle/Desktop/velou-shopping-assistant/node_modules/@img/.sharp-linux-riscv64-cAMbYCHp',
572 silly reify   '/Users/k1zzle/Desktop/velou-shopping-assistant/node_modules/@img/sharp-linux-s390x': '/Users/k1zzle/Desktop/velou-shopping-assistant/node_modules/@img/.sharp-linux-s390x-JbGSkPRC',
572 silly reify   '/Users/k1zzle/Desktop/velou-shopping-assistant/node_modules/@img/sharp-linux-x64': '/Users/k1zzle/Desktop/velou-shopping-assistant/node_modules/@img/.sharp-linux-x64-ffBoLRhU',
572 silly reify   '/Users/k1zzle/Desktop/velou-shopping-assistant/node_modules/@img/sharp-linuxmusl-arm64': '/Users/k1zzle/Desktop/velou-shopping-assistant/node_modules/@img/.sharp-linuxmusl-arm64-8vcRr1LA',
572 silly reify   '/Users/k1zzle/Desktop/velou-shopping-assistant/node_modules/@img/sharp-linuxmusl-x64': '/Users/k1zzle/Desktop/velou-shopping-assistant/node_modules/@img/.sharp-linuxmusl-x64-EMDyLYZ9',
572 silly reify   '/Users/k1zzle/Desktop/velou-shopping-assistant/node_modules/@img/sharp-wasm32': '/Users/k1zzle/Desktop/velou-shopping-assistant/node_modules/@img/.sharp-wasm32-FxrWANcy',
572 silly reify   '/Users/k1zzle/Desktop/velou-shopping-assistant/node_modules/@img/sharp-win32-arm64': '/Users/k1zzle/Desktop/velou-shopping-assistant/node_modules/@img/.sharp-win32-arm64-PQJorTEw',
572 silly reify   '/Users/k1zzle/Desktop/velou-shopping-assistant/node_modules/@img/sharp-win32-ia32': '/Users/k1zzle/Desktop/velou-shopping-assistant/node_modules/@img/.sharp-win32-ia32-AvvHWAqE',
572 silly reify   '/Users/k1zzle/Desktop/velou-shopping-assistant/node_modules/@img/sharp-win32-x64': '/Users/k1zzle/Desktop/velou-shopping-assistant/node_modules/@img/.sharp-win32-x64-pR5UkJLz',
572 silly reify   '/Users/k1zzle/Desktop/velou-shopping-assistant/node_modules/@next/swc-darwin-x64': '/Users/k1zzle/Desktop/velou-shopping-assistant/node_modules/@next/.swc-darwin-x64-Jm3KVJqz',
572 silly reify   '/Users/k1zzle/Desktop/velou-shopping-assistant/node_modules/@next/swc-linux-arm64-gnu': '/Users/k1zzle/Desktop/velou-shopping-assistant/node_modules/@next/.swc-linux-arm64-gnu-WO0N1qCl',
572 silly reify   '/Users/k1zzle/Desktop/velou-shopping-assistant/node_modules/@next/swc-linux-arm64-musl': '/Users/k1zzle/Desktop/velou-shopping-assistant/node_modules/@next/.swc-linux-arm64-musl-BJYC5gZk',
572 silly reify   '/Users/k1zzle/Desktop/velou-shopping-assistant/node_modules/@next/swc-linux-x64-gnu': '/Users/k1zzle/Desktop/velou-shopping-assistant/node_modules/@next/.swc-linux-x64-gnu-sJPyyAxg',
572 silly reify   '/Users/k1zzle/Desktop/velou-shopping-assistant/node_modules/@next/swc-linux-x64-musl': '/Users/k1zzle/Desktop/velou-shopping-assistant/node_modules/@next/.swc-linux-x64-musl-GYDX20S8',
572 silly reify   '/Users/k1zzle/Desktop/velou-shopping-assistant/node_modules/@next/swc-win32-arm64-msvc': '/Users/k1zzle/Desktop/velou-shopping-assistant/node_modules/@next/.swc-win32-arm64-msvc-mDkTGiw1',
572 silly reify   '/Users/k1zzle/Desktop/velou-shopping-assistant/node_modules/@next/swc-win32-x64-msvc': '/Users/k1zzle/Desktop/velou-shopping-assistant/node_modules/@next/.swc-win32-x64-msvc-imQCtceT',
572 silly reify   '/Users/k1zzle/Desktop/velou-shopping-assistant/node_modules/@tailwindcss/oxide-android-arm64': '/Users/k1zzle/Desktop/velou-shopping-assistant/node_modules/@tailwindcss/.oxide-android-arm64-3RPI9Ze1',
572 silly reify   '/Users/k1zzle/Desktop/velou-shopping-assistant/node_modules/@tailwindcss/oxide-darwin-x64': '/Users/k1zzle/Desktop/velou-shopping-assistant/node_modules/@tailwindcss/.oxide-darwin-x64-eAnO52Q8',
572 silly reify   '/Users/k1zzle/Desktop/velou-shopping-assistant/node_modules/@tailwindcss/oxide-freebsd-x64': '/Users/k1zzle/Desktop/velou-shopping-assistant/node_modules/@tailwindcss/.oxide-freebsd-x64-S9HcCcfr',
572 silly reify   '/Users/k1zzle/Desktop/velou-shopping-assistant/node_modules/@tailwindcss/oxide-linux-arm-gnueabihf': '/Users/k1zzle/Desktop/velou-shopping-assistant/node_modules/@tailwindcss/.oxide-linux-arm-gnueabihf-cvUWsRGh',
572 silly reify   '/Users/k1zzle/Desktop/velou-shopping-assistant/node_modules/@tailwindcss/oxide-linux-arm64-gnu': '/Users/k1zzle/Desktop/velou-shopping-assistant/node_modules/@tailwindcss/.oxide-linux-arm64-gnu-gc5WJeFC',
572 silly reify   '/Users/k1zzle/Desktop/velou-shopping-assistant/node_modules/@tailwindcss/oxide-linux-arm64-musl': '/Users/k1zzle/Desktop/velou-shopping-assistant/node_modules/@tailwindcss/.oxide-linux-arm64-musl-JrCtuFvD',
572 silly reify   '/Users/k1zzle/Desktop/velou-shopping-assistant/node_modules/@tailwindcss/oxide-linux-x64-gnu': '/Users/k1zzle/Desktop/velou-shopping-assistant/node_modules/@tailwindcss/.oxide-linux-x64-gnu-MCO5Zi15',
572 silly reify   '/Users/k1zzle/Desktop/velou-shopping-assistant/node_modules/@tailwindcss/oxide-linux-x64-musl': '/Users/k1zzle/Desktop/velou-shopping-assistant/node_modules/@tailwindcss/.oxide-linux-x64-musl-vJSZOiQi',
572 silly reify   '/Users/k1zzle/Desktop/velou-shopping-assistant/node_modules/@tailwindcss/oxide-wasm32-wasi': '/Users/k1zzle/Desktop/velou-shopping-assistant/node_modules/@tailwindcss/.oxide-wasm32-wasi-nh7GmPZC',
572 silly reify   '/Users/k1zzle/Desktop/velou-shopping-assistant/node_modules/@tailwindcss/oxide-win32-arm64-msvc': '/Users/k1zzle/Desktop/velou-shopping-assistant/node_modules/@tailwindcss/.oxide-win32-arm64-msvc-d6mQIZwa',
572 silly reify   '/Users/k1zzle/Desktop/velou-shopping-assistant/node_modules/@tailwindcss/oxide-win32-x64-msvc': '/Users/k1zzle/Desktop/velou-shopping-assistant/node_modules/@tailwindcss/.oxide-win32-x64-msvc-Q79xxqVT',
572 silly reify   '/Users/k1zzle/Desktop/velou-shopping-assistant/node_modules/@unrs/resolver-binding-android-arm-eabi': '/Users/k1zzle/Desktop/velou-shopping-assistant/node_modules/@unrs/.resolver-binding-android-arm-eabi-IlpUY6FW',
572 silly reify   '/Users/k1zzle/Desktop/velou-shopping-assistant/node_modules/@unrs/resolver-binding-android-arm64': '/Users/k1zzle/Desktop/velou-shopping-assistant/node_modules/@unrs/.resolver-binding-android-arm64-GGuSBFyo',
572 silly reify   '/Users/k1zzle/Desktop/velou-shopping-assistant/node_modules/@unrs/resolver-binding-darwin-x64': '/Users/k1zzle/Desktop/velou-shopping-assistant/node_modules/@unrs/.resolver-binding-darwin-x64-53lmbOVe',
572 silly reify   '/Users/k1zzle/Desktop/velou-shopping-assistant/node_modules/@unrs/resolver-binding-freebsd-x64': '/Users/k1zzle/Desktop/velou-shopping-assistant/node_modules/@unrs/.resolver-binding-freebsd-x64-lNMqZ1vC',
572 silly reify   '/Users/k1zzle/Desktop/velou-shopping-assistant/node_modules/@unrs/resolver-binding-linux-arm-gnueabihf': '/Users/k1zzle/Desktop/velou-shopping-assistant/node_modules/@unrs/.resolver-binding-linux-arm-gnueabihf-3VLxdQxV',
572 silly reify   '/Users/k1zzle/Desktop/velou-shopping-assistant/node_modules/@unrs/resolver-binding-linux-arm-musleabihf': '/Users/k1zzle/Desktop/velou-shopping-assistant/node_modules/@unrs/.resolver-binding-linux-arm-musleabihf-IunGMhIX',
572 silly reify   '/Users/k1zzle/Desktop/velou-shopping-assistant/node_modules/@unrs/resolver-binding-linux-arm64-gnu': '/Users/k1zzle/Desktop/velou-shopping-assistant/node_modules/@unrs/.resolver-binding-linux-arm64-gnu-QzalZouX',
572 silly reify   '/Users/k1zzle/Desktop/velou-shopping-assistant/node_modules/@unrs/resolver-binding-linux-arm64-musl': '/Users/k1zzle/Desktop/velou-shopping-assistant/node_modules/@unrs/.resolver-binding-linux-arm64-musl-Gntmmb6h',
572 silly reify   '/Users/k1zzle/Desktop/velou-shopping-assistant/node_modules/@unrs/resolver-binding-linux-ppc64-gnu': '/Users/k1zzle/Desktop/velou-shopping-assistant/node_modules/@unrs/.resolver-binding-linux-ppc64-gnu-Q3y9MsZr',
572 silly reify   '/Users/k1zzle/Desktop/velou-shopping-assistant/node_modules/@unrs/resolver-binding-linux-riscv64-gnu': '/Users/k1zzle/Desktop/velou-shopping-assistant/node_modules/@unrs/.resolver-binding-linux-riscv64-gnu-940tu2HF',
572 silly reify   '/Users/k1zzle/Desktop/velou-shopping-assistant/node_modules/@unrs/resolver-binding-linux-riscv64-musl': '/Users/k1zzle/Desktop/velou-shopping-assistant/node_modules/@unrs/.resolver-binding-linux-riscv64-musl-4atB9iEh',
572 silly reify   '/Users/k1zzle/Desktop/velou-shopping-assistant/node_modules/@unrs/resolver-binding-linux-s390x-gnu': '/Users/k1zzle/Desktop/velou-shopping-assistant/node_modules/@unrs/.resolver-binding-linux-s390x-gnu-zQjEdFFq',
572 silly reify   '/Users/k1zzle/Desktop/velou-shopping-assistant/node_modules/@unrs/resolver-binding-linux-x64-gnu': '/Users/k1zzle/Desktop/velou-shopping-assistant/node_modules/@unrs/.resolver-binding-linux-x64-gnu-xU11KC6i',
572 silly reify   '/Users/k1zzle/Desktop/velou-shopping-assistant/node_modules/@unrs/resolver-binding-linux-x64-musl': '/Users/k1zzle/Desktop/velou-shopping-assistant/node_modules/@unrs/.resolver-binding-linux-x64-musl-c3fItb9v',
572 silly reify   '/Users/k1zzle/Desktop/velou-shopping-assistant/node_modules/@unrs/resolver-binding-wasm32-wasi': '/Users/k1zzle/Desktop/velou-shopping-assistant/node_modules/@unrs/.resolver-binding-wasm32-wasi-w0gKH70X',
572 silly reify   '/Users/k1zzle/Desktop/velou-shopping-assistant/node_modules/@unrs/resolver-binding-win32-arm64-msvc': '/Users/k1zzle/Desktop/velou-shopping-assistant/node_modules/@unrs/.resolver-binding-win32-arm64-msvc-i4PvUndP',
572 silly reify   '/Users/k1zzle/Desktop/velou-shopping-assistant/node_modules/@unrs/resolver-binding-win32-ia32-msvc': '/Users/k1zzle/Desktop/velou-shopping-assistant/node_modules/@unrs/.resolver-binding-win32-ia32-msvc-1nmXjkmp',
572 silly reify   '/Users/k1zzle/Desktop/velou-shopping-assistant/node_modules/@unrs/resolver-binding-win32-x64-msvc': '/Users/k1zzle/Desktop/velou-shopping-assistant/node_modules/@unrs/.resolver-binding-win32-x64-msvc-vgqj9jae'
572 silly reify }
573 verbose reify failed optional dependency /Users/k1zzle/Desktop/velou-shopping-assistant/node_modules/@tailwindcss/oxide/node_modules/@tailwindcss/oxide-wasm32-wasi
574 silly reify mark deleted [
574 silly reify   '/Users/k1zzle/Desktop/velou-shopping-assistant/node_modules/@tailwindcss/oxide/node_modules/@tailwindcss/oxide-wasm32-wasi'
574 silly reify ]
575 silly audit bulk request {
575 silly audit   acorn: [ '8.15.0' ],
575 silly audit   argparse: [ '2.0.1' ],
575 silly audit   'aria-query': [ '5.3.2' ],
575 silly audit   'acorn-jsx': [ '5.3.2' ],
575 silly audit   'ansi-styles': [ '4.3.0' ],
575 silly audit   'array.prototype.findlastindex': [ '1.2.6' ],
575 silly audit   'array-buffer-byte-length': [ '1.0.2' ],
575 silly audit   'array-includes': [ '3.1.9' ],
575 silly audit   'array.prototype.findlast': [ '1.2.5' ],
575 silly audit   'array.prototype.flatmap': [ '1.3.3' ],
575 silly audit   'array.prototype.tosorted': [ '1.1.4' ],
575 silly audit   'arraybuffer.prototype.slice': [ '1.0.4' ],
575 silly audit   'array.prototype.flat': [ '1.3.3' ],
575 silly audit   'ast-types-flow': [ '0.0.8' ],
575 silly audit   'available-typed-arrays': [ '1.0.7' ],
575 silly audit   'axe-core': [ '4.11.0' ],
575 silly audit   'axobject-query': [ '4.1.0' ],
575 silly audit   'async-function': [ '1.0.0' ],
575 silly audit   'brace-expansion': [ '1.1.12', '2.0.2' ],
575 silly audit   'balanced-match': [ '1.0.2' ],
575 silly audit   'baseline-browser-mapping': [ '2.8.29' ],
575 silly audit   braces: [ '3.0.3' ],
575 silly audit   ajv: [ '6.12.6' ],
575 silly audit   browserslist: [ '4.28.0' ],
575 silly audit   'call-bind-apply-helpers': [ '1.0.2' ],
575 silly audit   callsites: [ '3.1.0' ],
575 silly audit   'caniuse-lite': [ '1.0.30001756' ],
575 silly audit   'call-bound': [ '1.0.4' ],
575 silly audit   'client-only': [ '0.0.1' ],
575 silly audit   'color-convert': [ '2.0.1' ],
575 silly audit   chalk: [ '4.1.2' ],
575 silly audit   'color-name': [ '1.1.4' ],
575 silly audit   'concat-map': [ '0.0.1' ],
575 silly audit   'convert-source-map': [ '2.0.0' ],
575 silly audit   'cross-spawn': [ '7.0.6' ],
575 silly audit   csstype: [ '3.2.3' ],
575 silly audit   'damerau-levenshtein': [ '1.0.8' ],
575 silly audit   'data-view-buffer': [ '1.0.2' ],
575 silly audit   debug: [ '4.4.3', '3.2.7' ],
575 silly audit   'data-view-byte-offset': [ '1.0.1' ],
575 silly audit   'data-view-byte-length': [ '1.0.2' ],
575 silly audit   'define-data-property': [ '1.1.4' ],
575 silly audit   'detect-libc': [ '2.1.2' ],
575 silly audit   'deep-is': [ '0.1.4' ],
575 silly audit   doctrine: [ '2.1.0' ],
575 silly audit   'electron-to-chromium': [ '1.5.256' ],
575 silly audit   'define-properties': [ '1.2.1' ],
575 silly audit   'emoji-regex': [ '9.2.2' ],
575 silly audit   'dunder-proto': [ '1.0.1' ],
575 silly audit   'enhanced-resolve': [ '5.18.3' ],
575 silly audit   'es-define-property': [ '1.0.1' ],
575 silly audit   'es-object-atoms': [ '1.1.1' ],
575 silly audit   'es-abstract': [ '1.24.0' ],
575 silly audit   'es-errors': [ '1.3.0' ],
575 silly audit   'es-set-tostringtag': [ '2.1.0' ],
575 silly audit   'es-iterator-helpers': [ '1.2.1' ],
575 silly audit   escalade: [ '3.2.0' ],
575 silly audit   'es-shim-unscopables': [ '1.1.0' ],
575 silly audit   esbuild: [ '0.25.12' ],
575 silly audit   'es-to-primitive': [ '1.3.0' ],
575 silly audit   'eslint-import-resolver-node': [ '0.3.9' ],
575 silly audit   'eslint-config-next': [ '16.0.3' ],
575 silly audit   globals: [ '16.4.0', '14.0.0' ],
575 silly audit   eslint: [ '9.39.1' ],
575 silly audit   'escape-string-regexp': [ '4.0.0' ],
575 silly audit   'call-bind': [ '1.0.8' ],
575 silly audit   'eslint-plugin-import': [ '2.32.0' ],
575 silly audit   'eslint-import-resolver-typescript': [ '3.10.1' ],
575 silly audit   'eslint-plugin-react': [ '7.37.5' ],
575 silly audit   resolve: [ '2.0.0-next.5', '1.22.11' ],
575 silly audit   'eslint-module-utils': [ '2.12.1' ],
575 silly audit   espree: [ '10.4.0' ],
575 silly audit   'eslint-scope': [ '8.4.0' ],
575 silly audit   'eslint-plugin-react-hooks': [ '7.0.1' ],
575 silly audit   'eslint-visitor-keys': [ '4.2.1', '3.4.3' ],
575 silly audit   esrecurse: [ '4.3.0' ],
575 silly audit   estraverse: [ '5.3.0' ],
575 silly audit   esutils: [ '2.0.3' ],
575 silly audit   'fast-deep-equal': [ '3.1.3' ],
575 silly audit   'fast-levenshtein': [ '2.0.6' ],
575 silly audit   'fast-glob': [ '3.3.1', '3.3.3' ],
575 silly audit   'glob-parent': [ '5.1.2', '6.0.2' ],
575 silly audit   esquery: [ '1.6.0' ],
575 silly audit   'fast-json-stable-stringify': [ '2.1.0' ],
575 silly audit   'fill-range': [ '7.1.1' ],
575 silly audit   'find-up': [ '5.0.0' ],
575 silly audit   flatted: [ '3.3.3' ],
575 silly audit   'flat-cache': [ '4.0.1' ],
575 silly audit   'for-each': [ '0.3.5' ],
575 silly audit   'eslint-plugin-jsx-a11y': [ '6.10.2' ],
575 silly audit   fsevents: [ '2.3.3' ],
575 silly audit   'function.prototype.name': [ '1.1.8' ],
575 silly audit   'functions-have-names': [ '1.2.3' ],
575 silly audit   gensync: [ '1.0.0-beta.2' ],
575 silly audit   'get-symbol-description': [ '1.1.0' ],
575 silly audit   'function-bind': [ '1.1.2' ],
575 silly audit   'get-tsconfig': [ '4.13.0' ],
575 silly audit   'generator-function': [ '2.0.1' ],
575 silly audit   'file-entry-cache': [ '8.0.0' ],
575 silly audit   fastq: [ '1.19.1' ],
575 silly audit   graphemer: [ '1.4.0' ],
575 silly audit   gopd: [ '1.2.0' ],
575 silly audit   'graceful-fs': [ '4.2.11' ],
575 silly audit   'has-flag': [ '4.0.0' ],
575 silly audit   'get-intrinsic': [ '1.3.0' ],
575 silly audit   'has-property-descriptors': [ '1.0.2' ],
575 silly audit   globalthis: [ '1.0.4' ],
575 silly audit   'hermes-parser': [ '0.25.1' ],
575 silly audit   'has-symbols': [ '1.1.0' ],
575 silly audit   'get-proto': [ '1.0.1' ],
575 silly audit   'has-tostringtag': [ '1.0.2' ],
575 silly audit   hasown: [ '2.0.2' ],
575 silly audit   'hermes-estree': [ '0.25.1' ],
575 silly audit   'has-bigints': [ '1.1.0' ],
575 silly audit   imurmurhash: [ '0.1.4' ],
575 silly audit   'import-fresh': [ '3.3.1' ],
575 silly audit   ignore: [ '5.3.2', '7.0.5' ],
575 silly audit   'internal-slot': [ '1.1.0' ],
575 silly audit   'is-async-function': [ '2.1.1' ],
575 silly audit   'is-boolean-object': [ '1.2.2' ],
575 silly audit   'has-proto': [ '1.2.0' ],
575 silly audit   'is-bigint': [ '1.1.0' ],
575 silly audit   'is-bun-module': [ '2.0.0' ],
575 silly audit   semver: [ '7.7.3', '6.3.1' ],
575 silly audit   'is-date-object': [ '1.1.0' ],
575 silly audit   'is-data-view': [ '1.0.2' ],
575 silly audit   'is-core-module': [ '2.16.1' ],
575 silly audit   'is-callable': [ '1.2.7' ],
575 silly audit   'is-extglob': [ '2.1.1' ],
575 silly audit   'is-map': [ '2.0.3' ],
575 silly audit   'is-number': [ '7.0.0' ],
575 silly audit   'is-glob': [ '4.0.3' ],
575 silly audit   'is-finalizationregistry': [ '1.1.1' ],
575 silly audit   'is-generator-function': [ '1.1.2' ],
575 silly audit   'is-number-object': [ '1.1.1' ],
575 silly audit   'is-negative-zero': [ '2.0.3' ],
575 silly audit   'is-shared-array-buffer': [ '1.0.4' ],
575 silly audit   'is-string': [ '1.1.1' ],
575 silly audit   'is-set': [ '2.0.3' ],
575 silly audit   'is-regex': [ '1.2.1' ],
575 silly audit   'is-weakmap': [ '2.0.2' ],
575 silly audit   'is-symbol': [ '1.1.1' ],
575 silly audit   'is-weakset': [ '2.0.4' ],
575 silly audit   isarray: [ '2.0.5' ],
575 silly audit   isexe: [ '2.0.0' ],
575 silly audit   'is-array-buffer': [ '3.0.5' ],
575 silly audit   'is-weakref': [ '1.1.1' ],
575 silly audit   'is-typed-array': [ '1.1.15' ],
575 silly audit   'js-yaml': [ '4.1.1' ],
575 silly audit   'iterator.prototype': [ '1.1.5' ],
575 silly audit   jiti: [ '2.6.1' ],
575 silly audit   'js-tokens': [ '4.0.0' ],
575 silly audit   'json-buffer': [ '3.0.1' ],
575 silly audit   'json-stable-stringify-without-jsonify': [ '1.0.1' ],
575 silly audit   'json-schema-traverse': [ '0.4.1' ],
575 silly audit   'language-subtag-registry': [ '0.3.23' ],
575 silly audit   json5: [ '2.2.3', '1.0.2' ],
575 silly audit   jsesc: [ '3.1.0' ],
575 silly audit   'jsx-ast-utils': [ '3.3.5' ],
575 silly audit   keyv: [ '4.5.4' ],
575 silly audit   levn: [ '0.4.1' ],
575 silly audit   lightningcss: [ '1.30.2' ],
575 silly audit   'lightningcss-darwin-arm64': [ '1.30.2' ],
575 silly audit   'locate-path': [ '6.0.0' ],
575 silly audit   'language-tags': [ '1.0.9' ],
575 silly audit   'lodash.merge': [ '4.6.2' ],
575 silly audit   'loose-envify': [ '1.4.0' ],
575 silly audit   merge2: [ '1.4.1' ],
575 silly audit   'magic-string': [ '0.30.21' ],
575 silly audit   micromatch: [ '4.0.8' ],
575 silly audit   'lru-cache': [ '5.1.1' ],
575 silly audit   minimatch: [ '3.1.2', '9.0.5' ],
575 silly audit   'math-intrinsics': [ '1.1.0' ],
575 silly audit   nanoid: [ '3.3.11' ],
575 silly audit   minimist: [ '1.2.8' ],
575 silly audit   'napi-postinstall': [ '0.3.4' ],
575 silly audit   'natural-compare': [ '1.4.0' ],
575 silly audit   ms: [ '2.1.3' ],
575 silly audit   'node-releases': [ '2.0.27' ],
575 silly audit   'object-assign': [ '4.1.1' ],
575 silly audit   'object-keys': [ '1.1.1' ],
575 silly audit   'object-inspect': [ '1.13.4' ],
575 silly audit   next: [ '16.0.3' ],
575 silly audit   postcss: [ '8.4.31', '8.5.6' ],
575 silly audit   'object.assign': [ '4.1.7' ],
575 silly audit   'object.fromentries': [ '2.0.8' ],
575 silly audit   'object.entries': [ '1.1.9' ],
575 silly audit   'own-keys': [ '1.0.1' ],
575 silly audit   optionator: [ '0.9.4' ],
575 silly audit   'p-limit': [ '3.1.0' ],
575 silly audit   'object.values': [ '1.2.1' ],
575 silly audit   'parent-module': [ '1.0.1' ],
575 silly audit   'path-exists': [ '4.0.0' ],
575 silly audit   'path-key': [ '3.1.1' ],
575 silly audit   'path-parse': [ '1.0.7' ],
575 silly audit   'p-locate': [ '5.0.0' ],
575 silly audit   picomatch: [ '2.3.1', '4.0.3' ],
575 silly audit   'possible-typed-array-names': [ '1.1.0' ],
575 silly audit   picocolors: [ '1.1.1' ],
575 silly audit   'prelude-ls': [ '1.2.1' ],
575 silly audit   punycode: [ '2.3.1' ],
575 silly audit   'prop-types': [ '15.8.1' ],
575 silly audit   'queue-microtask': [ '1.2.3' ],
575 silly audit   'react-is': [ '16.13.1' ],
575 silly audit   react: [ '19.2.0' ],
575 silly audit   'reflect.getprototypeof': [ '1.0.10' ],
575 silly audit   'regexp.prototype.flags': [ '1.5.4' ],
575 silly audit   'react-dom': [ '19.2.0' ],
575 silly audit   'run-parallel': [ '1.2.0' ],
575 silly audit   'resolve-from': [ '4.0.0' ],
575 silly audit   'resolve-pkg-maps': [ '1.0.0' ],
575 silly audit   reusify: [ '1.1.0' ],
575 silly audit   scheduler: [ '0.27.0' ],
575 silly audit   'safe-array-concat': [ '1.1.3' ],
575 silly audit   'safe-push-apply': [ '1.0.0' ],
575 silly audit   'set-function-name': [ '2.0.2' ],
575 silly audit   'safe-regex-test': [ '1.1.0' ],
575 silly audit   'object.groupby': [ '1.0.3' ],
575 silly audit   'set-function-length': [ '1.2.2' ],
575 silly audit   sharp: [ '0.34.5' ],
575 silly audit   prisma: [ '5.22.0' ],
575 silly audit   'side-channel': [ '1.1.0' ],
575 silly audit   'side-channel-map': [ '1.0.1' ],
575 silly audit   'set-proto': [ '1.0.0' ],
575 silly audit   'side-channel-weakmap': [ '1.0.2' ],
575 silly audit   'shebang-command': [ '2.0.0' ],
575 silly audit   'source-map-js': [ '1.2.1' ],
575 silly audit   'stop-iteration-iterator': [ '1.1.0' ],
575 silly audit   'string.prototype.trim': [ '1.2.10' ],
575 silly audit   'stable-hash': [ '0.0.5' ],
575 silly audit   'shebang-regex': [ '3.0.0' ],
575 silly audit   'string.prototype.includes': [ '2.0.1' ],
575 silly audit   'string.prototype.matchall': [ '4.0.12' ],
575 silly audit   'string.prototype.trimend': [ '1.0.9' ],
575 silly audit   'side-channel-list': [ '1.0.0' ],
575 silly audit   'strip-bom': [ '3.0.0' ],
575 silly audit   'string.prototype.repeat': [ '1.0.0' ],
575 silly audit   'supports-preserve-symlinks-flag': [ '1.0.0' ],
575 silly audit   'string.prototype.trimstart': [ '1.0.8' ],
575 silly audit   'supports-color': [ '7.2.0' ],
575 silly audit   'strip-json-comments': [ '3.1.1' ],
575 silly audit   'to-regex-range': [ '5.0.1' ],
575 silly audit   tailwindcss: [ '4.1.17' ],
575 silly audit   tapable: [ '2.3.0' ],
575 silly audit   tinyglobby: [ '0.2.15' ],
575 silly audit   fdir: [ '6.5.0' ],
575 silly audit   'tsconfig-paths': [ '3.15.0' ],
575 silly audit   tslib: [ '2.8.1' ],
575 silly audit   'ts-api-utils': [ '2.1.0' ],
575 silly audit   'type-check': [ '0.4.0' ],
575 silly audit   'typed-array-buffer': [ '1.0.3' ],
575 silly audit   tsx: [ '4.20.6' ],
575 silly audit   'styled-jsx': [ '5.1.6' ],
575 silly audit   'typed-array-byte-offset': [ '1.0.4' ],
575 silly audit   'typed-array-length': [ '1.0.7' ],
575 silly audit   'typed-array-byte-length': [ '1.0.3' ],
575 silly audit   'unrs-resolver': [ '1.11.1' ],
575 silly audit   'update-browserslist-db': [ '1.1.4' ],
575 silly audit   'typescript-eslint': [ '8.47.0' ],
575 silly audit   'uri-js': [ '4.4.1' ],
575 silly audit   'unbox-primitive': [ '1.1.0' ],
575 silly audit   'undici-types': [ '6.21.0' ],
575 silly audit   'which-boxed-primitive': [ '1.1.1' ],
575 silly audit   'which-collection': [ '1.0.2' ],
575 silly audit   'which-builtin-type': [ '1.2.1' ],
575 silly audit   which: [ '2.0.2' ],
575 silly audit   'which-typed-array': [ '1.1.19' ],
575 silly audit   'word-wrap': [ '1.2.5' ],
575 silly audit   yallist: [ '3.1.1' ],
575 silly audit   'zod-validation-error': [ '4.0.2' ],
575 silly audit   'yocto-queue': [ '0.1.0' ],
575 silly audit   zod: [ '4.1.12' ],
575 silly audit   typescript: [ '5.9.3' ],
575 silly audit   '@babel/core': [ '7.28.5' ],
575 silly audit   '@babel/compat-data': [ '7.28.5' ],
575 silly audit   '@alloc/quick-lru': [ '5.2.0' ],
575 silly audit   '@babel/generator': [ '7.28.5' ],
575 silly audit   '@babel/code-frame': [ '7.27.1' ],
575 silly audit   '@babel/helper-globals': [ '7.28.0' ],
575 silly audit   '@babel/helper-module-transforms': [ '7.28.3' ],
575 silly audit   '@babel/helper-compilation-targets': [ '7.27.2' ],
575 silly audit   '@babel/helper-string-parser': [ '7.27.1' ],
575 silly audit   '@babel/helper-module-imports': [ '7.27.1' ],
575 silly audit   '@babel/parser': [ '7.28.5' ],
575 silly audit   '@babel/helpers': [ '7.28.4' ],
575 silly audit   '@babel/helper-validator-identifier': [ '7.28.5' ],
575 silly audit   '@babel/template': [ '7.27.2' ],
575 silly audit   '@emnapi/core': [ '1.7.1' ],
575 silly audit   '@babel/traverse': [ '7.28.5' ],
575 silly audit   '@babel/types': [ '7.28.5' ],
575 silly audit   '@babel/helper-validator-option': [ '7.27.1' ],
575 silly audit   '@emnapi/runtime': [ '1.7.1' ],
575 silly audit   '@emnapi/wasi-threads': [ '1.1.0' ],
575 silly audit   '@esbuild/darwin-arm64': [ '0.25.12' ],
575 silly audit   '@eslint/core': [ '0.17.0' ],
575 silly audit   '@eslint/eslintrc': [ '3.3.1' ],
575 silly audit   '@eslint/config-array': [ '0.21.1' ],
575 silly audit   '@eslint/config-helpers': [ '0.4.2' ],
575 silly audit   '@eslint/plugin-kit': [ '0.4.1' ],
575 silly audit   '@eslint/js': [ '9.39.1' ],
575 silly audit   '@eslint/object-schema': [ '2.1.7' ],
575 silly audit   '@humanfs/core': [ '0.19.1' ],
575 silly audit   '@eslint-community/eslint-utils': [ '4.9.0' ],
575 silly audit   '@humanwhocodes/module-importer': [ '1.0.1' ],
575 silly audit   '@eslint-community/regexpp': [ '4.12.2' ],
575 silly audit   '@humanwhocodes/retry': [ '0.4.3' ],
575 silly audit   '@img/sharp-libvips-darwin-arm64': [ '1.2.4' ],
575 silly audit   '@img/colour': [ '1.0.0' ],
575 silly audit   '@jridgewell/resolve-uri': [ '3.1.2' ],
575 silly audit   '@jridgewell/gen-mapping': [ '0.3.13' ],
575 silly audit   '@img/sharp-darwin-arm64': [ '0.34.5' ],
575 silly audit   '@jridgewell/remapping': [ '2.3.5' ],
575 silly audit   '@jridgewell/sourcemap-codec': [ '1.5.5' ],
575 silly audit   '@jridgewell/trace-mapping': [ '0.3.31' ],
575 silly audit   '@next/swc-darwin-arm64': [ '16.0.3' ],
575 silly audit   '@napi-rs/wasm-runtime': [ '0.2.12' ],
575 silly audit   '@next/eslint-plugin-next': [ '16.0.3' ],
575 silly audit   '@next/env': [ '16.0.3' ],
575 silly audit   '@nodelib/fs.walk': [ '1.2.8' ],
575 silly audit   '@nolyfill/is-core-module': [ '1.0.39' ],
575 silly audit   '@nodelib/fs.stat': [ '2.0.5' ],
575 silly audit   '@nodelib/fs.scandir': [ '2.1.5' ],
575 silly audit   '@prisma/debug': [ '5.22.0' ],
575 silly audit   '@prisma/engines': [ '5.22.0' ],
575 silly audit   '@prisma/engines-version': [ '5.22.0-44.605197351a3c8bdd595af2d2a9bc3025bca48ea2' ],
575 silly audit   '@tailwindcss/node': [ '4.1.17' ],
575 silly audit   '@tailwindcss/oxide': [ '4.1.17' ],
575 silly audit   '@prisma/client': [ '5.22.0' ],
575 silly audit   '@humanfs/node': [ '0.16.7' ],
575 silly audit   '@prisma/fetch-engine': [ '5.22.0' ],
575 silly audit   '@prisma/get-platform': [ '5.22.0' ],
575 silly audit   '@swc/helpers': [ '0.5.15' ],
575 silly audit   '@tailwindcss/oxide-darwin-arm64': [ '4.1.17' ],
575 silly audit   '@types/estree': [ '1.0.8' ],
575 silly audit   '@rtsao/scc': [ '1.1.0' ],
575 silly audit   '@tybys/wasm-util': [ '0.10.1' ],
575 silly audit   '@tailwindcss/postcss': [ '4.1.17' ],
575 silly audit   '@types/json-schema': [ '7.0.15' ],
575 silly audit   '@types/json5': [ '0.0.29' ],
575 silly audit   '@types/node': [ '20.19.25' ],
575 silly audit   '@types/react': [ '19.2.6' ],
575 silly audit   '@types/react-dom': [ '19.2.3' ],
575 silly audit   '@typescript-eslint/project-service': [ '8.47.0' ],
575 silly audit   '@typescript-eslint/eslint-plugin': [ '8.47.0' ],
575 silly audit   '@typescript-eslint/parser': [ '8.47.0' ],
575 silly audit   '@typescript-eslint/tsconfig-utils': [ '8.47.0' ],
575 silly audit   '@typescript-eslint/scope-manager': [ '8.47.0' ],
575 silly audit   '@typescript-eslint/type-utils': [ '8.47.0' ],
575 silly audit   '@typescript-eslint/typescript-estree': [ '8.47.0' ],
575 silly audit   '@typescript-eslint/types': [ '8.47.0' ],
575 silly audit   '@typescript-eslint/utils': [ '8.47.0' ],
575 silly audit   '@typescript-eslint/visitor-keys': [ '8.47.0' ],
575 silly audit   '@unrs/resolver-binding-darwin-arm64': [ '1.11.1' ],
575 silly audit   '@tailwindcss/oxide-android-arm64': [ '4.1.17' ],
575 silly audit   '@tailwindcss/oxide-darwin-x64': [ '4.1.17' ],
575 silly audit   '@tailwindcss/oxide-freebsd-x64': [ '4.1.17' ],
575 silly audit   '@tailwindcss/oxide-linux-arm-gnueabihf': [ '4.1.17' ],
575 silly audit   '@tailwindcss/oxide-linux-arm64-gnu': [ '4.1.17' ],
575 silly audit   '@tailwindcss/oxide-linux-arm64-musl': [ '4.1.17' ],
575 silly audit   '@tailwindcss/oxide-linux-x64-gnu': [ '4.1.17' ],
575 silly audit   '@tailwindcss/oxide-linux-x64-musl': [ '4.1.17' ],
575 silly audit   '@tailwindcss/oxide-win32-arm64-msvc': [ '4.1.17' ],
575 silly audit   '@tailwindcss/oxide-win32-x64-msvc': [ '4.1.17' ],
575 silly audit   '@esbuild/aix-ppc64': [ '0.25.12' ],
575 silly audit   '@esbuild/android-arm': [ '0.25.12' ],
575 silly audit   '@esbuild/android-arm64': [ '0.25.12' ],
575 silly audit   '@esbuild/android-x64': [ '0.25.12' ],
575 silly audit   '@esbuild/darwin-x64': [ '0.25.12' ],
575 silly audit   '@esbuild/freebsd-arm64': [ '0.25.12' ],
575 silly audit   '@esbuild/freebsd-x64': [ '0.25.12' ],
575 silly audit   '@esbuild/linux-arm': [ '0.25.12' ],
575 silly audit   '@esbuild/linux-arm64': [ '0.25.12' ],
575 silly audit   '@esbuild/linux-ia32': [ '0.25.12' ],
575 silly audit   '@esbuild/linux-loong64': [ '0.25.12' ],
575 silly audit   '@esbuild/linux-mips64el': [ '0.25.12' ],
575 silly audit   '@esbuild/linux-ppc64': [ '0.25.12' ],
575 silly audit   '@esbuild/linux-riscv64': [ '0.25.12' ],
575 silly audit   '@esbuild/linux-s390x': [ '0.25.12' ],
575 silly audit   '@esbuild/linux-x64': [ '0.25.12' ],
575 silly audit   '@esbuild/netbsd-arm64': [ '0.25.12' ],
575 silly audit   '@esbuild/netbsd-x64': [ '0.25.12' ],
575 silly audit   '@esbuild/openbsd-arm64': [ '0.25.12' ],
575 silly audit   '@esbuild/openbsd-x64': [ '0.25.12' ],
575 silly audit   '@esbuild/openharmony-arm64': [ '0.25.12' ],
575 silly audit   '@esbuild/sunos-x64': [ '0.25.12' ],
575 silly audit   '@esbuild/win32-arm64': [ '0.25.12' ],
575 silly audit   '@esbuild/win32-ia32': [ '0.25.12' ],
575 silly audit   '@esbuild/win32-x64': [ '0.25.12' ],
575 silly audit   'lightningcss-android-arm64': [ '1.30.2' ],
575 silly audit   'lightningcss-darwin-x64': [ '1.30.2' ],
575 silly audit   'lightningcss-freebsd-x64': [ '1.30.2' ],
575 silly audit   'lightningcss-linux-arm-gnueabihf': [ '1.30.2' ],
575 silly audit   'lightningcss-linux-arm64-gnu': [ '1.30.2' ],
575 silly audit   'lightningcss-linux-arm64-musl': [ '1.30.2' ],
575 silly audit   'lightningcss-linux-x64-gnu': [ '1.30.2' ],
575 silly audit   'lightningcss-linux-x64-musl': [ '1.30.2' ],
575 silly audit   'lightningcss-win32-arm64-msvc': [ '1.30.2' ],
575 silly audit   'lightningcss-win32-x64-msvc': [ '1.30.2' ],
575 silly audit   '@next/swc-darwin-x64': [ '16.0.3' ],
575 silly audit   '@next/swc-linux-arm64-gnu': [ '16.0.3' ],
575 silly audit   '@next/swc-linux-arm64-musl': [ '16.0.3' ],
575 silly audit   '@next/swc-linux-x64-gnu': [ '16.0.3' ],
575 silly audit   '@next/swc-linux-x64-musl': [ '16.0.3' ],
575 silly audit   '@next/swc-win32-arm64-msvc': [ '16.0.3' ],
575 silly audit   '@next/swc-win32-x64-msvc': [ '16.0.3' ],
575 silly audit   '@img/sharp-darwin-x64': [ '0.34.5' ],
575 silly audit   '@img/sharp-libvips-darwin-x64': [ '1.2.4' ],
575 silly audit   '@img/sharp-libvips-linux-arm': [ '1.2.4' ],
575 silly audit   '@img/sharp-libvips-linux-arm64': [ '1.2.4' ],
575 silly audit   '@img/sharp-libvips-linux-ppc64': [ '1.2.4' ],
575 silly audit   '@img/sharp-libvips-linux-riscv64': [ '1.2.4' ],
575 silly audit   '@img/sharp-libvips-linux-s390x': [ '1.2.4' ],
575 silly audit   '@img/sharp-libvips-linux-x64': [ '1.2.4' ],
575 silly audit   '@img/sharp-libvips-linuxmusl-arm64': [ '1.2.4' ],
575 silly audit   '@img/sharp-libvips-linuxmusl-x64': [ '1.2.4' ],
575 silly audit   '@img/sharp-linux-arm': [ '0.34.5' ],
575 silly audit   '@img/sharp-linux-arm64': [ '0.34.5' ],
575 silly audit   '@img/sharp-linux-ppc64': [ '0.34.5' ],
575 silly audit   '@img/sharp-linux-riscv64': [ '0.34.5' ],
575 silly audit   '@img/sharp-linux-s390x': [ '0.34.5' ],
575 silly audit   '@img/sharp-linux-x64': [ '0.34.5' ],
575 silly audit   '@img/sharp-linuxmusl-arm64': [ '0.34.5' ],
575 silly audit   '@img/sharp-linuxmusl-x64': [ '0.34.5' ],
575 silly audit   '@img/sharp-wasm32': [ '0.34.5' ],
575 silly audit   '@img/sharp-win32-arm64': [ '0.34.5' ],
575 silly audit   '@img/sharp-win32-ia32': [ '0.34.5' ],
575 silly audit   '@img/sharp-win32-x64': [ '0.34.5' ],
575 silly audit   '@unrs/resolver-binding-android-arm-eabi': [ '1.11.1' ],
575 silly audit   '@unrs/resolver-binding-android-arm64': [ '1.11.1' ],
575 silly audit   '@unrs/resolver-binding-darwin-x64': [ '1.11.1' ],
575 silly audit   '@unrs/resolver-binding-freebsd-x64': [ '1.11.1' ],
575 silly audit   '@unrs/resolver-binding-linux-arm-gnueabihf': [ '1.11.1' ],
575 silly audit   '@unrs/resolver-binding-linux-arm-musleabihf': [ '1.11.1' ],
575 silly audit   '@unrs/resolver-binding-linux-arm64-gnu': [ '1.11.1' ],
575 silly audit   '@unrs/resolver-binding-linux-arm64-musl': [ '1.11.1' ],
575 silly audit   '@unrs/resolver-binding-linux-ppc64-gnu': [ '1.11.1' ],
575 silly audit   '@unrs/resolver-binding-linux-riscv64-gnu': [ '1.11.1' ],
575 silly audit   '@unrs/resolver-binding-linux-riscv64-musl': [ '1.11.1' ],
575 silly audit   '@unrs/resolver-binding-linux-s390x-gnu': [ '1.11.1' ],
575 silly audit   '@unrs/resolver-binding-linux-x64-gnu': [ '1.11.1' ],
575 silly audit   '@unrs/resolver-binding-linux-x64-musl': [ '1.11.1' ],
575 silly audit   '@unrs/resolver-binding-wasm32-wasi': [ '1.11.1' ],
575 silly audit   '@unrs/resolver-binding-win32-arm64-msvc': [ '1.11.1' ],
575 silly audit   '@unrs/resolver-binding-win32-ia32-msvc': [ '1.11.1' ],
575 silly audit   '@unrs/resolver-binding-win32-x64-msvc': [ '1.11.1' ],
575 silly audit   '@tailwindcss/oxide-wasm32-wasi': [ '4.1.17' ]
575 silly audit }
576 verbose reify failed optional dependency /Users/k1zzle/Desktop/velou-shopping-assistant/node_modules/@tailwindcss/oxide/node_modules/@tailwindcss/oxide-win32-x64-msvc
577 silly reify mark deleted [
577 silly reify   '/Users/k1zzle/Desktop/velou-shopping-assistant/node_modules/@tailwindcss/oxide/node_modules/@tailwindcss/oxide-win32-x64-msvc'
577 silly reify ]
578 verbose reify failed optional dependency /Users/k1zzle/Desktop/velou-shopping-assistant/node_modules/@tailwindcss/oxide/node_modules/@tailwindcss/oxide-win32-arm64-msvc
579 silly reify mark deleted [
579 silly reify   '/Users/k1zzle/Desktop/velou-shopping-assistant/node_modules/@tailwindcss/oxide/node_modules/@tailwindcss/oxide-win32-arm64-msvc'
579 silly reify ]
580 verbose reify failed optional dependency /Users/k1zzle/Desktop/velou-shopping-assistant/node_modules/@tailwindcss/oxide/node_modules/@tailwindcss/oxide-linux-x64-musl
581 silly reify mark deleted [
581 silly reify   '/Users/k1zzle/Desktop/velou-shopping-assistant/node_modules/@tailwindcss/oxide/node_modules/@tailwindcss/oxide-linux-x64-musl'
581 silly reify ]
582 verbose reify failed optional dependency /Users/k1zzle/Desktop/velou-shopping-assistant/node_modules/@tailwindcss/oxide/node_modules/@tailwindcss/oxide-linux-x64-gnu
583 silly reify mark deleted [
583 silly reify   '/Users/k1zzle/Desktop/velou-shopping-assistant/node_modules/@tailwindcss/oxide/node_modules/@tailwindcss/oxide-linux-x64-gnu'
583 silly reify ]
584 verbose reify failed optional dependency /Users/k1zzle/Desktop/velou-shopping-assistant/node_modules/@tailwindcss/oxide/node_modules/@tailwindcss/oxide-linux-arm64-musl
585 silly reify mark deleted [
585 silly reify   '/Users/k1zzle/Desktop/velou-shopping-assistant/node_modules/@tailwindcss/oxide/node_modules/@tailwindcss/oxide-linux-arm64-musl'
585 silly reify ]
586 verbose reify failed optional dependency /Users/k1zzle/Desktop/velou-shopping-assistant/node_modules/@tailwindcss/oxide/node_modules/@tailwindcss/oxide-linux-arm64-gnu
587 silly reify mark deleted [
587 silly reify   '/Users/k1zzle/Desktop/velou-shopping-assistant/node_modules/@tailwindcss/oxide/node_modules/@tailwindcss/oxide-linux-arm64-gnu'
587 silly reify ]
588 verbose reify failed optional dependency /Users/k1zzle/Desktop/velou-shopping-assistant/node_modules/@tailwindcss/oxide/node_modules/@tailwindcss/oxide-linux-arm-gnueabihf
589 silly reify mark deleted [
589 silly reify   '/Users/k1zzle/Desktop/velou-shopping-assistant/node_modules/@tailwindcss/oxide/node_modules/@tailwindcss/oxide-linux-arm-gnueabihf'
589 silly reify ]
590 verbose reify failed optional dependency /Users/k1zzle/Desktop/velou-shopping-assistant/node_modules/@tailwindcss/oxide/node_modules/@tailwindcss/oxide-freebsd-x64
591 silly reify mark deleted [
591 silly reify   '/Users/k1zzle/Desktop/velou-shopping-assistant/node_modules/@tailwindcss/oxide/node_modules/@tailwindcss/oxide-freebsd-x64'
591 silly reify ]
592 verbose reify failed optional dependency /Users/k1zzle/Desktop/velou-shopping-assistant/node_modules/@tailwindcss/oxide/node_modules/@tailwindcss/oxide-darwin-x64
593 silly reify mark deleted [
593 silly reify   '/Users/k1zzle/Desktop/velou-shopping-assistant/node_modules/@tailwindcss/oxide/node_modules/@tailwindcss/oxide-darwin-x64'
593 silly reify ]
594 verbose reify failed optional dependency /Users/k1zzle/Desktop/velou-shopping-assistant/node_modules/@tailwindcss/oxide/node_modules/@tailwindcss/oxide-android-arm64
595 silly reify mark deleted [
595 silly reify   '/Users/k1zzle/Desktop/velou-shopping-assistant/node_modules/@tailwindcss/oxide/node_modules/@tailwindcss/oxide-android-arm64'
595 silly reify ]
596 verbose reify failed optional dependency /Users/k1zzle/Desktop/velou-shopping-assistant/node_modules/next/node_modules/@next/swc-win32-x64-msvc
597 silly reify mark deleted [
597 silly reify   '/Users/k1zzle/Desktop/velou-shopping-assistant/node_modules/next/node_modules/@next/swc-win32-x64-msvc'
597 silly reify ]
598 verbose reify failed optional dependency /Users/k1zzle/Desktop/velou-shopping-assistant/node_modules/next/node_modules/@next/swc-win32-arm64-msvc
599 silly reify mark deleted [
599 silly reify   '/Users/k1zzle/Desktop/velou-shopping-assistant/node_modules/next/node_modules/@next/swc-win32-arm64-msvc'
599 silly reify ]
600 verbose reify failed optional dependency /Users/k1zzle/Desktop/velou-shopping-assistant/node_modules/next/node_modules/@next/swc-linux-x64-musl
601 silly reify mark deleted [
601 silly reify   '/Users/k1zzle/Desktop/velou-shopping-assistant/node_modules/next/node_modules/@next/swc-linux-x64-musl'
601 silly reify ]
602 verbose reify failed optional dependency /Users/k1zzle/Desktop/velou-shopping-assistant/node_modules/next/node_modules/@next/swc-linux-x64-gnu
603 silly reify mark deleted [
603 silly reify   '/Users/k1zzle/Desktop/velou-shopping-assistant/node_modules/next/node_modules/@next/swc-linux-x64-gnu'
603 silly reify ]
604 verbose reify failed optional dependency /Users/k1zzle/Desktop/velou-shopping-assistant/node_modules/next/node_modules/@next/swc-linux-arm64-musl
605 silly reify mark deleted [
605 silly reify   '/Users/k1zzle/Desktop/velou-shopping-assistant/node_modules/next/node_modules/@next/swc-linux-arm64-musl'
605 silly reify ]
606 verbose reify failed optional dependency /Users/k1zzle/Desktop/velou-shopping-assistant/node_modules/next/node_modules/@next/swc-linux-arm64-gnu
607 silly reify mark deleted [
607 silly reify   '/Users/k1zzle/Desktop/velou-shopping-assistant/node_modules/next/node_modules/@next/swc-linux-arm64-gnu'
607 silly reify ]
608 verbose reify failed optional dependency /Users/k1zzle/Desktop/velou-shopping-assistant/node_modules/next/node_modules/@next/swc-darwin-x64
609 silly reify mark deleted [
609 silly reify   '/Users/k1zzle/Desktop/velou-shopping-assistant/node_modules/next/node_modules/@next/swc-darwin-x64'
609 silly reify ]
610 verbose reify failed optional dependency /Users/k1zzle/Desktop/velou-shopping-assistant/node_modules/unrs-resolver/node_modules/@unrs/resolver-binding-win32-x64-msvc
611 silly reify mark deleted [
611 silly reify   '/Users/k1zzle/Desktop/velou-shopping-assistant/node_modules/unrs-resolver/node_modules/@unrs/resolver-binding-win32-x64-msvc'
611 silly reify ]
612 verbose reify failed optional dependency /Users/k1zzle/Desktop/velou-shopping-assistant/node_modules/unrs-resolver/node_modules/@unrs/resolver-binding-win32-ia32-msvc
613 silly reify mark deleted [
613 silly reify   '/Users/k1zzle/Desktop/velou-shopping-assistant/node_modules/unrs-resolver/node_modules/@unrs/resolver-binding-win32-ia32-msvc'
613 silly reify ]
614 verbose reify failed optional dependency /Users/k1zzle/Desktop/velou-shopping-assistant/node_modules/unrs-resolver/node_modules/@unrs/resolver-binding-win32-arm64-msvc
615 silly reify mark deleted [
615 silly reify   '/Users/k1zzle/Desktop/velou-shopping-assistant/node_modules/unrs-resolver/node_modules/@unrs/resolver-binding-win32-arm64-msvc'
615 silly reify ]
616 verbose reify failed optional dependency /Users/k1zzle/Desktop/velou-shopping-assistant/node_modules/unrs-resolver/node_modules/@unrs/resolver-binding-wasm32-wasi
617 silly reify mark deleted [
617 silly reify   '/Users/k1zzle/Desktop/velou-shopping-assistant/node_modules/unrs-resolver/node_modules/@unrs/resolver-binding-wasm32-wasi'
617 silly reify ]
618 verbose reify failed optional dependency /Users/k1zzle/Desktop/velou-shopping-assistant/node_modules/unrs-resolver/node_modules/@unrs/resolver-binding-linux-x64-musl
619 silly reify mark deleted [
619 silly reify   '/Users/k1zzle/Desktop/velou-shopping-assistant/node_modules/unrs-resolver/node_modules/@unrs/resolver-binding-linux-x64-musl'
619 silly reify ]
620 verbose reify failed optional dependency /Users/k1zzle/Desktop/velou-shopping-assistant/node_modules/unrs-resolver/node_modules/@unrs/resolver-binding-linux-x64-gnu
621 silly reify mark deleted [
621 silly reify   '/Users/k1zzle/Desktop/velou-shopping-assistant/node_modules/unrs-resolver/node_modules/@unrs/resolver-binding-linux-x64-gnu'
621 silly reify ]
622 verbose reify failed optional dependency /Users/k1zzle/Desktop/velou-shopping-assistant/node_modules/unrs-resolver/node_modules/@unrs/resolver-binding-linux-s390x-gnu
623 silly reify mark deleted [
623 silly reify   '/Users/k1zzle/Desktop/velou-shopping-assistant/node_modules/unrs-resolver/node_modules/@unrs/resolver-binding-linux-s390x-gnu'
623 silly reify ]
624 verbose reify failed optional dependency /Users/k1zzle/Desktop/velou-shopping-assistant/node_modules/unrs-resolver/node_modules/@unrs/resolver-binding-linux-riscv64-musl
625 silly reify mark deleted [
625 silly reify   '/Users/k1zzle/Desktop/velou-shopping-assistant/node_modules/unrs-resolver/node_modules/@unrs/resolver-binding-linux-riscv64-musl'
625 silly reify ]
626 verbose reify failed optional dependency /Users/k1zzle/Desktop/velou-shopping-assistant/node_modules/unrs-resolver/node_modules/@unrs/resolver-binding-linux-riscv64-gnu
627 silly reify mark deleted [
627 silly reify   '/Users/k1zzle/Desktop/velou-shopping-assistant/node_modules/unrs-resolver/node_modules/@unrs/resolver-binding-linux-riscv64-gnu'
627 silly reify ]
628 verbose reify failed optional dependency /Users/k1zzle/Desktop/velou-shopping-assistant/node_modules/unrs-resolver/node_modules/@unrs/resolver-binding-linux-ppc64-gnu
629 silly reify mark deleted [
629 silly reify   '/Users/k1zzle/Desktop/velou-shopping-assistant/node_modules/unrs-resolver/node_modules/@unrs/resolver-binding-linux-ppc64-gnu'
629 silly reify ]
630 verbose reify failed optional dependency /Users/k1zzle/Desktop/velou-shopping-assistant/node_modules/unrs-resolver/node_modules/@unrs/resolver-binding-linux-arm64-musl
631 silly reify mark deleted [
631 silly reify   '/Users/k1zzle/Desktop/velou-shopping-assistant/node_modules/unrs-resolver/node_modules/@unrs/resolver-binding-linux-arm64-musl'
631 silly reify ]
632 verbose reify failed optional dependency /Users/k1zzle/Desktop/velou-shopping-assistant/node_modules/unrs-resolver/node_modules/@unrs/resolver-binding-linux-arm64-gnu
633 silly reify mark deleted [
633 silly reify   '/Users/k1zzle/Desktop/velou-shopping-assistant/node_modules/unrs-resolver/node_modules/@unrs/resolver-binding-linux-arm64-gnu'
633 silly reify ]
634 verbose reify failed optional dependency /Users/k1zzle/Desktop/velou-shopping-assistant/node_modules/unrs-resolver/node_modules/@unrs/resolver-binding-linux-arm-musleabihf
635 silly reify mark deleted [
635 silly reify   '/Users/k1zzle/Desktop/velou-shopping-assistant/node_modules/unrs-resolver/node_modules/@unrs/resolver-binding-linux-arm-musleabihf'
635 silly reify ]
636 verbose reify failed optional dependency /Users/k1zzle/Desktop/velou-shopping-assistant/node_modules/unrs-resolver/node_modules/@unrs/resolver-binding-linux-arm-gnueabihf
637 silly reify mark deleted [
637 silly reify   '/Users/k1zzle/Desktop/velou-shopping-assistant/node_modules/unrs-resolver/node_modules/@unrs/resolver-binding-linux-arm-gnueabihf'
637 silly reify ]
638 verbose reify failed optional dependency /Users/k1zzle/Desktop/velou-shopping-assistant/node_modules/unrs-resolver/node_modules/@unrs/resolver-binding-freebsd-x64
639 silly reify mark deleted [
639 silly reify   '/Users/k1zzle/Desktop/velou-shopping-assistant/node_modules/unrs-resolver/node_modules/@unrs/resolver-binding-freebsd-x64'
639 silly reify ]
640 verbose reify failed optional dependency /Users/k1zzle/Desktop/velou-shopping-assistant/node_modules/unrs-resolver/node_modules/@unrs/resolver-binding-darwin-x64
641 silly reify mark deleted [
641 silly reify   '/Users/k1zzle/Desktop/velou-shopping-assistant/node_modules/unrs-resolver/node_modules/@unrs/resolver-binding-darwin-x64'
641 silly reify ]
642 verbose reify failed optional dependency /Users/k1zzle/Desktop/velou-shopping-assistant/node_modules/unrs-resolver/node_modules/@unrs/resolver-binding-android-arm64
643 silly reify mark deleted [
643 silly reify   '/Users/k1zzle/Desktop/velou-shopping-assistant/node_modules/unrs-resolver/node_modules/@unrs/resolver-binding-android-arm64'
643 silly reify ]
644 verbose reify failed optional dependency /Users/k1zzle/Desktop/velou-shopping-assistant/node_modules/unrs-resolver/node_modules/@unrs/resolver-binding-android-arm-eabi
645 silly reify mark deleted [
645 silly reify   '/Users/k1zzle/Desktop/velou-shopping-assistant/node_modules/unrs-resolver/node_modules/@unrs/resolver-binding-android-arm-eabi'
645 silly reify ]
646 verbose reify failed optional dependency /Users/k1zzle/Desktop/velou-shopping-assistant/node_modules/sharp/node_modules/@img/sharp-win32-x64
647 silly reify mark deleted [
647 silly reify   '/Users/k1zzle/Desktop/velou-shopping-assistant/node_modules/sharp/node_modules/@img/sharp-win32-x64'
647 silly reify ]
648 verbose reify failed optional dependency /Users/k1zzle/Desktop/velou-shopping-assistant/node_modules/sharp/node_modules/@img/sharp-win32-ia32
649 silly reify mark deleted [
649 silly reify   '/Users/k1zzle/Desktop/velou-shopping-assistant/node_modules/sharp/node_modules/@img/sharp-win32-ia32'
649 silly reify ]
650 verbose reify failed optional dependency /Users/k1zzle/Desktop/velou-shopping-assistant/node_modules/sharp/node_modules/@img/sharp-win32-arm64
651 silly reify mark deleted [
651 silly reify   '/Users/k1zzle/Desktop/velou-shopping-assistant/node_modules/sharp/node_modules/@img/sharp-win32-arm64'
651 silly reify ]
652 verbose reify failed optional dependency /Users/k1zzle/Desktop/velou-shopping-assistant/node_modules/sharp/node_modules/@img/sharp-wasm32
653 silly reify mark deleted [
653 silly reify   '/Users/k1zzle/Desktop/velou-shopping-assistant/node_modules/sharp/node_modules/@img/sharp-wasm32'
653 silly reify ]
654 verbose reify failed optional dependency /Users/k1zzle/Desktop/velou-shopping-assistant/node_modules/sharp/node_modules/@img/sharp-linuxmusl-x64
655 silly reify mark deleted [
655 silly reify   '/Users/k1zzle/Desktop/velou-shopping-assistant/node_modules/sharp/node_modules/@img/sharp-linuxmusl-x64'
655 silly reify ]
656 verbose reify failed optional dependency /Users/k1zzle/Desktop/velou-shopping-assistant/node_modules/sharp/node_modules/@img/sharp-linuxmusl-arm64
657 silly reify mark deleted [
657 silly reify   '/Users/k1zzle/Desktop/velou-shopping-assistant/node_modules/sharp/node_modules/@img/sharp-linuxmusl-arm64'
657 silly reify ]
658 verbose reify failed optional dependency /Users/k1zzle/Desktop/velou-shopping-assistant/node_modules/sharp/node_modules/@img/sharp-linux-x64
659 silly reify mark deleted [
659 silly reify   '/Users/k1zzle/Desktop/velou-shopping-assistant/node_modules/sharp/node_modules/@img/sharp-linux-x64'
659 silly reify ]
660 verbose reify failed optional dependency /Users/k1zzle/Desktop/velou-shopping-assistant/node_modules/sharp/node_modules/@img/sharp-linux-s390x
661 silly reify mark deleted [
661 silly reify   '/Users/k1zzle/Desktop/velou-shopping-assistant/node_modules/sharp/node_modules/@img/sharp-linux-s390x'
661 silly reify ]
662 verbose reify failed optional dependency /Users/k1zzle/Desktop/velou-shopping-assistant/node_modules/sharp/node_modules/@img/sharp-linux-riscv64
663 silly reify mark deleted [
663 silly reify   '/Users/k1zzle/Desktop/velou-shopping-assistant/node_modules/sharp/node_modules/@img/sharp-linux-riscv64'
663 silly reify ]
664 verbose reify failed optional dependency /Users/k1zzle/Desktop/velou-shopping-assistant/node_modules/sharp/node_modules/@img/sharp-linux-ppc64
665 silly reify mark deleted [
665 silly reify   '/Users/k1zzle/Desktop/velou-shopping-assistant/node_modules/sharp/node_modules/@img/sharp-linux-ppc64'
665 silly reify ]
666 verbose reify failed optional dependency /Users/k1zzle/Desktop/velou-shopping-assistant/node_modules/sharp/node_modules/@img/sharp-linux-arm64
667 silly reify mark deleted [
667 silly reify   '/Users/k1zzle/Desktop/velou-shopping-assistant/node_modules/sharp/node_modules/@img/sharp-linux-arm64'
667 silly reify ]
668 verbose reify failed optional dependency /Users/k1zzle/Desktop/velou-shopping-assistant/node_modules/sharp/node_modules/@img/sharp-linux-arm
669 silly reify mark deleted [
669 silly reify   '/Users/k1zzle/Desktop/velou-shopping-assistant/node_modules/sharp/node_modules/@img/sharp-linux-arm'
669 silly reify ]
670 verbose reify failed optional dependency /Users/k1zzle/Desktop/velou-shopping-assistant/node_modules/sharp/node_modules/@img/sharp-libvips-linuxmusl-x64
671 silly reify mark deleted [
671 silly reify   '/Users/k1zzle/Desktop/velou-shopping-assistant/node_modules/sharp/node_modules/@img/sharp-libvips-linuxmusl-x64'
671 silly reify ]
672 verbose reify failed optional dependency /Users/k1zzle/Desktop/velou-shopping-assistant/node_modules/sharp/node_modules/@img/sharp-libvips-linuxmusl-arm64
673 silly reify mark deleted [
673 silly reify   '/Users/k1zzle/Desktop/velou-shopping-assistant/node_modules/sharp/node_modules/@img/sharp-libvips-linuxmusl-arm64'
673 silly reify ]
674 verbose reify failed optional dependency /Users/k1zzle/Desktop/velou-shopping-assistant/node_modules/sharp/node_modules/@img/sharp-libvips-linux-x64
675 silly reify mark deleted [
675 silly reify   '/Users/k1zzle/Desktop/velou-shopping-assistant/node_modules/sharp/node_modules/@img/sharp-libvips-linux-x64'
675 silly reify ]
676 verbose reify failed optional dependency /Users/k1zzle/Desktop/velou-shopping-assistant/node_modules/sharp/node_modules/@img/sharp-libvips-linux-s390x
677 silly reify mark deleted [
677 silly reify   '/Users/k1zzle/Desktop/velou-shopping-assistant/node_modules/sharp/node_modules/@img/sharp-libvips-linux-s390x'
677 silly reify ]
678 verbose reify failed optional dependency /Users/k1zzle/Desktop/velou-shopping-assistant/node_modules/sharp/node_modules/@img/sharp-libvips-linux-riscv64
679 silly reify mark deleted [
679 silly reify   '/Users/k1zzle/Desktop/velou-shopping-assistant/node_modules/sharp/node_modules/@img/sharp-libvips-linux-riscv64'
679 silly reify ]
680 verbose reify failed optional dependency /Users/k1zzle/Desktop/velou-shopping-assistant/node_modules/sharp/node_modules/@img/sharp-libvips-linux-ppc64
681 silly reify mark deleted [
681 silly reify   '/Users/k1zzle/Desktop/velou-shopping-assistant/node_modules/sharp/node_modules/@img/sharp-libvips-linux-ppc64'
681 silly reify ]
682 verbose reify failed optional dependency /Users/k1zzle/Desktop/velou-shopping-assistant/node_modules/sharp/node_modules/@img/sharp-libvips-linux-arm64
683 silly reify mark deleted [
683 silly reify   '/Users/k1zzle/Desktop/velou-shopping-assistant/node_modules/sharp/node_modules/@img/sharp-libvips-linux-arm64'
683 silly reify ]
684 verbose reify failed optional dependency /Users/k1zzle/Desktop/velou-shopping-assistant/node_modules/sharp/node_modules/@img/sharp-libvips-linux-arm
685 silly reify mark deleted [
685 silly reify   '/Users/k1zzle/Desktop/velou-shopping-assistant/node_modules/sharp/node_modules/@img/sharp-libvips-linux-arm'
685 silly reify ]
686 verbose reify failed optional dependency /Users/k1zzle/Desktop/velou-shopping-assistant/node_modules/sharp/node_modules/@img/sharp-libvips-darwin-x64
687 silly reify mark deleted [
687 silly reify   '/Users/k1zzle/Desktop/velou-shopping-assistant/node_modules/sharp/node_modules/@img/sharp-libvips-darwin-x64'
687 silly reify ]
688 verbose reify failed optional dependency /Users/k1zzle/Desktop/velou-shopping-assistant/node_modules/sharp/node_modules/@img/sharp-darwin-x64
689 silly reify mark deleted [
689 silly reify   '/Users/k1zzle/Desktop/velou-shopping-assistant/node_modules/sharp/node_modules/@img/sharp-darwin-x64'
689 silly reify ]
690 verbose reify failed optional dependency /Users/k1zzle/Desktop/velou-shopping-assistant/node_modules/lightningcss/node_modules/lightningcss-win32-x64-msvc
691 silly reify mark deleted [
691 silly reify   '/Users/k1zzle/Desktop/velou-shopping-assistant/node_modules/lightningcss/node_modules/lightningcss-win32-x64-msvc'
691 silly reify ]
692 verbose reify failed optional dependency /Users/k1zzle/Desktop/velou-shopping-assistant/node_modules/lightningcss/node_modules/lightningcss-win32-arm64-msvc
693 silly reify mark deleted [
693 silly reify   '/Users/k1zzle/Desktop/velou-shopping-assistant/node_modules/lightningcss/node_modules/lightningcss-win32-arm64-msvc'
693 silly reify ]
694 verbose reify failed optional dependency /Users/k1zzle/Desktop/velou-shopping-assistant/node_modules/lightningcss/node_modules/lightningcss-linux-x64-musl
695 silly reify mark deleted [
695 silly reify   '/Users/k1zzle/Desktop/velou-shopping-assistant/node_modules/lightningcss/node_modules/lightningcss-linux-x64-musl'
695 silly reify ]
696 verbose reify failed optional dependency /Users/k1zzle/Desktop/velou-shopping-assistant/node_modules/lightningcss/node_modules/lightningcss-linux-x64-gnu
697 silly reify mark deleted [
697 silly reify   '/Users/k1zzle/Desktop/velou-shopping-assistant/node_modules/lightningcss/node_modules/lightningcss-linux-x64-gnu'
697 silly reify ]
698 verbose reify failed optional dependency /Users/k1zzle/Desktop/velou-shopping-assistant/node_modules/lightningcss/node_modules/lightningcss-linux-arm64-musl
699 silly reify mark deleted [
699 silly reify   '/Users/k1zzle/Desktop/velou-shopping-assistant/node_modules/lightningcss/node_modules/lightningcss-linux-arm64-musl'
699 silly reify ]
700 verbose reify failed optional dependency /Users/k1zzle/Desktop/velou-shopping-assistant/node_modules/lightningcss/node_modules/lightningcss-linux-arm64-gnu
701 silly reify mark deleted [
701 silly reify   '/Users/k1zzle/Desktop/velou-shopping-assistant/node_modules/lightningcss/node_modules/lightningcss-linux-arm64-gnu'
701 silly reify ]
702 verbose reify failed optional dependency /Users/k1zzle/Desktop/velou-shopping-assistant/node_modules/lightningcss/node_modules/lightningcss-linux-arm-gnueabihf
703 silly reify mark deleted [
703 silly reify   '/Users/k1zzle/Desktop/velou-shopping-assistant/node_modules/lightningcss/node_modules/lightningcss-linux-arm-gnueabihf'
703 silly reify ]
704 verbose reify failed optional dependency /Users/k1zzle/Desktop/velou-shopping-assistant/node_modules/lightningcss/node_modules/lightningcss-freebsd-x64
705 silly reify mark deleted [
705 silly reify   '/Users/k1zzle/Desktop/velou-shopping-assistant/node_modules/lightningcss/node_modules/lightningcss-freebsd-x64'
705 silly reify ]
706 verbose reify failed optional dependency /Users/k1zzle/Desktop/velou-shopping-assistant/node_modules/lightningcss/node_modules/lightningcss-darwin-x64
707 silly reify mark deleted [
707 silly reify   '/Users/k1zzle/Desktop/velou-shopping-assistant/node_modules/lightningcss/node_modules/lightningcss-darwin-x64'
707 silly reify ]
708 verbose reify failed optional dependency /Users/k1zzle/Desktop/velou-shopping-assistant/node_modules/lightningcss/node_modules/lightningcss-android-arm64
709 silly reify mark deleted [
709 silly reify   '/Users/k1zzle/Desktop/velou-shopping-assistant/node_modules/lightningcss/node_modules/lightningcss-android-arm64'
709 silly reify ]
710 verbose reify failed optional dependency /Users/k1zzle/Desktop/velou-shopping-assistant/node_modules/esbuild/node_modules/@esbuild/win32-x64
711 silly reify mark deleted [
711 silly reify   '/Users/k1zzle/Desktop/velou-shopping-assistant/node_modules/esbuild/node_modules/@esbuild/win32-x64'
711 silly reify ]
712 verbose reify failed optional dependency /Users/k1zzle/Desktop/velou-shopping-assistant/node_modules/esbuild/node_modules/@esbuild/win32-ia32
713 silly reify mark deleted [
713 silly reify   '/Users/k1zzle/Desktop/velou-shopping-assistant/node_modules/esbuild/node_modules/@esbuild/win32-ia32'
713 silly reify ]
714 verbose reify failed optional dependency /Users/k1zzle/Desktop/velou-shopping-assistant/node_modules/esbuild/node_modules/@esbuild/win32-arm64
715 silly reify mark deleted [
715 silly reify   '/Users/k1zzle/Desktop/velou-shopping-assistant/node_modules/esbuild/node_modules/@esbuild/win32-arm64'
715 silly reify ]
716 verbose reify failed optional dependency /Users/k1zzle/Desktop/velou-shopping-assistant/node_modules/esbuild/node_modules/@esbuild/sunos-x64
717 silly reify mark deleted [
717 silly reify   '/Users/k1zzle/Desktop/velou-shopping-assistant/node_modules/esbuild/node_modules/@esbuild/sunos-x64'
717 silly reify ]
718 verbose reify failed optional dependency /Users/k1zzle/Desktop/velou-shopping-assistant/node_modules/esbuild/node_modules/@esbuild/openharmony-arm64
719 silly reify mark deleted [
719 silly reify   '/Users/k1zzle/Desktop/velou-shopping-assistant/node_modules/esbuild/node_modules/@esbuild/openharmony-arm64'
719 silly reify ]
720 verbose reify failed optional dependency /Users/k1zzle/Desktop/velou-shopping-assistant/node_modules/esbuild/node_modules/@esbuild/openbsd-x64
721 silly reify mark deleted [
721 silly reify   '/Users/k1zzle/Desktop/velou-shopping-assistant/node_modules/esbuild/node_modules/@esbuild/openbsd-x64'
721 silly reify ]
722 verbose reify failed optional dependency /Users/k1zzle/Desktop/velou-shopping-assistant/node_modules/esbuild/node_modules/@esbuild/openbsd-arm64
723 silly reify mark deleted [
723 silly reify   '/Users/k1zzle/Desktop/velou-shopping-assistant/node_modules/esbuild/node_modules/@esbuild/openbsd-arm64'
723 silly reify ]
724 verbose reify failed optional dependency /Users/k1zzle/Desktop/velou-shopping-assistant/node_modules/esbuild/node_modules/@esbuild/netbsd-x64
725 silly reify mark deleted [
725 silly reify   '/Users/k1zzle/Desktop/velou-shopping-assistant/node_modules/esbuild/node_modules/@esbuild/netbsd-x64'
725 silly reify ]
726 verbose reify failed optional dependency /Users/k1zzle/Desktop/velou-shopping-assistant/node_modules/esbuild/node_modules/@esbuild/netbsd-arm64
727 silly reify mark deleted [
727 silly reify   '/Users/k1zzle/Desktop/velou-shopping-assistant/node_modules/esbuild/node_modules/@esbuild/netbsd-arm64'
727 silly reify ]
728 verbose reify failed optional dependency /Users/k1zzle/Desktop/velou-shopping-assistant/node_modules/esbuild/node_modules/@esbuild/linux-x64
729 silly reify mark deleted [
729 silly reify   '/Users/k1zzle/Desktop/velou-shopping-assistant/node_modules/esbuild/node_modules/@esbuild/linux-x64'
729 silly reify ]
730 verbose reify failed optional dependency /Users/k1zzle/Desktop/velou-shopping-assistant/node_modules/esbuild/node_modules/@esbuild/linux-s390x
731 silly reify mark deleted [
731 silly reify   '/Users/k1zzle/Desktop/velou-shopping-assistant/node_modules/esbuild/node_modules/@esbuild/linux-s390x'
731 silly reify ]
732 verbose reify failed optional dependency /Users/k1zzle/Desktop/velou-shopping-assistant/node_modules/esbuild/node_modules/@esbuild/linux-riscv64
733 silly reify mark deleted [
733 silly reify   '/Users/k1zzle/Desktop/velou-shopping-assistant/node_modules/esbuild/node_modules/@esbuild/linux-riscv64'
733 silly reify ]
734 verbose reify failed optional dependency /Users/k1zzle/Desktop/velou-shopping-assistant/node_modules/esbuild/node_modules/@esbuild/linux-ppc64
735 silly reify mark deleted [
735 silly reify   '/Users/k1zzle/Desktop/velou-shopping-assistant/node_modules/esbuild/node_modules/@esbuild/linux-ppc64'
735 silly reify ]
736 verbose reify failed optional dependency /Users/k1zzle/Desktop/velou-shopping-assistant/node_modules/esbuild/node_modules/@esbuild/linux-mips64el
737 silly reify mark deleted [
737 silly reify   '/Users/k1zzle/Desktop/velou-shopping-assistant/node_modules/esbuild/node_modules/@esbuild/linux-mips64el'
737 silly reify ]
738 verbose reify failed optional dependency /Users/k1zzle/Desktop/velou-shopping-assistant/node_modules/esbuild/node_modules/@esbuild/linux-loong64
739 silly reify mark deleted [
739 silly reify   '/Users/k1zzle/Desktop/velou-shopping-assistant/node_modules/esbuild/node_modules/@esbuild/linux-loong64'
739 silly reify ]
740 verbose reify failed optional dependency /Users/k1zzle/Desktop/velou-shopping-assistant/node_modules/esbuild/node_modules/@esbuild/linux-ia32
741 silly reify mark deleted [
741 silly reify   '/Users/k1zzle/Desktop/velou-shopping-assistant/node_modules/esbuild/node_modules/@esbuild/linux-ia32'
741 silly reify ]
742 verbose reify failed optional dependency /Users/k1zzle/Desktop/velou-shopping-assistant/node_modules/esbuild/node_modules/@esbuild/linux-arm64
743 silly reify mark deleted [
743 silly reify   '/Users/k1zzle/Desktop/velou-shopping-assistant/node_modules/esbuild/node_modules/@esbuild/linux-arm64'
743 silly reify ]
744 verbose reify failed optional dependency /Users/k1zzle/Desktop/velou-shopping-assistant/node_modules/esbuild/node_modules/@esbuild/linux-arm
745 silly reify mark deleted [
745 silly reify   '/Users/k1zzle/Desktop/velou-shopping-assistant/node_modules/esbuild/node_modules/@esbuild/linux-arm'
745 silly reify ]
746 verbose reify failed optional dependency /Users/k1zzle/Desktop/velou-shopping-assistant/node_modules/esbuild/node_modules/@esbuild/freebsd-x64
747 silly reify mark deleted [
747 silly reify   '/Users/k1zzle/Desktop/velou-shopping-assistant/node_modules/esbuild/node_modules/@esbuild/freebsd-x64'
747 silly reify ]
748 verbose reify failed optional dependency /Users/k1zzle/Desktop/velou-shopping-assistant/node_modules/esbuild/node_modules/@esbuild/freebsd-arm64
749 silly reify mark deleted [
749 silly reify   '/Users/k1zzle/Desktop/velou-shopping-assistant/node_modules/esbuild/node_modules/@esbuild/freebsd-arm64'
749 silly reify ]
750 verbose reify failed optional dependency /Users/k1zzle/Desktop/velou-shopping-assistant/node_modules/esbuild/node_modules/@esbuild/darwin-x64
751 silly reify mark deleted [
751 silly reify   '/Users/k1zzle/Desktop/velou-shopping-assistant/node_modules/esbuild/node_modules/@esbuild/darwin-x64'
751 silly reify ]
752 verbose reify failed optional dependency /Users/k1zzle/Desktop/velou-shopping-assistant/node_modules/esbuild/node_modules/@esbuild/android-x64
753 silly reify mark deleted [
753 silly reify   '/Users/k1zzle/Desktop/velou-shopping-assistant/node_modules/esbuild/node_modules/@esbuild/android-x64'
753 silly reify ]
754 verbose reify failed optional dependency /Users/k1zzle/Desktop/velou-shopping-assistant/node_modules/esbuild/node_modules/@esbuild/android-arm64
755 silly reify mark deleted [
755 silly reify   '/Users/k1zzle/Desktop/velou-shopping-assistant/node_modules/esbuild/node_modules/@esbuild/android-arm64'
755 silly reify ]
756 verbose reify failed optional dependency /Users/k1zzle/Desktop/velou-shopping-assistant/node_modules/esbuild/node_modules/@esbuild/android-arm
757 silly reify mark deleted [
757 silly reify   '/Users/k1zzle/Desktop/velou-shopping-assistant/node_modules/esbuild/node_modules/@esbuild/android-arm'
757 silly reify ]
758 verbose reify failed optional dependency /Users/k1zzle/Desktop/velou-shopping-assistant/node_modules/esbuild/node_modules/@esbuild/aix-ppc64
759 silly reify mark deleted [
759 silly reify   '/Users/k1zzle/Desktop/velou-shopping-assistant/node_modules/esbuild/node_modules/@esbuild/aix-ppc64'
759 silly reify ]
760 http fetch POST 200 https://registry.npmjs.org/-/npm/v1/security/advisories/bulk 385ms
761 silly audit report {}
762 silly ADD
763 silly ADD
764 silly ADD
765 silly ADD
766 silly ADD
767 silly ADD
768 silly ADD
769 silly ADD
770 silly ADD
771 silly ADD
772 silly ADD
773 silly ADD
774 silly ADD
775 silly ADD
776 silly ADD
777 silly ADD
778 silly ADD
779 silly ADD
780 silly ADD
781 silly ADD
782 silly ADD
783 silly ADD
784 silly ADD
785 silly ADD
786 silly ADD
787 silly ADD
788 silly ADD
789 silly ADD
790 silly ADD
791 silly ADD
792 silly ADD
793 silly ADD
794 silly ADD
795 silly ADD
796 silly ADD
797 silly ADD
798 silly ADD
799 silly ADD
800 silly ADD
801 silly ADD
802 silly ADD
803 silly ADD
804 silly ADD
805 silly ADD
806 silly ADD
807 silly ADD
808 silly ADD
809 silly ADD
810 silly ADD
811 silly ADD
812 silly ADD
813 silly ADD
814 silly ADD
815 silly ADD
816 silly ADD
817 silly ADD
818 silly ADD
819 silly ADD
820 silly ADD
821 silly ADD
822 silly ADD
823 silly ADD
824 silly ADD
825 silly ADD
826 silly ADD
827 silly ADD
828 silly ADD
829 silly ADD
830 silly ADD
831 silly ADD
832 silly ADD
833 silly ADD
834 silly ADD
835 silly ADD
836 silly ADD
837 silly ADD
838 silly ADD
839 silly ADD
840 silly ADD
841 silly ADD
842 silly ADD
843 silly ADD
844 silly ADD
845 silly ADD
846 silly ADD
847 silly ADD
848 silly ADD
849 silly ADD
850 silly ADD
851 silly ADD
852 silly ADD
853 silly ADD
854 silly ADD
855 silly REMOVE node_modules/@unrs/resolver-binding-win32-x64-msvc
856 silly REMOVE node_modules/@unrs/resolver-binding-win32-ia32-msvc
857 silly REMOVE node_modules/@unrs/resolver-binding-win32-arm64-msvc
858 silly REMOVE node_modules/@unrs/resolver-binding-wasm32-wasi
859 silly REMOVE node_modules/@unrs/resolver-binding-linux-x64-musl
860 silly REMOVE node_modules/@unrs/resolver-binding-linux-x64-gnu
861 silly REMOVE node_modules/@unrs/resolver-binding-linux-s390x-gnu
862 silly REMOVE node_modules/@unrs/resolver-binding-linux-riscv64-musl
863 silly REMOVE node_modules/@unrs/resolver-binding-linux-riscv64-gnu
864 silly REMOVE node_modules/@unrs/resolver-binding-linux-ppc64-gnu
865 silly REMOVE node_modules/@unrs/resolver-binding-linux-arm64-musl
866 silly REMOVE node_modules/@unrs/resolver-binding-linux-arm64-gnu
867 silly REMOVE node_modules/@unrs/resolver-binding-linux-arm-musleabihf
868 silly REMOVE node_modules/@unrs/resolver-binding-linux-arm-gnueabihf
869 silly REMOVE node_modules/@unrs/resolver-binding-freebsd-x64
870 silly REMOVE node_modules/@unrs/resolver-binding-darwin-x64
871 silly REMOVE node_modules/@unrs/resolver-binding-android-arm64
872 silly REMOVE node_modules/@unrs/resolver-binding-android-arm-eabi
873 silly REMOVE node_modules/@tailwindcss/oxide-win32-x64-msvc
874 silly REMOVE node_modules/@tailwindcss/oxide-win32-arm64-msvc
875 silly REMOVE node_modules/@tailwindcss/oxide-wasm32-wasi
876 silly REMOVE node_modules/@tailwindcss/oxide-linux-x64-musl
877 silly REMOVE node_modules/@tailwindcss/oxide-linux-x64-gnu
878 silly REMOVE node_modules/@tailwindcss/oxide-linux-arm64-musl
879 silly REMOVE node_modules/@tailwindcss/oxide-linux-arm64-gnu
880 silly REMOVE node_modules/@tailwindcss/oxide-linux-arm-gnueabihf
881 silly REMOVE node_modules/@tailwindcss/oxide-freebsd-x64
882 silly REMOVE node_modules/@tailwindcss/oxide-darwin-x64
883 silly REMOVE node_modules/@tailwindcss/oxide-android-arm64
884 silly REMOVE node_modules/@next/swc-win32-x64-msvc
885 silly REMOVE node_modules/@next/swc-win32-arm64-msvc
886 silly REMOVE node_modules/@next/swc-linux-x64-musl
887 silly REMOVE node_modules/@next/swc-linux-x64-gnu
888 silly REMOVE node_modules/@next/swc-linux-arm64-musl
889 silly REMOVE node_modules/@next/swc-linux-arm64-gnu
890 silly REMOVE node_modules/@next/swc-darwin-x64
891 silly REMOVE node_modules/@img/sharp-win32-x64
892 silly REMOVE node_modules/@img/sharp-win32-ia32
893 silly REMOVE node_modules/@img/sharp-win32-arm64
894 silly REMOVE node_modules/@img/sharp-wasm32
895 silly REMOVE node_modules/@img/sharp-linuxmusl-x64
896 silly REMOVE node_modules/@img/sharp-linuxmusl-arm64
897 silly REMOVE node_modules/@img/sharp-linux-x64
898 silly REMOVE node_modules/@img/sharp-linux-s390x
899 silly REMOVE node_modules/@img/sharp-linux-riscv64
900 silly REMOVE node_modules/@img/sharp-linux-ppc64
901 silly REMOVE node_modules/@img/sharp-linux-arm64
902 silly REMOVE node_modules/@img/sharp-linux-arm
903 silly REMOVE node_modules/@img/sharp-libvips-linuxmusl-x64
904 silly REMOVE node_modules/@img/sharp-libvips-linuxmusl-arm64
905 silly REMOVE node_modules/@img/sharp-libvips-linux-x64
906 silly REMOVE node_modules/@img/sharp-libvips-linux-s390x
907 silly REMOVE node_modules/@img/sharp-libvips-linux-riscv64
908 silly REMOVE node_modules/@img/sharp-libvips-linux-ppc64
909 silly REMOVE node_modules/@img/sharp-libvips-linux-arm64
910 silly REMOVE node_modules/@img/sharp-libvips-linux-arm
911 silly REMOVE node_modules/@img/sharp-libvips-darwin-x64
912 silly REMOVE node_modules/@img/sharp-darwin-x64
913 silly REMOVE node_modules/@esbuild/win32-x64
914 silly REMOVE node_modules/@esbuild/win32-ia32
915 silly REMOVE node_modules/@esbuild/win32-arm64
916 silly REMOVE node_modules/@esbuild/sunos-x64
917 silly REMOVE node_modules/@esbuild/openharmony-arm64
918 silly REMOVE node_modules/@esbuild/openbsd-x64
919 silly REMOVE node_modules/@esbuild/openbsd-arm64
920 silly REMOVE node_modules/@esbuild/netbsd-x64
921 silly REMOVE node_modules/@esbuild/netbsd-arm64
922 silly REMOVE node_modules/@esbuild/linux-x64
923 silly REMOVE node_modules/@esbuild/linux-s390x
924 silly REMOVE node_modules/@esbuild/linux-riscv64
925 silly REMOVE node_modules/@esbuild/linux-ppc64
926 silly REMOVE node_modules/@esbuild/linux-mips64el
927 silly REMOVE node_modules/@esbuild/linux-loong64
928 silly REMOVE node_modules/@esbuild/linux-ia32
929 silly REMOVE node_modules/@esbuild/linux-arm64
930 silly REMOVE node_modules/@esbuild/linux-arm
931 silly REMOVE node_modules/@esbuild/freebsd-x64
932 silly REMOVE node_modules/@esbuild/freebsd-arm64
933 silly REMOVE node_modules/@esbuild/darwin-x64
934 silly REMOVE node_modules/@esbuild/android-x64
935 silly REMOVE node_modules/@esbuild/android-arm64
936 silly REMOVE node_modules/@esbuild/android-arm
937 silly REMOVE node_modules/@esbuild/aix-ppc64
938 silly REMOVE node_modules/lightningcss-win32-x64-msvc
939 silly REMOVE node_modules/lightningcss-win32-arm64-msvc
940 silly REMOVE node_modules/lightningcss-linux-x64-musl
941 silly REMOVE node_modules/lightningcss-linux-x64-gnu
942 silly REMOVE node_modules/lightningcss-linux-arm64-musl
943 silly REMOVE node_modules/lightningcss-linux-arm64-gnu
944 silly REMOVE node_modules/lightningcss-linux-arm-gnueabihf
945 silly REMOVE node_modules/lightningcss-freebsd-x64
946 silly REMOVE node_modules/lightningcss-darwin-x64
947 silly REMOVE node_modules/lightningcss-android-arm64
948 verbose cwd /Users/k1zzle/Desktop/velou-shopping-assistant
949 verbose os Darwin 24.5.0
950 verbose node v20.19.0
951 verbose npm  v10.8.2
952 verbose exit 0
953 info ok
